Age,BusinessTravel,DailyRate,Department,DistanceFromHome,Education,EducationField,EmployeeCount,EmployeeNumber,EnvironmentSatisfaction,Gender,HourlyRate,JobInvolvement,JobLevel,JobRole,JobSatisfaction,MaritalStatus,MonthlyIncome,MonthlyRate,NumCompaniesWorked,Over18,OverTime,PercentSalaryHike,PerformanceRating,RelationshipSatisfaction,StandardHours,StockOptionLevel,TotalWorkingYears,TrainingTimesLastYear,WorkLifeBalance,YearsAtCompany,YearsInCurrentRole,YearsSinceLastPromotion,YearsWithCurrManager,Attrition
41.0,2,1102.0,2,1.0,2.0,1,1.0,1.0,2.0,0,94.0,3.0,2.0,7,4.0,2,5993.0,19479.0,8.0,0,1,11.0,3.0,1.0,80.0,0.0,8.0,0.0,1.0,6.0,4.0,0.0,5.0,1
49.0,1,279.0,1,8.0,1.0,1,1.0,2.0,3.0,1,61.0,2.0,2.0,6,2.0,1,5130.0,24907.0,1.0,0,0,23.0,4.0,4.0,80.0,1.0,10.0,3.0,3.0,10.0,7.0,1.0,7.0,0
37.0,2,1373.0,1,2.0,2.0,4,1.0,4.0,4.0,1,92.0,2.0,1.0,2,3.0,2,2090.0,2396.0,6.0,0,1,15.0,3.0,2.0,80.0,0.0,7.0,3.0,3.0,0.0,0.0,0.0,0.0,1
33.0,1,1392.0,1,3.0,4.0,1,1.0,5.0,4.0,0,56.0,3.0,1.0,6,3.0,1,2909.0,23159.0,1.0,0,1,11.0,3.0,3.0,80.0,0.0,8.0,3.0,3.0,8.0,7.0,3.0,0.0,0
27.0,2,591.0,1,2.0,1.0,3,1.0,7.0,1.0,1,40.0,3.0,1.0,2,2.0,1,3468.0,16632.0,9.0,0,0,12.0,3.0,4.0,80.0,1.0,6.0,3.0,3.0,2.0,2.0,2.0,2.0,0
32.0,1,1005.0,1,2.0,2.0,1,1.0,8.0,4.0,1,79.0,3.0,1.0,2,4.0,2,3068.0,11864.0,0.0,0,0,13.0,3.0,3.0,80.0,0.0,8.0,2.0,2.0,7.0,7.0,3.0,6.0,0
59.0,2,1324.0,1,3.0,3.0,3,1.0,10.0,3.0,0,81.0,4.0,1.0,2,1.0,1,2670.0,9964.0,4.0,0,1,20.0,4.0,1.0,80.0,3.0,12.0,3.0,2.0,1.0,0.0,0.0,0.0,0
30.0,2,1358.0,1,24.0,1.0,1,1.0,11.0,4.0,1,67.0,3.0,1.0,2,3.0,0,2693.0,13335.0,1.0,0,0,22.0,4.0,2.0,80.0,1.0,1.0,2.0,3.0,1.0,0.0,0.0,0.0,0
38.0,1,216.0,1,23.0,3.0,1,1.0,12.0,4.0,1,44.0,2.0,3.0,4,3.0,2,9526.0,8787.0,0.0,0,0,21.0,4.0,2.0,80.0,0.0,10.0,2.0,3.0,9.0,7.0,1.0,8.0,0
36.0,2,1299.0,1,27.0,3.0,3,1.0,13.0,3.0,1,94.0,3.0,2.0,0,3.0,1,5237.0,16577.0,6.0,0,0,13.0,3.0,2.0,80.0,2.0,17.0,3.0,2.0,7.0,7.0,7.0,7.0,0
35.0,2,809.0,1,16.0,3.0,3,1.0,14.0,1.0,1,84.0,4.0,1.0,2,2.0,1,2426.0,16479.0,0.0,0,0,13.0,3.0,3.0,80.0,1.0,6.0,5.0,3.0,5.0,4.0,0.0,3.0,0
29.0,2,153.0,1,15.0,2.0,1,1.0,15.0,4.0,0,49.0,2.0,2.0,2,3.0,2,4193.0,12682.0,0.0,0,1,12.0,3.0,4.0,80.0,0.0,10.0,3.0,3.0,9.0,5.0,0.0,8.0,0
31.0,2,670.0,1,26.0,1.0,1,1.0,16.0,1.0,1,31.0,3.0,1.0,6,3.0,0,2911.0,15170.0,1.0,0,0,17.0,3.0,4.0,80.0,1.0,5.0,1.0,2.0,5.0,2.0,4.0,3.0,0
34.0,2,1346.0,1,19.0,2.0,3,1.0,18.0,2.0,1,93.0,3.0,1.0,2,4.0,0,2661.0,8758.0,0.0,0,0,11.0,3.0,3.0,80.0,1.0,3.0,2.0,3.0,2.0,2.0,1.0,2.0,0
28.0,2,103.0,1,24.0,3.0,1,1.0,19.0,3.0,1,50.0,2.0,1.0,2,3.0,2,2028.0,12947.0,5.0,0,1,14.0,3.0,2.0,80.0,0.0,6.0,4.0,3.0,4.0,2.0,0.0,3.0,1
29.0,2,1389.0,1,21.0,4.0,1,1.0,20.0,2.0,0,51.0,4.0,3.0,4,1.0,0,9980.0,10195.0,1.0,0,0,11.0,3.0,3.0,80.0,1.0,10.0,1.0,3.0,10.0,9.0,8.0,8.0,0
32.0,2,334.0,1,5.0,2.0,1,1.0,21.0,1.0,1,80.0,4.0,1.0,6,2.0,0,3298.0,15053.0,0.0,0,1,12.0,3.0,4.0,80.0,2.0,7.0,5.0,2.0,6.0,2.0,0.0,5.0,0
22.0,0,1123.0,1,16.0,2.0,3,1.0,22.0,4.0,1,96.0,4.0,1.0,2,4.0,0,2935.0,7324.0,1.0,0,1,13.0,3.0,2.0,80.0,2.0,1.0,2.0,2.0,1.0,0.0,0.0,0.0,0
53.0,2,1219.0,2,2.0,4.0,1,1.0,23.0,1.0,0,78.0,2.0,4.0,3,4.0,1,15427.0,22021.0,2.0,0,0,16.0,3.0,3.0,80.0,0.0,31.0,3.0,3.0,25.0,8.0,3.0,7.0,0
38.0,2,371.0,1,2.0,3.0,1,1.0,24.0,4.0,1,45.0,3.0,1.0,6,4.0,2,3944.0,4306.0,5.0,0,1,11.0,3.0,3.0,80.0,0.0,6.0,3.0,3.0,3.0,2.0,1.0,2.0,0
24.0,0,673.0,1,11.0,2.0,4,1.0,26.0,1.0,0,96.0,4.0,2.0,4,3.0,0,4011.0,8232.0,0.0,0,0,18.0,3.0,4.0,80.0,1.0,5.0,5.0,2.0,4.0,2.0,1.0,3.0,0
36.0,2,1218.0,2,9.0,4.0,1,1.0,27.0,3.0,1,82.0,2.0,1.0,8,1.0,2,3407.0,6986.0,7.0,0,0,23.0,4.0,2.0,80.0,0.0,10.0,4.0,3.0,5.0,3.0,0.0,3.0,1
34.0,2,419.0,1,7.0,4.0,1,1.0,28.0,1.0,0,53.0,3.0,3.0,5,2.0,2,11994.0,21293.0,0.0,0,0,11.0,3.0,3.0,80.0,0.0,13.0,4.0,3.0,12.0,6.0,2.0,11.0,0
21.0,2,391.0,1,15.0,2.0,1,1.0,30.0,3.0,1,96.0,3.0,1.0,6,4.0,2,1232.0,19281.0,1.0,0,0,14.0,3.0,4.0,80.0,0.0,0.0,6.0,3.0,0.0,0.0,0.0,0.0,0
34.0,2,699.0,1,6.0,1.0,3,1.0,31.0,2.0,1,83.0,3.0,1.0,6,1.0,2,2960.0,17102.0,2.0,0,0,11.0,3.0,3.0,80.0,0.0,8.0,2.0,3.0,4.0,2.0,1.0,3.0,1
53.0,2,1282.0,1,5.0,3.0,4,1.0,32.0,3.0,0,58.0,3.0,5.0,3,3.0,0,19094.0,10735.0,4.0,0,0,11.0,3.0,4.0,80.0,1.0,26.0,3.0,2.0,14.0,13.0,4.0,8.0,0
32.0,1,1125.0,1,16.0,1.0,1,1.0,33.0,2.0,0,72.0,1.0,1.0,6,1.0,2,3919.0,4681.0,1.0,0,1,22.0,4.0,2.0,80.0,0.0,10.0,5.0,3.0,10.0,2.0,6.0,7.0,1
42.0,2,691.0,2,8.0,4.0,2,1.0,35.0,3.0,1,48.0,3.0,2.0,7,2.0,1,6825.0,21173.0,0.0,0,0,11.0,3.0,4.0,80.0,1.0,10.0,2.0,3.0,9.0,7.0,4.0,2.0,0
44.0,2,477.0,1,7.0,4.0,3,1.0,36.0,1.0,0,42.0,2.0,3.0,0,4.0,1,10248.0,2094.0,3.0,0,0,14.0,3.0,4.0,80.0,1.0,24.0,4.0,3.0,22.0,6.0,5.0,17.0,0
46.0,2,705.0,2,2.0,4.0,2,1.0,38.0,2.0,0,83.0,3.0,5.0,3,1.0,2,18947.0,22822.0,3.0,0,0,12.0,3.0,4.0,80.0,0.0,22.0,2.0,2.0,2.0,2.0,2.0,1.0,0
33.0,2,924.0,1,2.0,3.0,3,1.0,39.0,3.0,1,78.0,3.0,1.0,2,4.0,2,2496.0,6670.0,4.0,0,0,11.0,3.0,4.0,80.0,0.0,7.0,3.0,3.0,1.0,1.0,0.0,0.0,0
44.0,2,1459.0,1,10.0,4.0,4,1.0,40.0,4.0,1,41.0,3.0,2.0,0,4.0,1,6465.0,19121.0,2.0,0,1,13.0,3.0,4.0,80.0,0.0,9.0,5.0,4.0,4.0,2.0,1.0,3.0,0
30.0,2,125.0,1,9.0,2.0,3,1.0,41.0,4.0,1,83.0,2.0,1.0,2,3.0,2,2206.0,16117.0,1.0,0,0,13.0,3.0,1.0,80.0,0.0,10.0,5.0,3.0,10.0,0.0,1.0,8.0,0
39.0,2,895.0,2,5.0,3.0,5,1.0,42.0,4.0,1,56.0,3.0,2.0,8,4.0,1,2086.0,3335.0,3.0,0,0,14.0,3.0,3.0,80.0,1.0,19.0,6.0,4.0,1.0,0.0,0.0,0.0,1
24.0,2,813.0,1,1.0,3.0,3,1.0,45.0,2.0,1,61.0,3.0,1.0,6,4.0,1,2293.0,3020.0,2.0,0,1,16.0,3.0,1.0,80.0,1.0,6.0,2.0,2.0,2.0,0.0,2.0,0.0,1
43.0,2,1273.0,1,2.0,2.0,3,1.0,46.0,4.0,0,72.0,4.0,1.0,6,3.0,0,2645.0,21923.0,1.0,0,0,12.0,3.0,4.0,80.0,2.0,6.0,3.0,2.0,5.0,3.0,1.0,4.0,0
50.0,2,869.0,2,3.0,2.0,2,1.0,47.0,1.0,1,86.0,2.0,1.0,8,3.0,1,2683.0,3810.0,1.0,0,1,14.0,3.0,3.0,80.0,0.0,3.0,2.0,3.0,3.0,2.0,0.0,2.0,1
35.0,2,890.0,2,2.0,3.0,2,1.0,49.0,4.0,0,97.0,3.0,1.0,8,4.0,1,2014.0,9687.0,1.0,0,0,13.0,3.0,1.0,80.0,0.0,2.0,3.0,3.0,2.0,2.0,2.0,2.0,0
36.0,2,852.0,1,5.0,4.0,1,1.0,51.0,2.0,0,82.0,2.0,1.0,6,1.0,1,3419.0,13072.0,9.0,0,1,14.0,3.0,4.0,80.0,1.0,6.0,3.0,4.0,1.0,1.0,0.0,0.0,0
33.0,1,1141.0,2,1.0,3.0,1,1.0,52.0,3.0,0,42.0,4.0,2.0,7,1.0,1,5376.0,3193.0,2.0,0,0,19.0,3.0,1.0,80.0,2.0,10.0,3.0,3.0,5.0,3.0,1.0,3.0,0
35.0,2,464.0,1,4.0,2.0,4,1.0,53.0,3.0,1,75.0,3.0,1.0,2,4.0,0,1951.0,10910.0,1.0,0,0,12.0,3.0,3.0,80.0,1.0,1.0,3.0,3.0,1.0,0.0,0.0,0.0,0
27.0,2,1240.0,1,2.0,4.0,1,1.0,54.0,4.0,0,33.0,3.0,1.0,2,1.0,0,2341.0,19715.0,1.0,0,0,13.0,3.0,4.0,80.0,1.0,1.0,6.0,3.0,1.0,0.0,0.0,0.0,0
26.0,2,1357.0,1,25.0,3.0,1,1.0,55.0,1.0,1,48.0,1.0,1.0,2,3.0,2,2293.0,10558.0,1.0,0,0,12.0,3.0,3.0,80.0,0.0,1.0,2.0,2.0,1.0,0.0,0.0,1.0,1
27.0,1,994.0,2,8.0,3.0,1,1.0,56.0,4.0,1,37.0,3.0,3.0,7,3.0,2,8726.0,2975.0,1.0,0,0,15.0,3.0,4.0,80.0,0.0,9.0,0.0,3.0,9.0,8.0,1.0,7.0,0
30.0,1,721.0,1,1.0,2.0,3,1.0,57.0,3.0,0,58.0,3.0,2.0,2,4.0,2,4011.0,10781.0,1.0,0,0,23.0,4.0,4.0,80.0,0.0,12.0,2.0,3.0,12.0,8.0,3.0,7.0,0
41.0,2,1360.0,1,12.0,3.0,5,1.0,58.0,2.0,0,49.0,3.0,5.0,5,3.0,1,19545.0,16280.0,1.0,0,0,12.0,3.0,4.0,80.0,0.0,23.0,0.0,3.0,22.0,15.0,15.0,8.0,1
34.0,0,1065.0,2,23.0,4.0,2,1.0,60.0,2.0,1,72.0,3.0,2.0,7,3.0,2,4568.0,10034.0,0.0,0,0,20.0,4.0,3.0,80.0,0.0,10.0,2.0,3.0,9.0,5.0,8.0,7.0,0
37.0,2,408.0,1,19.0,2.0,1,1.0,61.0,2.0,1,73.0,3.0,1.0,6,2.0,1,3022.0,10227.0,4.0,0,0,21.0,4.0,1.0,80.0,0.0,8.0,1.0,3.0,1.0,0.0,0.0,0.0,0
46.0,1,1211.0,2,5.0,4.0,2,1.0,62.0,1.0,1,98.0,3.0,2.0,7,4.0,2,5772.0,20445.0,4.0,0,1,21.0,4.0,3.0,80.0,0.0,14.0,4.0,3.0,9.0,6.0,0.0,8.0,0
35.0,2,1229.0,1,8.0,1.0,1,1.0,63.0,4.0,1,36.0,4.0,1.0,2,4.0,1,2269.0,4892.0,1.0,0,0,19.0,3.0,4.0,80.0,0.0,1.0,2.0,3.0,1.0,0.0,0.0,1.0,0
48.0,2,626.0,1,1.0,2.0,1,1.0,64.0,1.0,1,98.0,2.0,3.0,2,3.0,2,5381.0,19294.0,9.0,0,1,13.0,3.0,4.0,80.0,0.0,23.0,2.0,3.0,1.0,0.0,0.0,0.0,1
28.0,2,1434.0,1,5.0,4.0,5,1.0,65.0,3.0,1,50.0,3.0,1.0,2,3.0,2,3441.0,11179.0,1.0,0,1,13.0,3.0,3.0,80.0,0.0,2.0,3.0,2.0,2.0,2.0,2.0,2.0,1
44.0,2,1488.0,2,1.0,5.0,2,1.0,68.0,2.0,0,75.0,3.0,2.0,7,1.0,0,5454.0,4009.0,5.0,0,1,21.0,4.0,3.0,80.0,1.0,9.0,2.0,2.0,4.0,3.0,1.0,3.0,0
35.0,0,1097.0,1,11.0,2.0,3,1.0,70.0,3.0,1,79.0,2.0,3.0,0,1.0,1,9884.0,8302.0,2.0,0,1,13.0,3.0,3.0,80.0,1.0,10.0,3.0,3.0,4.0,0.0,2.0,3.0,0
26.0,2,1443.0,2,23.0,3.0,2,1.0,72.0,3.0,0,47.0,2.0,2.0,7,4.0,1,4157.0,21436.0,7.0,0,1,19.0,3.0,3.0,80.0,1.0,5.0,2.0,2.0,2.0,2.0,0.0,0.0,0
33.0,1,515.0,1,1.0,2.0,1,1.0,73.0,1.0,0,98.0,3.0,3.0,5,4.0,2,13458.0,15146.0,1.0,0,1,12.0,3.0,3.0,80.0,0.0,15.0,1.0,3.0,15.0,14.0,8.0,12.0,0
35.0,1,853.0,2,18.0,5.0,1,1.0,74.0,2.0,1,71.0,3.0,3.0,7,1.0,1,9069.0,11031.0,1.0,0,0,22.0,4.0,4.0,80.0,1.0,9.0,3.0,2.0,9.0,8.0,1.0,8.0,0
35.0,2,1142.0,1,23.0,4.0,3,1.0,75.0,3.0,0,30.0,3.0,1.0,2,1.0,1,4014.0,16002.0,3.0,0,1,15.0,3.0,3.0,80.0,1.0,4.0,3.0,3.0,2.0,2.0,2.0,2.0,0
31.0,2,655.0,1,7.0,4.0,1,1.0,76.0,4.0,1,48.0,3.0,2.0,2,4.0,0,5915.0,9528.0,3.0,0,0,22.0,4.0,4.0,80.0,1.0,10.0,3.0,2.0,7.0,7.0,1.0,7.0,0
37.0,2,1115.0,1,1.0,4.0,1,1.0,77.0,1.0,1,51.0,2.0,2.0,4,3.0,0,5993.0,2689.0,1.0,0,0,18.0,3.0,3.0,80.0,1.0,7.0,2.0,4.0,7.0,5.0,0.0,7.0,0
32.0,2,427.0,1,1.0,3.0,3,1.0,78.0,1.0,1,33.0,3.0,2.0,4,4.0,1,6162.0,10877.0,1.0,0,1,22.0,4.0,2.0,80.0,1.0,9.0,3.0,3.0,9.0,8.0,7.0,8.0,0
38.0,1,653.0,1,29.0,5.0,1,1.0,79.0,4.0,0,50.0,3.0,2.0,2,4.0,2,2406.0,5456.0,1.0,0,0,11.0,3.0,4.0,80.0,0.0,10.0,2.0,3.0,10.0,3.0,9.0,9.0,0
50.0,2,989.0,1,7.0,2.0,3,1.0,80.0,2.0,0,43.0,2.0,5.0,5,3.0,0,18740.0,16701.0,5.0,0,1,12.0,3.0,4.0,80.0,1.0,29.0,2.0,2.0,27.0,3.0,13.0,8.0,0
59.0,2,1435.0,2,25.0,3.0,1,1.0,81.0,1.0,0,99.0,3.0,3.0,7,1.0,2,7637.0,2354.0,7.0,0,0,11.0,3.0,4.0,80.0,0.0,28.0,3.0,2.0,21.0,16.0,7.0,9.0,0
36.0,2,1223.0,1,8.0,3.0,5,1.0,83.0,3.0,0,59.0,3.0,3.0,0,3.0,0,10096.0,8202.0,1.0,0,0,13.0,3.0,2.0,80.0,3.0,17.0,2.0,3.0,17.0,14.0,12.0,8.0,0
55.0,2,836.0,1,8.0,3.0,3,1.0,84.0,4.0,0,33.0,3.0,4.0,3,3.0,0,14756.0,19730.0,2.0,0,1,14.0,3.0,3.0,80.0,3.0,21.0,2.0,3.0,5.0,0.0,0.0,2.0,0
36.0,1,1195.0,1,11.0,3.0,1,1.0,85.0,2.0,1,95.0,2.0,2.0,4,2.0,2,6499.0,22656.0,1.0,0,0,13.0,3.0,3.0,80.0,0.0,6.0,3.0,3.0,6.0,5.0,0.0,3.0,0
45.0,2,1339.0,1,7.0,3.0,1,1.0,86.0,2.0,1,59.0,3.0,3.0,6,1.0,0,9724.0,18787.0,2.0,0,0,17.0,3.0,3.0,80.0,1.0,25.0,2.0,3.0,1.0,0.0,0.0,0.0,0
35.0,1,664.0,1,1.0,3.0,3,1.0,88.0,2.0,1,79.0,3.0,1.0,6,1.0,1,2194.0,5868.0,4.0,0,0,13.0,3.0,4.0,80.0,1.0,5.0,2.0,2.0,3.0,2.0,1.0,2.0,0
36.0,2,318.0,1,9.0,3.0,3,1.0,90.0,4.0,1,79.0,2.0,1.0,6,3.0,1,3388.0,21777.0,0.0,0,1,17.0,3.0,1.0,80.0,1.0,2.0,0.0,2.0,1.0,0.0,0.0,0.0,1
59.0,1,1225.0,2,1.0,1.0,1,1.0,91.0,1.0,0,57.0,2.0,2.0,7,3.0,2,5473.0,24668.0,7.0,0,0,11.0,3.0,4.0,80.0,0.0,20.0,2.0,2.0,4.0,3.0,1.0,3.0,0
29.0,2,1328.0,1,2.0,3.0,1,1.0,94.0,3.0,1,76.0,3.0,1.0,6,2.0,1,2703.0,4956.0,0.0,0,0,23.0,4.0,4.0,80.0,1.0,6.0,3.0,3.0,5.0,4.0,0.0,4.0,0
31.0,2,1082.0,1,1.0,4.0,3,1.0,95.0,3.0,1,87.0,3.0,1.0,6,2.0,2,2501.0,18775.0,1.0,0,0,17.0,3.0,2.0,80.0,0.0,1.0,4.0,3.0,1.0,1.0,1.0,0.0,0
32.0,2,548.0,1,1.0,3.0,1,1.0,96.0,2.0,1,66.0,3.0,2.0,6,2.0,1,6220.0,7346.0,1.0,0,0,17.0,3.0,2.0,80.0,2.0,10.0,3.0,3.0,10.0,4.0,0.0,9.0,0
36.0,2,132.0,1,6.0,3.0,1,1.0,97.0,2.0,0,55.0,4.0,1.0,2,4.0,1,3038.0,22002.0,3.0,0,0,12.0,3.0,2.0,80.0,0.0,5.0,3.0,3.0,1.0,0.0,0.0,0.0,0
31.0,2,746.0,1,8.0,4.0,1,1.0,98.0,3.0,0,61.0,3.0,2.0,4,4.0,2,4424.0,20682.0,1.0,0,0,23.0,4.0,4.0,80.0,0.0,11.0,2.0,3.0,11.0,7.0,1.0,8.0,0
35.0,2,776.0,2,1.0,4.0,2,1.0,100.0,3.0,1,32.0,2.0,2.0,7,1.0,2,4312.0,23016.0,0.0,0,0,14.0,3.0,2.0,80.0,0.0,16.0,2.0,3.0,15.0,13.0,2.0,8.0,0
45.0,2,193.0,1,6.0,4.0,4,1.0,101.0,4.0,1,52.0,3.0,3.0,5,1.0,1,13245.0,15067.0,4.0,0,1,14.0,3.0,2.0,80.0,0.0,17.0,3.0,4.0,0.0,0.0,0.0,0.0,0
37.0,2,397.0,1,7.0,4.0,3,1.0,102.0,1.0,1,30.0,3.0,3.0,5,3.0,2,13664.0,25258.0,4.0,0,0,13.0,3.0,1.0,80.0,0.0,16.0,3.0,4.0,5.0,2.0,0.0,2.0,0
46.0,2,945.0,0,5.0,2.0,3,1.0,103.0,2.0,1,80.0,3.0,2.0,1,2.0,0,5021.0,10425.0,8.0,0,1,22.0,4.0,4.0,80.0,1.0,16.0,2.0,3.0,4.0,2.0,0.0,2.0,0
30.0,2,852.0,1,1.0,1.0,1,1.0,104.0,4.0,1,55.0,2.0,2.0,2,4.0,1,5126.0,15998.0,1.0,0,1,12.0,3.0,3.0,80.0,2.0,10.0,1.0,2.0,10.0,8.0,3.0,0.0,0
35.0,2,1214.0,1,1.0,3.0,3,1.0,105.0,2.0,1,30.0,2.0,1.0,6,3.0,2,2859.0,26278.0,1.0,0,0,18.0,3.0,1.0,80.0,0.0,6.0,3.0,3.0,6.0,4.0,0.0,4.0,0
55.0,2,111.0,2,1.0,2.0,1,1.0,106.0,1.0,1,70.0,3.0,3.0,7,4.0,1,10239.0,18092.0,3.0,0,0,14.0,3.0,4.0,80.0,1.0,24.0,4.0,3.0,1.0,0.0,1.0,0.0,0
38.0,0,573.0,1,6.0,3.0,3,1.0,107.0,2.0,0,79.0,1.0,2.0,6,4.0,0,5329.0,15717.0,7.0,0,1,12.0,3.0,4.0,80.0,3.0,17.0,3.0,3.0,13.0,11.0,1.0,9.0,0
34.0,2,1153.0,1,1.0,2.0,3,1.0,110.0,1.0,1,94.0,3.0,2.0,4,2.0,1,4325.0,17736.0,1.0,0,0,15.0,3.0,3.0,80.0,0.0,5.0,2.0,3.0,5.0,2.0,1.0,3.0,0
56.0,2,1400.0,1,7.0,3.0,1,1.0,112.0,4.0,1,49.0,1.0,3.0,4,4.0,2,7260.0,21698.0,4.0,0,0,11.0,3.0,1.0,80.0,0.0,37.0,3.0,2.0,6.0,4.0,0.0,2.0,0
23.0,2,541.0,2,2.0,1.0,5,1.0,113.0,3.0,1,62.0,3.0,1.0,8,1.0,0,2322.0,9518.0,3.0,0,0,13.0,3.0,3.0,80.0,1.0,3.0,3.0,3.0,0.0,0.0,0.0,0.0,0
51.0,2,432.0,1,9.0,4.0,1,1.0,116.0,4.0,1,96.0,3.0,1.0,2,4.0,1,2075.0,18725.0,3.0,0,0,23.0,4.0,2.0,80.0,2.0,10.0,4.0,3.0,4.0,2.0,0.0,3.0,0
30.0,2,288.0,1,2.0,3.0,1,1.0,117.0,3.0,1,99.0,2.0,2.0,0,4.0,1,4152.0,15830.0,1.0,0,0,19.0,3.0,1.0,80.0,3.0,11.0,3.0,3.0,11.0,10.0,10.0,8.0,0
46.0,2,669.0,2,9.0,2.0,3,1.0,118.0,3.0,1,64.0,2.0,3.0,7,4.0,2,9619.0,13596.0,1.0,0,0,16.0,3.0,4.0,80.0,0.0,9.0,3.0,3.0,9.0,8.0,4.0,7.0,1
40.0,1,530.0,1,1.0,4.0,1,1.0,119.0,3.0,1,78.0,2.0,4.0,0,2.0,1,13503.0,14115.0,1.0,0,0,22.0,4.0,4.0,80.0,1.0,22.0,3.0,2.0,22.0,3.0,11.0,11.0,0
51.0,2,632.0,2,21.0,4.0,2,1.0,120.0,3.0,1,71.0,3.0,2.0,7,4.0,2,5441.0,8423.0,0.0,0,1,22.0,4.0,4.0,80.0,0.0,11.0,2.0,1.0,10.0,7.0,1.0,0.0,0
30.0,2,1334.0,2,4.0,2.0,3,1.0,121.0,3.0,0,63.0,2.0,2.0,7,2.0,0,5209.0,19760.0,1.0,0,1,12.0,3.0,2.0,80.0,3.0,11.0,4.0,2.0,11.0,8.0,2.0,7.0,0
46.0,1,638.0,1,1.0,3.0,3,1.0,124.0,3.0,1,40.0,2.0,3.0,0,1.0,1,10673.0,3142.0,2.0,0,1,13.0,3.0,3.0,80.0,1.0,21.0,5.0,2.0,10.0,9.0,9.0,5.0,0
32.0,2,1093.0,2,6.0,4.0,3,1.0,125.0,2.0,1,87.0,3.0,2.0,7,3.0,2,5010.0,24301.0,1.0,0,0,16.0,3.0,1.0,80.0,0.0,12.0,0.0,3.0,11.0,8.0,5.0,7.0,0
54.0,2,1217.0,1,2.0,4.0,5,1.0,126.0,1.0,0,60.0,3.0,3.0,5,3.0,1,13549.0,24001.0,9.0,0,0,12.0,3.0,1.0,80.0,1.0,16.0,5.0,1.0,4.0,3.0,0.0,3.0,0
24.0,2,1353.0,2,3.0,2.0,4,1.0,128.0,1.0,0,33.0,3.0,2.0,7,3.0,1,4999.0,17519.0,0.0,0,0,21.0,4.0,1.0,80.0,1.0,4.0,2.0,2.0,3.0,2.0,0.0,2.0,0
28.0,0,120.0,2,4.0,3.0,3,1.0,129.0,2.0,1,43.0,3.0,2.0,7,3.0,1,4221.0,8863.0,1.0,0,0,15.0,3.0,2.0,80.0,0.0,5.0,3.0,4.0,5.0,4.0,0.0,4.0,0
58.0,2,682.0,2,10.0,4.0,3,1.0,131.0,4.0,1,37.0,3.0,4.0,7,3.0,2,13872.0,24409.0,0.0,0,0,13.0,3.0,3.0,80.0,0.0,38.0,1.0,2.0,37.0,10.0,1.0,8.0,0
44.0,0,489.0,1,23.0,3.0,3,1.0,132.0,2.0,1,67.0,3.0,2.0,2,2.0,1,2042.0,25043.0,4.0,0,0,12.0,3.0,3.0,80.0,1.0,17.0,3.0,4.0,3.0,2.0,1.0,2.0,0
37.0,2,807.0,0,6.0,4.0,0,1.0,133.0,3.0,1,63.0,3.0,1.0,1,1.0,0,2073.0,23648.0,4.0,0,1,22.0,4.0,4.0,80.0,0.0,7.0,3.0,3.0,3.0,2.0,0.0,2.0,1
32.0,2,827.0,1,1.0,1.0,1,1.0,134.0,4.0,1,71.0,3.0,1.0,6,1.0,2,2956.0,15178.0,1.0,0,0,13.0,3.0,4.0,80.0,0.0,1.0,2.0,3.0,1.0,0.0,0.0,0.0,0
20.0,1,871.0,1,6.0,3.0,1,1.0,137.0,4.0,0,66.0,2.0,1.0,2,4.0,2,2926.0,19783.0,1.0,0,1,18.0,3.0,2.0,80.0,0.0,1.0,5.0,3.0,1.0,0.0,1.0,0.0,1
34.0,2,665.0,1,6.0,4.0,4,1.0,138.0,1.0,0,41.0,3.0,2.0,6,3.0,2,4809.0,12482.0,1.0,0,0,14.0,3.0,3.0,80.0,0.0,16.0,3.0,3.0,16.0,13.0,2.0,10.0,0
37.0,0,1040.0,1,2.0,2.0,1,1.0,139.0,3.0,1,100.0,2.0,2.0,0,4.0,0,5163.0,15850.0,5.0,0,0,14.0,3.0,4.0,80.0,1.0,17.0,2.0,4.0,1.0,0.0,0.0,0.0,0
59.0,0,1420.0,0,2.0,4.0,0,1.0,140.0,3.0,0,32.0,2.0,5.0,3,4.0,1,18844.0,21922.0,9.0,0,0,21.0,4.0,4.0,80.0,1.0,30.0,3.0,3.0,3.0,2.0,2.0,2.0,0
50.0,1,1115.0,1,1.0,3.0,1,1.0,141.0,1.0,0,73.0,3.0,5.0,5,2.0,1,18172.0,9755.0,3.0,0,1,19.0,3.0,1.0,80.0,0.0,28.0,1.0,2.0,8.0,3.0,0.0,7.0,0
25.0,2,240.0,2,5.0,3.0,2,1.0,142.0,3.0,1,46.0,2.0,2.0,7,3.0,2,5744.0,26959.0,1.0,0,1,11.0,3.0,4.0,80.0,0.0,6.0,1.0,3.0,6.0,4.0,0.0,3.0,1
25.0,2,1280.0,1,7.0,1.0,3,1.0,143.0,4.0,1,64.0,2.0,1.0,6,4.0,1,2889.0,26897.0,1.0,0,0,11.0,3.0,3.0,80.0,2.0,2.0,2.0,3.0,2.0,2.0,2.0,1.0,0
22.0,2,534.0,1,15.0,3.0,3,1.0,144.0,2.0,0,59.0,3.0,1.0,2,4.0,2,2871.0,23785.0,1.0,0,0,15.0,3.0,3.0,80.0,0.0,1.0,5.0,3.0,0.0,0.0,0.0,0.0,0
51.0,1,1456.0,1,1.0,4.0,3,1.0,145.0,1.0,0,30.0,2.0,3.0,0,1.0,2,7484.0,25796.0,3.0,0,0,20.0,4.0,3.0,80.0,0.0,23.0,1.0,2.0,13.0,12.0,12.0,8.0,0
34.0,1,658.0,1,7.0,3.0,1,1.0,147.0,1.0,1,66.0,1.0,2.0,2,3.0,2,6074.0,22887.0,1.0,0,1,24.0,4.0,4.0,80.0,0.0,9.0,3.0,3.0,9.0,7.0,0.0,6.0,1
54.0,0,142.0,0,26.0,3.0,0,1.0,148.0,4.0,0,30.0,4.0,4.0,3,4.0,2,17328.0,13871.0,2.0,0,1,12.0,3.0,3.0,80.0,0.0,23.0,3.0,3.0,5.0,3.0,4.0,4.0,0
24.0,2,1127.0,1,18.0,1.0,1,1.0,150.0,2.0,1,52.0,3.0,1.0,2,3.0,1,2774.0,13257.0,0.0,0,0,12.0,3.0,3.0,80.0,1.0,6.0,2.0,3.0,5.0,3.0,1.0,2.0,0
34.0,2,1031.0,1,6.0,4.0,1,1.0,151.0,3.0,0,45.0,2.0,2.0,6,2.0,0,4505.0,15000.0,6.0,0,0,15.0,3.0,3.0,80.0,1.0,12.0,3.0,3.0,1.0,0.0,0.0,0.0,0
37.0,2,1189.0,2,3.0,3.0,1,1.0,152.0,3.0,1,87.0,3.0,3.0,7,4.0,2,7428.0,14506.0,2.0,0,0,12.0,3.0,1.0,80.0,0.0,12.0,3.0,3.0,5.0,3.0,1.0,3.0,0
34.0,2,1354.0,1,5.0,3.0,3,1.0,153.0,3.0,0,45.0,2.0,3.0,3,1.0,2,11631.0,5615.0,2.0,0,0,12.0,3.0,4.0,80.0,0.0,14.0,6.0,3.0,11.0,10.0,5.0,8.0,0
36.0,1,1467.0,2,11.0,2.0,5,1.0,154.0,2.0,0,92.0,3.0,3.0,7,4.0,1,9738.0,22952.0,0.0,0,0,14.0,3.0,3.0,80.0,1.0,10.0,6.0,3.0,9.0,7.0,2.0,8.0,0
36.0,2,922.0,1,3.0,2.0,1,1.0,155.0,1.0,0,39.0,3.0,1.0,2,4.0,0,2835.0,2561.0,5.0,0,0,22.0,4.0,1.0,80.0,1.0,7.0,2.0,3.0,1.0,0.0,0.0,0.0,0
43.0,1,394.0,2,26.0,2.0,1,1.0,158.0,3.0,1,92.0,3.0,4.0,3,4.0,1,16959.0,19494.0,1.0,0,1,12.0,3.0,4.0,80.0,2.0,25.0,3.0,4.0,25.0,12.0,4.0,12.0,0
30.0,1,1312.0,1,23.0,3.0,1,1.0,159.0,1.0,1,96.0,1.0,1.0,6,3.0,0,2613.0,22310.0,1.0,0,0,25.0,4.0,3.0,80.0,3.0,10.0,2.0,2.0,10.0,7.0,0.0,9.0,0
33.0,0,750.0,2,22.0,2.0,2,1.0,160.0,3.0,1,95.0,3.0,2.0,7,2.0,1,6146.0,15480.0,0.0,0,0,13.0,3.0,1.0,80.0,1.0,8.0,2.0,4.0,7.0,7.0,0.0,7.0,0
56.0,2,441.0,1,14.0,4.0,1,1.0,161.0,2.0,0,72.0,3.0,1.0,6,2.0,1,4963.0,4510.0,9.0,0,1,18.0,3.0,1.0,80.0,3.0,7.0,2.0,3.0,5.0,4.0,4.0,3.0,1
51.0,2,684.0,1,6.0,3.0,1,1.0,162.0,1.0,1,51.0,3.0,5.0,5,3.0,2,19537.0,6462.0,7.0,0,0,13.0,3.0,3.0,80.0,0.0,23.0,5.0,3.0,20.0,18.0,15.0,15.0,0
31.0,2,249.0,2,6.0,4.0,1,1.0,163.0,2.0,1,76.0,1.0,2.0,7,3.0,1,6172.0,20739.0,4.0,0,1,18.0,3.0,2.0,80.0,0.0,12.0,3.0,2.0,7.0,7.0,7.0,7.0,1
26.0,2,841.0,1,6.0,3.0,4,1.0,164.0,3.0,0,46.0,2.0,1.0,6,2.0,1,2368.0,23300.0,1.0,0,0,19.0,3.0,3.0,80.0,0.0,5.0,3.0,2.0,5.0,4.0,4.0,3.0,0
58.0,2,147.0,1,23.0,4.0,3,1.0,165.0,4.0,0,94.0,3.0,3.0,0,4.0,1,10312.0,3465.0,1.0,0,0,12.0,3.0,4.0,80.0,1.0,40.0,3.0,2.0,40.0,10.0,15.0,6.0,1
19.0,2,528.0,2,22.0,1.0,2,1.0,167.0,4.0,1,50.0,3.0,1.0,8,3.0,2,1675.0,26820.0,1.0,0,1,19.0,3.0,4.0,80.0,0.0,0.0,2.0,2.0,0.0,0.0,0.0,0.0,1
22.0,2,594.0,1,2.0,1.0,5,1.0,169.0,3.0,1,100.0,3.0,1.0,2,4.0,1,2523.0,19299.0,0.0,0,0,14.0,3.0,3.0,80.0,1.0,3.0,2.0,3.0,2.0,1.0,2.0,1.0,0
49.0,2,470.0,1,20.0,4.0,3,1.0,170.0,3.0,0,96.0,3.0,2.0,4,1.0,1,6567.0,5549.0,1.0,0,0,14.0,3.0,3.0,80.0,0.0,16.0,2.0,2.0,15.0,11.0,5.0,11.0,0
43.0,1,957.0,1,28.0,3.0,3,1.0,171.0,2.0,0,72.0,4.0,1.0,6,3.0,2,4739.0,16090.0,4.0,0,0,12.0,3.0,4.0,80.0,0.0,18.0,2.0,3.0,3.0,2.0,1.0,2.0,0
50.0,1,809.0,2,12.0,3.0,2,1.0,174.0,3.0,0,77.0,3.0,3.0,7,4.0,2,9208.0,6645.0,4.0,0,0,11.0,3.0,4.0,80.0,0.0,16.0,3.0,3.0,2.0,2.0,2.0,1.0,0
31.0,2,542.0,2,20.0,3.0,1,1.0,175.0,2.0,0,71.0,1.0,2.0,7,3.0,1,4559.0,24788.0,3.0,0,1,11.0,3.0,3.0,80.0,1.0,4.0,2.0,3.0,2.0,2.0,2.0,2.0,1
41.0,2,802.0,2,9.0,1.0,1,1.0,176.0,3.0,1,96.0,3.0,3.0,7,3.0,0,8189.0,21196.0,3.0,0,1,13.0,3.0,3.0,80.0,1.0,12.0,2.0,3.0,9.0,7.0,0.0,7.0,0
26.0,2,1355.0,0,25.0,1.0,1,1.0,177.0,3.0,0,61.0,3.0,1.0,1,3.0,1,2942.0,8916.0,1.0,0,0,23.0,4.0,4.0,80.0,1.0,8.0,3.0,3.0,8.0,7.0,5.0,7.0,0
36.0,2,216.0,1,6.0,2.0,3,1.0,178.0,2.0,1,84.0,3.0,2.0,4,2.0,0,4941.0,2819.0,6.0,0,0,20.0,4.0,4.0,80.0,2.0,7.0,0.0,3.0,3.0,2.0,0.0,1.0,0
51.0,1,1150.0,1,8.0,4.0,1,1.0,179.0,1.0,1,53.0,1.0,3.0,4,4.0,2,10650.0,25150.0,2.0,0,0,15.0,3.0,4.0,80.0,0.0,18.0,2.0,3.0,4.0,2.0,0.0,3.0,1
39.0,2,1329.0,2,4.0,4.0,1,1.0,182.0,4.0,0,47.0,2.0,2.0,7,3.0,1,5902.0,14590.0,4.0,0,0,14.0,3.0,3.0,80.0,1.0,17.0,1.0,4.0,15.0,11.0,5.0,9.0,0
25.0,2,959.0,2,28.0,3.0,1,1.0,183.0,1.0,1,41.0,2.0,2.0,7,3.0,1,8639.0,24835.0,2.0,0,0,18.0,3.0,4.0,80.0,0.0,6.0,3.0,3.0,2.0,2.0,2.0,2.0,0
30.0,2,1240.0,0,9.0,3.0,0,1.0,184.0,3.0,1,48.0,3.0,2.0,1,4.0,1,6347.0,13982.0,0.0,0,1,19.0,3.0,4.0,80.0,0.0,12.0,2.0,1.0,11.0,9.0,4.0,7.0,0
32.0,2,1033.0,1,9.0,3.0,3,1.0,190.0,1.0,0,41.0,3.0,1.0,2,1.0,2,4200.0,10224.0,7.0,0,0,22.0,4.0,1.0,80.0,0.0,10.0,2.0,4.0,5.0,4.0,0.0,4.0,1
45.0,2,1316.0,1,29.0,3.0,3,1.0,192.0,3.0,1,83.0,3.0,1.0,6,4.0,2,3452.0,9752.0,5.0,0,0,13.0,3.0,2.0,80.0,0.0,9.0,2.0,2.0,6.0,5.0,0.0,3.0,0
38.0,2,364.0,1,3.0,5.0,5,1.0,193.0,4.0,0,32.0,3.0,2.0,6,3.0,2,4317.0,2302.0,3.0,0,1,20.0,4.0,2.0,80.0,0.0,19.0,2.0,3.0,3.0,2.0,2.0,2.0,0
30.0,2,438.0,1,18.0,3.0,1,1.0,194.0,1.0,0,75.0,3.0,1.0,6,3.0,2,2632.0,23910.0,1.0,0,0,14.0,3.0,3.0,80.0,0.0,5.0,4.0,2.0,5.0,4.0,0.0,4.0,0
32.0,1,689.0,2,9.0,2.0,3,1.0,195.0,4.0,1,35.0,1.0,2.0,7,4.0,0,4668.0,22812.0,0.0,0,0,17.0,3.0,4.0,80.0,3.0,9.0,2.0,4.0,8.0,7.0,0.0,7.0,0
30.0,2,201.0,1,5.0,3.0,5,1.0,197.0,4.0,0,84.0,3.0,1.0,6,1.0,0,3204.0,10415.0,5.0,0,0,14.0,3.0,4.0,80.0,1.0,8.0,3.0,3.0,3.0,2.0,2.0,2.0,0
30.0,2,1427.0,1,2.0,1.0,3,1.0,198.0,2.0,1,35.0,2.0,1.0,2,4.0,2,2720.0,11162.0,0.0,0,0,13.0,3.0,4.0,80.0,0.0,6.0,3.0,3.0,5.0,3.0,1.0,2.0,0
41.0,1,857.0,1,10.0,3.0,1,1.0,199.0,4.0,1,91.0,2.0,4.0,3,1.0,0,17181.0,12888.0,4.0,0,0,13.0,3.0,2.0,80.0,1.0,21.0,2.0,2.0,7.0,6.0,7.0,7.0,0
41.0,2,933.0,1,9.0,4.0,1,1.0,200.0,3.0,1,94.0,3.0,1.0,2,1.0,1,2238.0,6961.0,2.0,0,0,21.0,4.0,4.0,80.0,1.0,7.0,2.0,3.0,5.0,0.0,1.0,4.0,0
19.0,2,1181.0,1,3.0,1.0,3,1.0,201.0,2.0,0,79.0,3.0,1.0,2,2.0,2,1483.0,16102.0,1.0,0,0,14.0,3.0,4.0,80.0,0.0,1.0,3.0,3.0,1.0,0.0,0.0,0.0,0
40.0,1,1395.0,1,26.0,3.0,3,1.0,202.0,2.0,0,54.0,3.0,2.0,6,2.0,0,5605.0,8504.0,1.0,0,0,11.0,3.0,1.0,80.0,1.0,20.0,2.0,3.0,20.0,7.0,2.0,13.0,0
35.0,2,662.0,2,1.0,5.0,2,1.0,204.0,3.0,1,94.0,3.0,3.0,7,2.0,1,7295.0,11439.0,1.0,0,0,13.0,3.0,1.0,80.0,2.0,10.0,3.0,3.0,10.0,8.0,0.0,6.0,0
53.0,2,1436.0,2,6.0,2.0,2,1.0,205.0,2.0,1,34.0,3.0,2.0,8,3.0,1,2306.0,16047.0,2.0,0,1,20.0,4.0,4.0,80.0,1.0,13.0,3.0,1.0,7.0,7.0,4.0,5.0,0
45.0,2,194.0,1,9.0,3.0,1,1.0,206.0,2.0,1,60.0,3.0,2.0,2,2.0,0,2348.0,10901.0,8.0,0,0,18.0,3.0,3.0,80.0,1.0,20.0,2.0,1.0,17.0,9.0,0.0,15.0,0
32.0,1,967.0,2,8.0,3.0,2,1.0,207.0,2.0,0,43.0,3.0,3.0,7,4.0,2,8998.0,15589.0,1.0,0,0,14.0,3.0,4.0,80.0,0.0,9.0,2.0,3.0,9.0,8.0,3.0,7.0,0
29.0,0,1496.0,1,1.0,1.0,5,1.0,208.0,4.0,1,41.0,3.0,2.0,4,3.0,1,4319.0,26283.0,1.0,0,0,13.0,3.0,1.0,80.0,1.0,10.0,1.0,3.0,10.0,7.0,0.0,9.0,0
51.0,2,1169.0,1,7.0,4.0,3,1.0,211.0,2.0,1,34.0,2.0,2.0,4,3.0,1,6132.0,13983.0,2.0,0,0,17.0,3.0,3.0,80.0,0.0,10.0,2.0,3.0,1.0,0.0,0.0,0.0,0
58.0,2,1145.0,1,9.0,3.0,3,1.0,214.0,2.0,0,75.0,2.0,1.0,6,2.0,1,3346.0,11873.0,4.0,0,1,20.0,4.0,2.0,80.0,1.0,9.0,3.0,2.0,1.0,0.0,0.0,0.0,0
40.0,2,630.0,2,4.0,4.0,2,1.0,215.0,3.0,1,67.0,2.0,3.0,7,4.0,1,10855.0,8552.0,7.0,0,0,11.0,3.0,1.0,80.0,1.0,15.0,2.0,2.0,12.0,11.0,2.0,11.0,0
34.0,1,303.0,2,2.0,4.0,2,1.0,216.0,3.0,0,75.0,3.0,1.0,8,3.0,1,2231.0,11314.0,6.0,0,0,18.0,3.0,4.0,80.0,1.0,6.0,3.0,3.0,4.0,3.0,1.0,2.0,0
22.0,2,1256.0,1,19.0,1.0,3,1.0,217.0,3.0,1,80.0,3.0,1.0,6,4.0,1,2323.0,11992.0,1.0,0,0,24.0,4.0,1.0,80.0,2.0,2.0,6.0,3.0,2.0,2.0,2.0,2.0,0
27.0,0,691.0,1,9.0,3.0,3,1.0,218.0,4.0,1,57.0,3.0,1.0,6,2.0,0,2024.0,5970.0,6.0,0,0,18.0,3.0,4.0,80.0,1.0,6.0,1.0,1.0,2.0,2.0,2.0,2.0,0
28.0,2,440.0,1,21.0,3.0,3,1.0,221.0,3.0,1,42.0,3.0,1.0,6,4.0,1,2713.0,6672.0,1.0,0,0,11.0,3.0,3.0,80.0,1.0,5.0,2.0,1.0,5.0,2.0,0.0,2.0,0
57.0,2,334.0,1,24.0,2.0,1,1.0,223.0,3.0,1,83.0,4.0,3.0,0,4.0,0,9439.0,23402.0,3.0,0,1,16.0,3.0,2.0,80.0,1.0,12.0,2.0,1.0,5.0,3.0,1.0,4.0,0
27.0,0,1450.0,1,3.0,3.0,3,1.0,224.0,3.0,1,79.0,2.0,1.0,6,3.0,0,2566.0,25326.0,1.0,0,1,15.0,3.0,4.0,80.0,1.0,1.0,2.0,2.0,1.0,1.0,0.0,1.0,0
50.0,2,1452.0,1,11.0,3.0,1,1.0,226.0,3.0,0,53.0,3.0,5.0,3,2.0,2,19926.0,17053.0,3.0,0,0,15.0,3.0,2.0,80.0,0.0,21.0,5.0,3.0,5.0,4.0,4.0,4.0,0
41.0,2,465.0,1,14.0,3.0,1,1.0,227.0,1.0,1,56.0,3.0,1.0,6,3.0,0,2451.0,4609.0,4.0,0,0,12.0,3.0,1.0,80.0,1.0,13.0,2.0,3.0,9.0,8.0,1.0,8.0,0
30.0,2,1339.0,2,5.0,3.0,1,1.0,228.0,2.0,0,41.0,3.0,3.0,7,4.0,1,9419.0,8053.0,2.0,0,0,12.0,3.0,3.0,80.0,1.0,12.0,2.0,3.0,10.0,9.0,7.0,4.0,0
38.0,2,702.0,2,1.0,4.0,1,1.0,230.0,1.0,0,59.0,2.0,2.0,7,4.0,2,8686.0,12930.0,4.0,0,0,22.0,4.0,3.0,80.0,0.0,12.0,2.0,4.0,8.0,3.0,0.0,7.0,0
32.0,2,120.0,1,6.0,5.0,1,1.0,231.0,3.0,1,43.0,3.0,1.0,6,3.0,2,3038.0,12430.0,3.0,0,0,20.0,4.0,1.0,80.0,0.0,8.0,2.0,3.0,5.0,4.0,1.0,4.0,0
27.0,2,1157.0,1,17.0,3.0,5,1.0,233.0,3.0,1,51.0,3.0,1.0,6,2.0,1,3058.0,13364.0,0.0,0,1,16.0,3.0,4.0,80.0,1.0,6.0,3.0,2.0,5.0,2.0,1.0,1.0,0
19.0,1,602.0,2,1.0,1.0,5,1.0,235.0,3.0,0,100.0,1.0,1.0,8,1.0,2,2325.0,20989.0,0.0,0,0,21.0,4.0,1.0,80.0,0.0,1.0,5.0,4.0,0.0,0.0,0.0,0.0,1
36.0,1,1480.0,1,3.0,2.0,3,1.0,238.0,4.0,1,30.0,3.0,1.0,2,2.0,2,2088.0,15062.0,4.0,0,0,12.0,3.0,3.0,80.0,0.0,13.0,3.0,2.0,8.0,7.0,7.0,2.0,0
30.0,0,111.0,1,9.0,3.0,3,1.0,239.0,3.0,1,66.0,3.0,2.0,2,1.0,0,3072.0,11012.0,1.0,0,0,11.0,3.0,3.0,80.0,2.0,12.0,4.0,3.0,12.0,9.0,6.0,10.0,0
45.0,2,1268.0,2,4.0,2.0,1,1.0,240.0,3.0,0,30.0,3.0,2.0,7,1.0,0,5006.0,6319.0,4.0,0,1,11.0,3.0,1.0,80.0,1.0,9.0,3.0,4.0,5.0,4.0,0.0,3.0,0
56.0,2,713.0,1,8.0,3.0,1,1.0,241.0,3.0,0,67.0,3.0,1.0,6,1.0,0,4257.0,13939.0,4.0,0,1,18.0,3.0,3.0,80.0,1.0,19.0,3.0,3.0,2.0,2.0,2.0,2.0,0
33.0,2,134.0,1,2.0,3.0,1,1.0,242.0,3.0,1,90.0,3.0,1.0,6,4.0,2,2500.0,10515.0,0.0,0,0,14.0,3.0,1.0,80.0,0.0,4.0,2.0,4.0,3.0,1.0,0.0,2.0,0
19.0,2,303.0,1,2.0,3.0,1,1.0,243.0,2.0,1,47.0,2.0,1.0,2,4.0,2,1102.0,9241.0,1.0,0,0,22.0,4.0,3.0,80.0,0.0,1.0,3.0,2.0,1.0,0.0,1.0,0.0,1
46.0,2,526.0,2,1.0,2.0,2,1.0,244.0,2.0,0,92.0,3.0,3.0,7,1.0,0,10453.0,2137.0,1.0,0,0,25.0,4.0,3.0,80.0,3.0,24.0,2.0,3.0,24.0,13.0,15.0,7.0,0
38.0,2,1380.0,1,9.0,2.0,1,1.0,245.0,3.0,0,75.0,3.0,1.0,2,4.0,2,2288.0,6319.0,1.0,0,0,12.0,3.0,3.0,80.0,0.0,2.0,3.0,3.0,2.0,2.0,2.0,1.0,0
31.0,2,140.0,1,12.0,1.0,3,1.0,246.0,3.0,0,95.0,3.0,1.0,6,4.0,1,3929.0,6984.0,8.0,0,1,23.0,4.0,3.0,80.0,1.0,7.0,0.0,3.0,4.0,2.0,0.0,2.0,0
34.0,2,629.0,1,27.0,2.0,3,1.0,247.0,4.0,0,95.0,3.0,1.0,6,2.0,2,2311.0,5711.0,2.0,0,0,15.0,3.0,4.0,80.0,0.0,9.0,3.0,3.0,3.0,2.0,1.0,2.0,0
41.0,2,1356.0,2,20.0,2.0,2,1.0,248.0,2.0,0,70.0,3.0,1.0,8,2.0,2,3140.0,21728.0,1.0,0,1,22.0,4.0,4.0,80.0,0.0,4.0,5.0,2.0,4.0,3.0,0.0,2.0,1
50.0,2,328.0,1,1.0,3.0,3,1.0,249.0,3.0,1,86.0,2.0,1.0,2,3.0,1,3690.0,3425.0,2.0,0,0,15.0,3.0,4.0,80.0,1.0,5.0,2.0,2.0,3.0,2.0,0.0,2.0,0
53.0,2,1084.0,1,13.0,2.0,3,1.0,250.0,4.0,0,57.0,4.0,2.0,4,1.0,0,4450.0,26250.0,1.0,0,0,11.0,3.0,3.0,80.0,2.0,5.0,3.0,3.0,4.0,2.0,1.0,3.0,0
33.0,2,931.0,1,14.0,3.0,3,1.0,252.0,4.0,0,72.0,3.0,1.0,6,2.0,1,2756.0,4673.0,1.0,0,0,13.0,3.0,4.0,80.0,1.0,8.0,5.0,3.0,8.0,7.0,1.0,6.0,0
40.0,2,989.0,1,4.0,1.0,3,1.0,253.0,4.0,0,46.0,3.0,5.0,3,3.0,1,19033.0,6499.0,1.0,0,0,14.0,3.0,2.0,80.0,1.0,21.0,2.0,3.0,20.0,8.0,9.0,9.0,0
55.0,2,692.0,1,14.0,4.0,3,1.0,254.0,3.0,1,61.0,4.0,5.0,5,2.0,2,18722.0,13339.0,8.0,0,0,11.0,3.0,4.0,80.0,0.0,36.0,3.0,3.0,24.0,15.0,2.0,15.0,0
34.0,1,1069.0,1,2.0,1.0,1,1.0,256.0,4.0,1,45.0,2.0,2.0,4,3.0,1,9547.0,14074.0,1.0,0,0,17.0,3.0,3.0,80.0,0.0,10.0,2.0,2.0,10.0,9.0,1.0,9.0,0
51.0,2,313.0,1,3.0,3.0,3,1.0,258.0,4.0,0,98.0,3.0,4.0,0,2.0,2,13734.0,7192.0,3.0,0,0,18.0,3.0,3.0,80.0,0.0,21.0,6.0,3.0,7.0,7.0,1.0,0.0,0
52.0,2,699.0,1,1.0,4.0,1,1.0,259.0,3.0,1,65.0,2.0,5.0,3,3.0,1,19999.0,5678.0,0.0,0,0,14.0,3.0,1.0,80.0,1.0,34.0,5.0,3.0,33.0,18.0,11.0,9.0,0
27.0,2,894.0,1,9.0,3.0,3,1.0,260.0,4.0,0,99.0,3.0,1.0,6,2.0,2,2279.0,11781.0,1.0,0,0,16.0,3.0,4.0,80.0,0.0,7.0,2.0,2.0,7.0,7.0,0.0,3.0,0
35.0,2,556.0,1,23.0,2.0,1,1.0,261.0,2.0,1,50.0,2.0,2.0,4,3.0,1,5916.0,15497.0,3.0,0,1,13.0,3.0,1.0,80.0,0.0,8.0,1.0,3.0,1.0,0.0,0.0,1.0,1
43.0,0,1344.0,1,7.0,3.0,3,1.0,262.0,4.0,1,37.0,4.0,1.0,6,4.0,0,2089.0,5228.0,4.0,0,0,14.0,3.0,4.0,80.0,3.0,7.0,3.0,4.0,5.0,4.0,2.0,2.0,0
45.0,0,1195.0,1,2.0,2.0,3,1.0,264.0,1.0,1,65.0,2.0,4.0,3,4.0,1,16792.0,20462.0,9.0,0,0,23.0,4.0,4.0,80.0,1.0,22.0,1.0,3.0,20.0,8.0,11.0,8.0,0
37.0,2,290.0,1,21.0,3.0,1,1.0,267.0,2.0,1,65.0,4.0,1.0,6,1.0,1,3564.0,22977.0,1.0,0,1,12.0,3.0,1.0,80.0,1.0,8.0,3.0,2.0,8.0,7.0,1.0,7.0,0
35.0,1,138.0,1,2.0,3.0,3,1.0,269.0,2.0,0,37.0,3.0,2.0,2,2.0,2,4425.0,15986.0,5.0,0,0,11.0,3.0,4.0,80.0,0.0,10.0,5.0,3.0,6.0,2.0,1.0,2.0,0
42.0,0,926.0,1,21.0,2.0,3,1.0,270.0,3.0,0,36.0,3.0,2.0,4,3.0,0,5265.0,16439.0,2.0,0,0,16.0,3.0,2.0,80.0,1.0,11.0,5.0,3.0,5.0,3.0,0.0,2.0,0
38.0,2,1261.0,1,2.0,4.0,1,1.0,271.0,4.0,1,88.0,3.0,2.0,4,3.0,1,6553.0,7259.0,9.0,0,0,14.0,3.0,2.0,80.0,0.0,14.0,3.0,3.0,1.0,0.0,0.0,0.0,0
38.0,2,1084.0,1,29.0,3.0,5,1.0,273.0,4.0,1,54.0,3.0,2.0,4,4.0,1,6261.0,4185.0,3.0,0,0,18.0,3.0,1.0,80.0,1.0,9.0,3.0,1.0,7.0,7.0,1.0,7.0,0
27.0,1,472.0,1,1.0,1.0,5,1.0,274.0,3.0,1,60.0,2.0,2.0,4,1.0,1,4298.0,9679.0,5.0,0,0,19.0,3.0,3.0,80.0,1.0,6.0,1.0,3.0,2.0,2.0,2.0,0.0,0
49.0,0,1002.0,1,18.0,4.0,1,1.0,275.0,4.0,1,92.0,3.0,2.0,4,4.0,0,6804.0,23793.0,1.0,0,1,15.0,3.0,1.0,80.0,2.0,7.0,0.0,3.0,7.0,7.0,1.0,7.0,0
34.0,1,878.0,1,10.0,4.0,3,1.0,277.0,4.0,1,43.0,3.0,1.0,6,3.0,0,3815.0,5972.0,1.0,0,1,17.0,3.0,4.0,80.0,1.0,5.0,4.0,4.0,5.0,3.0,2.0,0.0,0
40.0,2,905.0,1,19.0,2.0,3,1.0,281.0,3.0,1,99.0,3.0,2.0,2,4.0,1,2741.0,16523.0,8.0,0,1,15.0,3.0,3.0,80.0,1.0,15.0,2.0,4.0,7.0,2.0,3.0,7.0,0
38.0,2,1180.0,1,29.0,1.0,3,1.0,282.0,2.0,1,70.0,3.0,2.0,0,1.0,1,6673.0,11354.0,7.0,0,1,19.0,3.0,2.0,80.0,0.0,17.0,2.0,3.0,1.0,0.0,0.0,0.0,1
29.0,2,121.0,2,27.0,3.0,2,1.0,283.0,2.0,0,35.0,3.0,3.0,7,4.0,1,7639.0,24525.0,1.0,0,0,22.0,4.0,4.0,80.0,3.0,10.0,3.0,2.0,10.0,4.0,1.0,9.0,1
22.0,2,1136.0,1,5.0,3.0,1,1.0,284.0,4.0,1,60.0,4.0,1.0,6,2.0,0,2328.0,12392.0,1.0,0,1,16.0,3.0,1.0,80.0,1.0,4.0,2.0,2.0,4.0,2.0,2.0,2.0,0
36.0,1,635.0,1,18.0,1.0,3,1.0,286.0,2.0,0,73.0,3.0,1.0,2,4.0,2,2153.0,7703.0,1.0,0,0,13.0,3.0,1.0,80.0,0.0,8.0,2.0,3.0,8.0,1.0,1.0,7.0,0
40.0,0,1151.0,1,9.0,5.0,1,1.0,287.0,4.0,1,63.0,2.0,2.0,0,4.0,1,4876.0,14242.0,9.0,0,0,14.0,3.0,4.0,80.0,1.0,5.0,5.0,1.0,3.0,2.0,0.0,2.0,0
46.0,2,644.0,1,1.0,4.0,3,1.0,288.0,4.0,1,97.0,3.0,3.0,0,1.0,0,9396.0,12368.0,7.0,0,0,16.0,3.0,3.0,80.0,1.0,17.0,3.0,3.0,4.0,2.0,0.0,3.0,0
32.0,2,1045.0,2,4.0,4.0,3,1.0,291.0,4.0,1,32.0,1.0,3.0,7,4.0,1,10400.0,25812.0,1.0,0,0,11.0,3.0,3.0,80.0,0.0,14.0,2.0,2.0,14.0,8.0,9.0,8.0,1
30.0,0,829.0,1,1.0,1.0,1,1.0,292.0,3.0,1,88.0,2.0,3.0,4,3.0,2,8474.0,20925.0,1.0,0,0,22.0,4.0,3.0,80.0,0.0,12.0,2.0,3.0,11.0,8.0,5.0,8.0,0
27.0,1,1242.0,2,20.0,3.0,1,1.0,293.0,4.0,0,90.0,3.0,2.0,7,3.0,2,9981.0,12916.0,1.0,0,0,14.0,3.0,4.0,80.0,0.0,7.0,2.0,3.0,7.0,7.0,0.0,7.0,0
51.0,2,1469.0,1,8.0,4.0,1,1.0,296.0,2.0,1,81.0,2.0,3.0,5,2.0,1,12490.0,15736.0,5.0,0,0,16.0,3.0,4.0,80.0,2.0,16.0,5.0,1.0,10.0,9.0,4.0,7.0,0
30.0,2,1005.0,1,3.0,3.0,5,1.0,297.0,4.0,0,88.0,3.0,1.0,6,1.0,2,2657.0,8556.0,5.0,0,1,11.0,3.0,3.0,80.0,0.0,8.0,5.0,3.0,5.0,2.0,0.0,4.0,1
41.0,2,896.0,2,6.0,3.0,1,1.0,298.0,4.0,0,75.0,3.0,3.0,3,4.0,2,13591.0,14674.0,3.0,0,1,18.0,3.0,3.0,80.0,0.0,16.0,3.0,3.0,1.0,0.0,0.0,0.0,0
30.0,1,334.0,2,26.0,4.0,2,1.0,299.0,3.0,0,52.0,2.0,2.0,7,1.0,2,6696.0,22967.0,5.0,0,0,15.0,3.0,3.0,80.0,0.0,9.0,5.0,2.0,6.0,3.0,0.0,1.0,1
29.0,2,992.0,1,1.0,3.0,5,1.0,300.0,3.0,1,85.0,3.0,1.0,6,3.0,2,2058.0,19757.0,0.0,0,0,14.0,3.0,4.0,80.0,0.0,7.0,1.0,2.0,6.0,2.0,1.0,5.0,1
45.0,0,1052.0,2,6.0,3.0,3,1.0,302.0,4.0,0,57.0,2.0,3.0,7,4.0,2,8865.0,16840.0,6.0,0,0,12.0,3.0,4.0,80.0,0.0,23.0,2.0,3.0,19.0,7.0,12.0,8.0,0
54.0,2,1147.0,2,3.0,3.0,2,1.0,303.0,4.0,0,52.0,3.0,2.0,7,1.0,1,5940.0,17011.0,2.0,0,0,14.0,3.0,4.0,80.0,1.0,16.0,4.0,3.0,6.0,2.0,0.0,5.0,0
36.0,2,1396.0,1,5.0,2.0,1,1.0,304.0,4.0,1,62.0,3.0,2.0,2,2.0,2,5914.0,9945.0,8.0,0,0,16.0,3.0,4.0,80.0,0.0,16.0,3.0,4.0,13.0,11.0,3.0,7.0,0
33.0,2,147.0,1,4.0,4.0,3,1.0,305.0,3.0,0,47.0,2.0,1.0,6,2.0,1,2622.0,13248.0,6.0,0,0,21.0,4.0,4.0,80.0,0.0,7.0,3.0,3.0,3.0,2.0,1.0,1.0,0
37.0,1,663.0,1,11.0,3.0,4,1.0,306.0,2.0,1,47.0,3.0,3.0,5,4.0,0,12185.0,10056.0,1.0,0,1,14.0,3.0,3.0,80.0,3.0,10.0,1.0,3.0,10.0,8.0,0.0,7.0,0
38.0,2,119.0,2,3.0,3.0,1,1.0,307.0,1.0,1,76.0,3.0,3.0,7,3.0,0,10609.0,9647.0,0.0,0,0,12.0,3.0,3.0,80.0,2.0,17.0,6.0,2.0,16.0,10.0,5.0,13.0,0
31.0,0,979.0,1,1.0,4.0,3,1.0,308.0,3.0,1,90.0,1.0,2.0,4,3.0,1,4345.0,4381.0,0.0,0,0,12.0,3.0,4.0,80.0,1.0,6.0,2.0,3.0,5.0,4.0,1.0,4.0,0
59.0,2,142.0,1,3.0,3.0,1,1.0,309.0,3.0,1,70.0,2.0,1.0,6,4.0,1,2177.0,8456.0,3.0,0,0,17.0,3.0,1.0,80.0,1.0,7.0,6.0,3.0,1.0,0.0,0.0,0.0,0
37.0,1,319.0,2,4.0,4.0,2,1.0,311.0,1.0,1,41.0,3.0,1.0,8,4.0,0,2793.0,2539.0,4.0,0,0,17.0,3.0,3.0,80.0,1.0,13.0,2.0,3.0,9.0,8.0,5.0,8.0,0
29.0,1,1413.0,2,1.0,1.0,3,1.0,312.0,2.0,0,42.0,3.0,3.0,7,4.0,1,7918.0,6599.0,1.0,0,0,14.0,3.0,4.0,80.0,1.0,11.0,5.0,3.0,11.0,10.0,4.0,1.0,0
35.0,1,944.0,2,1.0,3.0,2,1.0,314.0,3.0,0,92.0,3.0,3.0,7,3.0,2,8789.0,9096.0,1.0,0,0,14.0,3.0,1.0,80.0,0.0,10.0,3.0,4.0,10.0,7.0,0.0,8.0,0
29.0,2,896.0,1,18.0,1.0,3,1.0,315.0,3.0,1,86.0,2.0,1.0,6,4.0,2,2389.0,14961.0,1.0,0,1,13.0,3.0,3.0,80.0,0.0,4.0,3.0,2.0,4.0,3.0,0.0,1.0,1
52.0,2,1323.0,1,2.0,3.0,1,1.0,316.0,3.0,0,89.0,2.0,1.0,2,4.0,2,3212.0,3300.0,7.0,0,0,15.0,3.0,2.0,80.0,0.0,6.0,3.0,2.0,2.0,2.0,2.0,2.0,0
42.0,2,532.0,1,4.0,2.0,5,1.0,319.0,3.0,1,58.0,3.0,5.0,3,4.0,1,19232.0,4933.0,1.0,0,0,11.0,3.0,4.0,80.0,0.0,22.0,3.0,3.0,22.0,17.0,11.0,15.0,0
59.0,2,818.0,0,6.0,2.0,3,1.0,321.0,2.0,1,52.0,3.0,1.0,1,3.0,1,2267.0,25657.0,8.0,0,0,17.0,3.0,4.0,80.0,0.0,7.0,2.0,2.0,2.0,2.0,2.0,2.0,0
50.0,2,854.0,2,1.0,4.0,3,1.0,323.0,4.0,0,68.0,3.0,5.0,3,4.0,0,19517.0,24118.0,3.0,0,0,11.0,3.0,3.0,80.0,1.0,32.0,3.0,2.0,7.0,0.0,0.0,6.0,0
33.0,2,813.0,1,14.0,3.0,3,1.0,325.0,3.0,1,58.0,3.0,1.0,2,4.0,1,2436.0,22149.0,5.0,0,1,13.0,3.0,3.0,80.0,1.0,8.0,2.0,1.0,5.0,4.0,0.0,4.0,1
43.0,2,1034.0,2,16.0,3.0,2,1.0,327.0,4.0,0,80.0,3.0,4.0,3,4.0,1,16064.0,7744.0,5.0,0,1,22.0,4.0,3.0,80.0,1.0,22.0,3.0,3.0,17.0,13.0,1.0,9.0,0
33.0,2,465.0,1,2.0,2.0,1,1.0,328.0,1.0,0,39.0,3.0,1.0,2,1.0,1,2707.0,21509.0,7.0,0,0,20.0,4.0,1.0,80.0,0.0,13.0,3.0,4.0,9.0,7.0,1.0,7.0,1
52.0,0,771.0,2,2.0,4.0,1,1.0,329.0,1.0,1,79.0,2.0,5.0,3,3.0,2,19068.0,21030.0,1.0,0,1,18.0,3.0,4.0,80.0,0.0,33.0,2.0,4.0,33.0,7.0,15.0,12.0,0
32.0,2,1401.0,2,4.0,2.0,1,1.0,330.0,3.0,0,56.0,3.0,1.0,8,2.0,1,3931.0,20990.0,2.0,0,0,11.0,3.0,1.0,80.0,1.0,6.0,5.0,3.0,4.0,3.0,1.0,2.0,0
32.0,2,515.0,1,1.0,3.0,1,1.0,331.0,4.0,1,62.0,2.0,1.0,2,3.0,2,3730.0,9571.0,0.0,0,1,14.0,3.0,4.0,80.0,0.0,4.0,2.0,1.0,3.0,2.0,1.0,2.0,1
39.0,2,1431.0,1,1.0,4.0,3,1.0,332.0,3.0,0,96.0,3.0,1.0,2,3.0,0,2232.0,15417.0,7.0,0,0,14.0,3.0,3.0,80.0,3.0,7.0,1.0,3.0,3.0,2.0,1.0,2.0,0
32.0,0,976.0,2,26.0,4.0,2,1.0,333.0,3.0,1,100.0,3.0,2.0,7,4.0,1,4465.0,12069.0,0.0,0,0,18.0,3.0,1.0,80.0,0.0,4.0,2.0,3.0,3.0,2.0,2.0,2.0,0
41.0,2,1411.0,1,19.0,2.0,1,1.0,334.0,3.0,1,36.0,3.0,2.0,6,1.0,0,3072.0,19877.0,2.0,0,0,16.0,3.0,1.0,80.0,2.0,17.0,2.0,2.0,1.0,0.0,0.0,0.0,0
40.0,2,1300.0,1,24.0,2.0,5,1.0,335.0,1.0,1,62.0,3.0,2.0,6,4.0,0,3319.0,24447.0,1.0,0,0,17.0,3.0,1.0,80.0,2.0,9.0,3.0,3.0,9.0,8.0,4.0,7.0,0
45.0,2,252.0,1,1.0,3.0,4,1.0,336.0,3.0,1,70.0,4.0,5.0,3,4.0,1,19202.0,15970.0,0.0,0,0,11.0,3.0,3.0,80.0,1.0,25.0,2.0,3.0,24.0,0.0,1.0,7.0,0
31.0,1,1327.0,1,3.0,4.0,3,1.0,337.0,2.0,1,73.0,3.0,3.0,5,3.0,0,13675.0,13523.0,9.0,0,0,12.0,3.0,1.0,80.0,1.0,9.0,3.0,3.0,2.0,2.0,2.0,2.0,0
33.0,2,832.0,1,5.0,4.0,1,1.0,338.0,3.0,0,63.0,2.0,1.0,6,4.0,1,2911.0,14776.0,1.0,0,0,13.0,3.0,3.0,80.0,1.0,2.0,2.0,2.0,2.0,2.0,0.0,2.0,0
34.0,2,470.0,1,2.0,4.0,1,1.0,339.0,4.0,1,84.0,2.0,2.0,4,1.0,1,5957.0,23687.0,6.0,0,0,13.0,3.0,2.0,80.0,1.0,13.0,3.0,3.0,11.0,9.0,5.0,9.0,0
37.0,2,1017.0,1,1.0,2.0,3,1.0,340.0,3.0,0,83.0,2.0,1.0,6,1.0,1,3920.0,18697.0,2.0,0,0,14.0,3.0,1.0,80.0,1.0,17.0,2.0,2.0,3.0,1.0,0.0,2.0,0
45.0,1,1199.0,1,7.0,4.0,1,1.0,341.0,1.0,1,77.0,4.0,2.0,4,3.0,1,6434.0,5118.0,4.0,0,0,17.0,3.0,4.0,80.0,1.0,9.0,1.0,3.0,3.0,2.0,0.0,2.0,0
37.0,1,504.0,1,10.0,3.0,3,1.0,342.0,1.0,1,61.0,3.0,3.0,4,3.0,0,10048.0,22573.0,6.0,0,0,11.0,3.0,2.0,80.0,2.0,17.0,5.0,3.0,1.0,0.0,0.0,0.0,1
39.0,1,505.0,1,2.0,4.0,5,1.0,343.0,3.0,0,64.0,3.0,3.0,0,3.0,2,10938.0,6420.0,0.0,0,0,25.0,4.0,4.0,80.0,0.0,20.0,1.0,3.0,19.0,6.0,11.0,8.0,0
29.0,2,665.0,1,15.0,3.0,1,1.0,346.0,3.0,1,60.0,3.0,1.0,6,4.0,2,2340.0,22673.0,1.0,0,0,19.0,3.0,1.0,80.0,0.0,6.0,1.0,3.0,6.0,5.0,1.0,5.0,0
42.0,2,916.0,1,17.0,2.0,1,1.0,347.0,4.0,0,82.0,4.0,2.0,6,1.0,2,6545.0,23016.0,3.0,0,1,13.0,3.0,3.0,80.0,0.0,10.0,1.0,3.0,3.0,2.0,0.0,2.0,0
29.0,2,1247.0,2,20.0,2.0,2,1.0,349.0,4.0,1,45.0,3.0,2.0,7,4.0,0,6931.0,10732.0,2.0,0,0,14.0,3.0,4.0,80.0,1.0,10.0,2.0,3.0,3.0,2.0,0.0,2.0,0
25.0,2,685.0,1,1.0,3.0,1,1.0,350.0,1.0,0,62.0,3.0,2.0,4,3.0,1,4898.0,7505.0,0.0,0,0,12.0,3.0,4.0,80.0,2.0,5.0,3.0,3.0,4.0,2.0,1.0,2.0,0
42.0,2,269.0,1,2.0,3.0,3,1.0,351.0,4.0,0,56.0,2.0,1.0,2,1.0,0,2593.0,8007.0,0.0,0,1,11.0,3.0,3.0,80.0,1.0,10.0,4.0,3.0,9.0,6.0,7.0,8.0,0
40.0,2,1416.0,1,2.0,2.0,3,1.0,352.0,1.0,1,49.0,3.0,5.0,5,3.0,0,19436.0,5949.0,0.0,0,0,19.0,3.0,4.0,80.0,1.0,22.0,5.0,3.0,21.0,7.0,3.0,9.0,0
51.0,2,833.0,1,1.0,3.0,1,1.0,353.0,3.0,1,96.0,3.0,1.0,6,4.0,1,2723.0,23231.0,1.0,0,0,11.0,3.0,2.0,80.0,0.0,1.0,0.0,2.0,1.0,0.0,0.0,0.0,0
31.0,1,307.0,1,29.0,2.0,3,1.0,355.0,3.0,1,71.0,2.0,1.0,2,2.0,2,3479.0,11652.0,0.0,0,0,11.0,3.0,2.0,80.0,0.0,6.0,2.0,4.0,5.0,4.0,1.0,4.0,1
32.0,1,1311.0,1,7.0,3.0,1,1.0,359.0,2.0,1,100.0,4.0,1.0,2,2.0,1,2794.0,26062.0,1.0,0,0,20.0,4.0,3.0,80.0,0.0,5.0,3.0,1.0,5.0,1.0,0.0,3.0,0
38.0,0,1327.0,2,2.0,2.0,1,1.0,361.0,4.0,1,39.0,2.0,2.0,7,4.0,1,5249.0,19682.0,3.0,0,0,18.0,3.0,4.0,80.0,1.0,13.0,0.0,3.0,8.0,7.0,7.0,5.0,0
32.0,2,128.0,1,2.0,1.0,5,1.0,362.0,4.0,1,84.0,2.0,2.0,2,1.0,2,2176.0,19737.0,4.0,0,0,13.0,3.0,4.0,80.0,0.0,9.0,5.0,3.0,6.0,2.0,0.0,4.0,0
46.0,2,488.0,2,2.0,3.0,5,1.0,363.0,3.0,0,75.0,1.0,4.0,3,2.0,1,16872.0,14977.0,3.0,0,1,12.0,3.0,2.0,80.0,1.0,28.0,2.0,2.0,7.0,7.0,7.0,7.0,0
28.0,2,529.0,1,2.0,4.0,1,1.0,364.0,1.0,1,79.0,3.0,1.0,2,3.0,2,3485.0,14935.0,2.0,0,0,11.0,3.0,3.0,80.0,0.0,5.0,5.0,1.0,0.0,0.0,0.0,0.0,1
29.0,2,1210.0,2,2.0,3.0,3,1.0,366.0,1.0,1,78.0,2.0,2.0,7,2.0,1,6644.0,3687.0,2.0,0,0,19.0,3.0,2.0,80.0,2.0,10.0,2.0,3.0,0.0,0.0,0.0,0.0,0
31.0,2,1463.0,1,23.0,3.0,3,1.0,367.0,2.0,1,64.0,2.0,2.0,0,4.0,1,5582.0,14408.0,0.0,0,0,21.0,4.0,2.0,80.0,1.0,10.0,2.0,3.0,9.0,0.0,7.0,8.0,0
25.0,0,675.0,1,5.0,2.0,1,1.0,369.0,2.0,1,85.0,4.0,2.0,0,1.0,0,4000.0,18384.0,1.0,0,0,12.0,3.0,4.0,80.0,2.0,6.0,2.0,3.0,6.0,3.0,1.0,5.0,0
45.0,2,1385.0,1,20.0,2.0,3,1.0,372.0,3.0,1,79.0,3.0,4.0,0,4.0,1,13496.0,7501.0,0.0,0,1,14.0,3.0,2.0,80.0,0.0,21.0,2.0,3.0,20.0,7.0,4.0,10.0,0
36.0,2,1403.0,1,6.0,3.0,1,1.0,373.0,4.0,1,47.0,3.0,1.0,2,4.0,1,3210.0,20251.0,0.0,0,0,11.0,3.0,3.0,80.0,1.0,16.0,4.0,3.0,15.0,13.0,10.0,11.0,0
55.0,2,452.0,1,1.0,3.0,3,1.0,374.0,4.0,1,81.0,3.0,5.0,3,1.0,2,19045.0,18938.0,0.0,0,1,14.0,3.0,3.0,80.0,0.0,37.0,2.0,3.0,36.0,10.0,4.0,13.0,0
47.0,0,666.0,1,29.0,4.0,1,1.0,376.0,1.0,1,88.0,3.0,3.0,3,2.0,1,11849.0,10268.0,1.0,0,1,12.0,3.0,4.0,80.0,1.0,10.0,2.0,2.0,10.0,7.0,9.0,9.0,1
28.0,2,1158.0,1,9.0,3.0,3,1.0,377.0,4.0,1,94.0,3.0,1.0,6,4.0,1,2070.0,2613.0,1.0,0,0,23.0,4.0,4.0,80.0,1.0,5.0,3.0,2.0,5.0,2.0,0.0,4.0,0
37.0,2,228.0,2,6.0,4.0,3,1.0,378.0,3.0,1,98.0,3.0,2.0,7,4.0,1,6502.0,22825.0,4.0,0,0,14.0,3.0,2.0,80.0,1.0,7.0,5.0,4.0,5.0,4.0,0.0,1.0,0
21.0,2,996.0,1,3.0,2.0,3,1.0,379.0,4.0,1,100.0,2.0,1.0,6,3.0,2,3230.0,10531.0,1.0,0,0,17.0,3.0,1.0,80.0,0.0,3.0,4.0,4.0,3.0,2.0,1.0,0.0,0
37.0,0,728.0,1,1.0,4.0,3,1.0,380.0,1.0,0,80.0,3.0,3.0,5,4.0,0,13603.0,11677.0,2.0,0,1,18.0,3.0,1.0,80.0,2.0,15.0,2.0,3.0,5.0,2.0,0.0,2.0,0
35.0,2,1315.0,1,22.0,3.0,1,1.0,381.0,2.0,0,71.0,4.0,3.0,3,2.0,0,11996.0,19100.0,7.0,0,0,18.0,3.0,2.0,80.0,1.0,10.0,6.0,2.0,7.0,7.0,6.0,2.0,0
38.0,2,322.0,2,7.0,2.0,3,1.0,382.0,1.0,0,44.0,4.0,2.0,7,1.0,0,5605.0,19191.0,1.0,0,1,24.0,4.0,3.0,80.0,1.0,8.0,3.0,3.0,8.0,0.0,7.0,7.0,0
26.0,1,1479.0,1,1.0,3.0,1,1.0,384.0,3.0,0,84.0,3.0,2.0,4,2.0,0,6397.0,26767.0,1.0,0,0,20.0,4.0,1.0,80.0,1.0,6.0,6.0,1.0,6.0,5.0,1.0,4.0,0
50.0,2,797.0,1,4.0,1.0,1,1.0,385.0,1.0,1,96.0,3.0,5.0,5,2.0,0,19144.0,15815.0,3.0,0,0,14.0,3.0,1.0,80.0,2.0,28.0,4.0,2.0,10.0,4.0,1.0,6.0,0
53.0,2,1070.0,1,3.0,4.0,3,1.0,386.0,3.0,1,45.0,3.0,4.0,5,3.0,1,17584.0,21016.0,3.0,0,1,16.0,3.0,4.0,80.0,3.0,21.0,5.0,2.0,5.0,3.0,1.0,3.0,0
42.0,2,635.0,2,1.0,1.0,1,1.0,387.0,2.0,1,99.0,3.0,2.0,7,3.0,1,4907.0,24532.0,1.0,0,0,25.0,4.0,3.0,80.0,0.0,20.0,3.0,3.0,20.0,16.0,11.0,6.0,0
29.0,1,442.0,2,2.0,2.0,1,1.0,388.0,2.0,1,44.0,3.0,2.0,7,4.0,2,4554.0,20260.0,1.0,0,0,18.0,3.0,1.0,80.0,0.0,10.0,3.0,2.0,10.0,7.0,0.0,9.0,0
55.0,2,147.0,1,20.0,2.0,5,1.0,389.0,2.0,1,37.0,3.0,2.0,2,4.0,1,5415.0,15972.0,3.0,0,1,19.0,3.0,4.0,80.0,1.0,12.0,4.0,3.0,10.0,7.0,0.0,8.0,0
26.0,1,496.0,1,11.0,2.0,3,1.0,390.0,1.0,1,60.0,3.0,2.0,0,1.0,1,4741.0,22722.0,1.0,0,1,13.0,3.0,3.0,80.0,1.0,5.0,3.0,3.0,5.0,3.0,3.0,3.0,0
37.0,2,1372.0,1,1.0,3.0,1,1.0,391.0,4.0,0,42.0,3.0,1.0,6,4.0,2,2115.0,15881.0,1.0,0,0,12.0,3.0,2.0,80.0,0.0,17.0,3.0,3.0,17.0,12.0,5.0,7.0,0
44.0,1,920.0,1,24.0,3.0,1,1.0,392.0,4.0,1,43.0,3.0,1.0,2,3.0,0,3161.0,19920.0,3.0,0,1,22.0,4.0,4.0,80.0,1.0,19.0,0.0,1.0,1.0,0.0,0.0,0.0,1
38.0,2,688.0,1,23.0,4.0,1,1.0,393.0,4.0,1,82.0,3.0,2.0,0,4.0,0,5745.0,18899.0,9.0,0,0,14.0,3.0,2.0,80.0,1.0,10.0,2.0,3.0,2.0,2.0,1.0,2.0,0
26.0,2,1449.0,1,16.0,4.0,3,1.0,394.0,1.0,1,45.0,3.0,1.0,2,2.0,0,2373.0,14180.0,2.0,0,1,13.0,3.0,4.0,80.0,1.0,5.0,2.0,3.0,3.0,2.0,0.0,2.0,1
28.0,2,1117.0,1,8.0,2.0,1,1.0,395.0,4.0,0,66.0,3.0,1.0,6,4.0,2,3310.0,4488.0,1.0,0,0,21.0,4.0,4.0,80.0,0.0,5.0,3.0,3.0,5.0,3.0,0.0,2.0,0
49.0,1,636.0,1,10.0,4.0,1,1.0,396.0,3.0,0,35.0,3.0,5.0,5,1.0,2,18665.0,25594.0,9.0,0,1,11.0,3.0,4.0,80.0,0.0,22.0,4.0,3.0,3.0,2.0,1.0,2.0,0
36.0,2,506.0,1,3.0,3.0,5,1.0,397.0,3.0,1,30.0,3.0,2.0,6,2.0,2,4485.0,26285.0,4.0,0,0,12.0,3.0,4.0,80.0,0.0,10.0,2.0,3.0,8.0,0.0,7.0,7.0,0
31.0,1,444.0,2,5.0,3.0,2,1.0,399.0,4.0,0,84.0,3.0,1.0,8,2.0,0,2789.0,3909.0,1.0,0,0,11.0,3.0,3.0,80.0,1.0,2.0,5.0,2.0,2.0,2.0,2.0,2.0,0
26.0,2,950.0,2,4.0,4.0,2,1.0,401.0,4.0,1,48.0,2.0,2.0,7,4.0,2,5828.0,8450.0,1.0,0,1,12.0,3.0,2.0,80.0,0.0,8.0,0.0,3.0,8.0,7.0,7.0,4.0,1
37.0,1,889.0,1,9.0,3.0,3,1.0,403.0,2.0,1,53.0,3.0,1.0,6,4.0,1,2326.0,11411.0,1.0,0,1,12.0,3.0,3.0,80.0,3.0,4.0,3.0,2.0,4.0,2.0,1.0,2.0,0
42.0,1,555.0,2,26.0,3.0,2,1.0,404.0,3.0,0,77.0,3.0,4.0,7,2.0,1,13525.0,14864.0,5.0,0,0,14.0,3.0,4.0,80.0,1.0,23.0,2.0,4.0,20.0,4.0,4.0,8.0,0
18.0,2,230.0,1,3.0,3.0,1,1.0,405.0,3.0,1,54.0,3.0,1.0,2,3.0,2,1420.0,25233.0,1.0,0,0,13.0,3.0,3.0,80.0,0.0,0.0,2.0,3.0,0.0,0.0,0.0,0.0,1
35.0,2,1232.0,2,16.0,3.0,2,1.0,406.0,3.0,1,96.0,3.0,3.0,7,2.0,1,8020.0,5100.0,0.0,0,0,15.0,3.0,3.0,80.0,2.0,12.0,3.0,2.0,11.0,9.0,6.0,9.0,0
36.0,1,566.0,1,18.0,4.0,1,1.0,407.0,3.0,1,81.0,4.0,1.0,2,4.0,1,3688.0,7122.0,4.0,0,0,18.0,3.0,4.0,80.0,2.0,4.0,2.0,3.0,1.0,0.0,0.0,0.0,0
51.0,2,1302.0,1,2.0,3.0,3,1.0,408.0,4.0,1,84.0,1.0,2.0,4,2.0,0,5482.0,16321.0,5.0,0,0,18.0,3.0,4.0,80.0,1.0,13.0,3.0,3.0,4.0,1.0,1.0,2.0,0
41.0,2,334.0,2,2.0,4.0,1,1.0,410.0,4.0,1,88.0,3.0,4.0,3,2.0,2,16015.0,15896.0,1.0,0,0,19.0,3.0,2.0,80.0,0.0,22.0,2.0,3.0,22.0,10.0,0.0,4.0,0
18.0,2,812.0,2,10.0,3.0,3,1.0,411.0,4.0,0,69.0,2.0,1.0,8,3.0,2,1200.0,9724.0,1.0,0,0,12.0,3.0,1.0,80.0,0.0,0.0,2.0,3.0,0.0,0.0,0.0,0.0,0
28.0,2,1476.0,1,16.0,2.0,3,1.0,412.0,2.0,1,68.0,4.0,2.0,0,1.0,2,5661.0,4824.0,0.0,0,0,19.0,3.0,3.0,80.0,0.0,9.0,2.0,3.0,8.0,3.0,0.0,7.0,0
31.0,2,218.0,2,7.0,3.0,5,1.0,416.0,2.0,1,100.0,4.0,2.0,7,4.0,1,6929.0,12241.0,4.0,0,0,11.0,3.0,2.0,80.0,1.0,10.0,3.0,2.0,8.0,7.0,7.0,7.0,0
39.0,2,1132.0,1,1.0,3.0,3,1.0,417.0,3.0,1,48.0,4.0,3.0,0,4.0,0,9613.0,10942.0,0.0,0,0,17.0,3.0,1.0,80.0,3.0,19.0,5.0,2.0,18.0,10.0,3.0,7.0,0
36.0,0,1105.0,1,24.0,4.0,1,1.0,419.0,2.0,0,47.0,3.0,2.0,2,2.0,1,5674.0,6927.0,7.0,0,0,15.0,3.0,3.0,80.0,1.0,11.0,3.0,3.0,9.0,8.0,0.0,8.0,0
32.0,2,906.0,2,7.0,3.0,1,1.0,420.0,4.0,1,91.0,2.0,2.0,7,3.0,1,5484.0,16985.0,1.0,0,0,14.0,3.0,3.0,80.0,1.0,13.0,3.0,2.0,13.0,8.0,4.0,8.0,0
38.0,2,849.0,1,25.0,2.0,1,1.0,421.0,1.0,0,81.0,2.0,3.0,5,2.0,1,12061.0,26707.0,3.0,0,0,17.0,3.0,3.0,80.0,1.0,19.0,2.0,3.0,10.0,8.0,0.0,1.0,0
58.0,0,390.0,1,1.0,4.0,1,1.0,422.0,4.0,1,32.0,1.0,2.0,0,3.0,0,5660.0,17056.0,2.0,0,1,13.0,3.0,4.0,80.0,1.0,12.0,2.0,3.0,5.0,3.0,1.0,2.0,0
31.0,2,691.0,1,5.0,4.0,5,1.0,423.0,3.0,1,86.0,3.0,1.0,6,4.0,1,4821.0,10077.0,0.0,0,1,12.0,3.0,3.0,80.0,1.0,6.0,4.0,3.0,5.0,2.0,0.0,3.0,0
31.0,2,106.0,0,2.0,3.0,0,1.0,424.0,1.0,1,62.0,2.0,2.0,1,1.0,1,6410.0,17822.0,3.0,0,0,12.0,3.0,4.0,80.0,0.0,9.0,1.0,3.0,2.0,2.0,1.0,0.0,0
45.0,1,1249.0,1,7.0,3.0,1,1.0,425.0,1.0,1,97.0,3.0,3.0,2,1.0,0,5210.0,20308.0,1.0,0,0,18.0,3.0,1.0,80.0,1.0,24.0,2.0,3.0,24.0,9.0,9.0,11.0,0
31.0,2,192.0,1,2.0,4.0,1,1.0,426.0,3.0,1,32.0,3.0,1.0,6,4.0,0,2695.0,7747.0,0.0,0,1,18.0,3.0,2.0,80.0,1.0,3.0,2.0,1.0,2.0,2.0,2.0,2.0,0
33.0,1,553.0,1,5.0,4.0,1,1.0,428.0,4.0,0,74.0,3.0,3.0,3,2.0,1,11878.0,23364.0,6.0,0,0,11.0,3.0,2.0,80.0,2.0,12.0,2.0,3.0,10.0,6.0,8.0,8.0,0
39.0,2,117.0,1,10.0,1.0,3,1.0,429.0,3.0,1,99.0,3.0,4.0,3,1.0,1,17068.0,5355.0,1.0,0,1,14.0,3.0,4.0,80.0,0.0,21.0,3.0,3.0,21.0,9.0,11.0,10.0,0
43.0,1,185.0,1,10.0,4.0,1,1.0,430.0,3.0,0,33.0,3.0,1.0,2,4.0,2,2455.0,10675.0,0.0,0,0,19.0,3.0,1.0,80.0,0.0,9.0,5.0,3.0,8.0,7.0,1.0,7.0,0
49.0,2,1091.0,1,1.0,2.0,5,1.0,431.0,3.0,0,90.0,2.0,4.0,0,3.0,2,13964.0,17810.0,7.0,0,1,12.0,3.0,4.0,80.0,0.0,25.0,2.0,3.0,7.0,1.0,0.0,7.0,0
52.0,2,723.0,1,8.0,4.0,3,1.0,433.0,3.0,1,85.0,2.0,2.0,6,2.0,1,4941.0,17747.0,2.0,0,0,15.0,3.0,1.0,80.0,0.0,11.0,3.0,2.0,8.0,2.0,7.0,7.0,1
27.0,2,1220.0,1,5.0,3.0,1,1.0,434.0,3.0,0,85.0,3.0,1.0,6,2.0,2,2478.0,20938.0,1.0,0,1,12.0,3.0,2.0,80.0,0.0,4.0,2.0,2.0,4.0,3.0,1.0,2.0,0
32.0,2,588.0,2,8.0,2.0,5,1.0,436.0,3.0,0,65.0,2.0,2.0,7,2.0,1,5228.0,24624.0,1.0,0,1,11.0,3.0,4.0,80.0,0.0,13.0,2.0,3.0,13.0,12.0,11.0,9.0,0
27.0,2,1377.0,2,2.0,3.0,1,1.0,437.0,4.0,1,74.0,3.0,2.0,7,3.0,2,4478.0,5242.0,1.0,0,1,11.0,3.0,1.0,80.0,0.0,5.0,3.0,3.0,5.0,4.0,0.0,4.0,0
31.0,2,691.0,2,7.0,3.0,2,1.0,438.0,4.0,1,73.0,3.0,2.0,7,4.0,0,7547.0,7143.0,4.0,0,0,12.0,3.0,4.0,80.0,3.0,13.0,3.0,3.0,7.0,7.0,1.0,7.0,0
32.0,2,1018.0,1,2.0,4.0,3,1.0,439.0,1.0,0,74.0,4.0,2.0,6,4.0,2,5055.0,10557.0,7.0,0,0,16.0,3.0,3.0,80.0,0.0,10.0,0.0,2.0,7.0,7.0,0.0,7.0,0
28.0,2,1157.0,1,2.0,4.0,3,1.0,440.0,1.0,1,84.0,1.0,1.0,6,4.0,1,3464.0,24737.0,5.0,0,1,13.0,3.0,4.0,80.0,0.0,5.0,4.0,2.0,3.0,2.0,2.0,2.0,1
30.0,2,1275.0,1,28.0,2.0,3,1.0,441.0,4.0,0,64.0,3.0,2.0,6,4.0,1,5775.0,11934.0,1.0,0,0,13.0,3.0,4.0,80.0,2.0,11.0,2.0,3.0,10.0,8.0,1.0,9.0,0
31.0,1,798.0,1,7.0,2.0,1,1.0,442.0,3.0,0,48.0,2.0,3.0,4,3.0,1,8943.0,14034.0,1.0,0,0,24.0,4.0,1.0,80.0,1.0,10.0,2.0,3.0,10.0,9.0,8.0,9.0,0
39.0,1,672.0,1,7.0,2.0,3,1.0,444.0,3.0,1,54.0,2.0,5.0,3,4.0,1,19272.0,21141.0,1.0,0,0,15.0,3.0,1.0,80.0,1.0,21.0,2.0,3.0,21.0,9.0,13.0,3.0,0
39.0,2,1162.0,2,3.0,2.0,3,1.0,445.0,4.0,0,41.0,3.0,2.0,7,3.0,1,5238.0,17778.0,4.0,0,1,18.0,3.0,1.0,80.0,0.0,12.0,3.0,2.0,1.0,0.0,0.0,0.0,1
33.0,1,508.0,2,10.0,3.0,2,1.0,446.0,2.0,1,46.0,2.0,2.0,7,4.0,2,4682.0,4317.0,3.0,0,0,14.0,3.0,3.0,80.0,0.0,9.0,6.0,2.0,7.0,7.0,0.0,1.0,0
47.0,2,1482.0,1,5.0,5.0,1,1.0,447.0,4.0,1,42.0,3.0,5.0,5,3.0,1,18300.0,16375.0,4.0,0,0,11.0,3.0,2.0,80.0,1.0,21.0,2.0,3.0,3.0,2.0,1.0,1.0,0
43.0,1,559.0,1,10.0,4.0,1,1.0,448.0,3.0,0,82.0,2.0,2.0,2,3.0,0,5257.0,6227.0,1.0,0,0,11.0,3.0,2.0,80.0,1.0,9.0,3.0,4.0,9.0,7.0,0.0,0.0,0
27.0,0,210.0,2,1.0,1.0,2,1.0,449.0,3.0,1,73.0,3.0,2.0,7,2.0,1,6349.0,22107.0,0.0,0,1,13.0,3.0,4.0,80.0,1.0,6.0,0.0,3.0,5.0,4.0,1.0,4.0,0
54.0,1,928.0,1,20.0,4.0,1,1.0,450.0,4.0,0,31.0,3.0,2.0,6,3.0,2,4869.0,16885.0,3.0,0,0,12.0,3.0,4.0,80.0,0.0,20.0,4.0,2.0,4.0,3.0,0.0,3.0,0
43.0,2,1001.0,1,7.0,3.0,1,1.0,451.0,3.0,0,43.0,3.0,3.0,0,1.0,1,9985.0,9262.0,8.0,0,0,16.0,3.0,1.0,80.0,1.0,10.0,1.0,2.0,1.0,0.0,0.0,0.0,0
45.0,2,549.0,1,8.0,4.0,4,1.0,452.0,4.0,1,75.0,3.0,2.0,6,4.0,1,3697.0,9278.0,9.0,0,0,14.0,3.0,1.0,80.0,2.0,12.0,3.0,3.0,10.0,9.0,9.0,8.0,0
40.0,2,1124.0,2,1.0,2.0,3,1.0,453.0,2.0,1,57.0,1.0,2.0,7,4.0,1,7457.0,13273.0,2.0,0,1,22.0,4.0,3.0,80.0,3.0,6.0,2.0,2.0,4.0,3.0,0.0,2.0,0
29.0,2,318.0,1,8.0,4.0,4,1.0,454.0,2.0,1,77.0,1.0,1.0,2,1.0,1,2119.0,4759.0,1.0,0,1,11.0,3.0,4.0,80.0,0.0,7.0,4.0,2.0,7.0,7.0,0.0,7.0,1
29.0,2,738.0,1,9.0,5.0,4,1.0,455.0,2.0,1,30.0,2.0,1.0,2,4.0,2,3983.0,7621.0,0.0,0,0,17.0,3.0,3.0,80.0,0.0,4.0,2.0,3.0,3.0,2.0,2.0,2.0,0
30.0,2,570.0,2,5.0,3.0,2,1.0,456.0,4.0,0,30.0,2.0,2.0,7,3.0,0,6118.0,5431.0,1.0,0,0,13.0,3.0,3.0,80.0,3.0,10.0,2.0,3.0,10.0,9.0,1.0,2.0,0
27.0,2,1130.0,2,8.0,4.0,2,1.0,458.0,2.0,0,56.0,3.0,2.0,7,2.0,1,6214.0,3415.0,1.0,0,0,18.0,3.0,1.0,80.0,1.0,8.0,3.0,3.0,8.0,7.0,0.0,7.0,0
37.0,2,1192.0,1,5.0,2.0,3,1.0,460.0,4.0,1,61.0,3.0,2.0,4,4.0,0,6347.0,23177.0,7.0,0,0,16.0,3.0,3.0,80.0,2.0,8.0,2.0,2.0,6.0,2.0,0.0,4.0,0
38.0,2,343.0,1,15.0,2.0,1,1.0,461.0,3.0,1,92.0,2.0,3.0,5,4.0,0,11510.0,15682.0,0.0,0,1,14.0,3.0,2.0,80.0,1.0,12.0,3.0,3.0,11.0,10.0,2.0,9.0,0
31.0,2,1232.0,1,7.0,4.0,3,1.0,462.0,3.0,0,39.0,3.0,3.0,4,4.0,2,7143.0,25713.0,1.0,0,1,14.0,3.0,3.0,80.0,0.0,11.0,2.0,2.0,11.0,9.0,4.0,10.0,0
29.0,2,144.0,2,10.0,1.0,2,1.0,463.0,4.0,0,39.0,2.0,2.0,7,2.0,0,8268.0,11866.0,1.0,0,1,14.0,3.0,1.0,80.0,2.0,7.0,2.0,3.0,7.0,7.0,1.0,7.0,0
35.0,2,1296.0,1,5.0,4.0,5,1.0,464.0,3.0,1,62.0,3.0,3.0,4,2.0,2,8095.0,18264.0,0.0,0,0,13.0,3.0,4.0,80.0,0.0,17.0,5.0,3.0,16.0,6.0,0.0,13.0,0
23.0,2,1309.0,1,26.0,1.0,1,1.0,465.0,3.0,1,83.0,3.0,1.0,6,4.0,0,2904.0,16092.0,1.0,0,0,12.0,3.0,3.0,80.0,2.0,4.0,2.0,2.0,4.0,2.0,0.0,2.0,0
41.0,2,483.0,1,6.0,3.0,3,1.0,466.0,4.0,1,95.0,2.0,2.0,4,2.0,2,6032.0,10110.0,6.0,0,1,15.0,3.0,4.0,80.0,0.0,8.0,3.0,3.0,5.0,4.0,1.0,2.0,0
47.0,1,1309.0,2,4.0,1.0,3,1.0,467.0,2.0,1,99.0,3.0,2.0,8,3.0,2,2976.0,25751.0,3.0,0,0,19.0,3.0,1.0,80.0,0.0,5.0,3.0,3.0,0.0,0.0,0.0,0.0,0
42.0,2,810.0,1,23.0,5.0,1,1.0,468.0,1.0,0,44.0,3.0,4.0,5,4.0,2,15992.0,15901.0,2.0,0,0,14.0,3.0,2.0,80.0,0.0,16.0,2.0,3.0,1.0,0.0,0.0,0.0,0
29.0,0,746.0,2,2.0,3.0,1,1.0,469.0,4.0,1,61.0,3.0,2.0,7,3.0,1,4649.0,16928.0,1.0,0,0,14.0,3.0,1.0,80.0,1.0,4.0,3.0,2.0,4.0,3.0,0.0,2.0,0
42.0,2,544.0,0,2.0,1.0,5,1.0,470.0,3.0,1,52.0,3.0,1.0,1,3.0,0,2696.0,24017.0,0.0,0,1,11.0,3.0,3.0,80.0,1.0,4.0,5.0,3.0,3.0,2.0,1.0,0.0,0
32.0,2,1062.0,1,2.0,3.0,3,1.0,471.0,3.0,0,75.0,3.0,1.0,2,2.0,1,2370.0,3956.0,1.0,0,0,13.0,3.0,3.0,80.0,1.0,8.0,4.0,3.0,8.0,0.0,0.0,7.0,0
48.0,2,530.0,2,29.0,1.0,3,1.0,473.0,1.0,0,91.0,3.0,3.0,3,3.0,1,12504.0,23978.0,3.0,0,0,21.0,4.0,2.0,80.0,1.0,15.0,3.0,1.0,0.0,0.0,0.0,0.0,0
37.0,2,1319.0,1,6.0,3.0,3,1.0,474.0,3.0,1,51.0,4.0,2.0,6,1.0,0,5974.0,17001.0,4.0,0,1,13.0,3.0,1.0,80.0,2.0,13.0,2.0,3.0,7.0,7.0,6.0,7.0,0
30.0,0,641.0,2,25.0,2.0,5,1.0,475.0,4.0,0,85.0,3.0,2.0,7,3.0,1,4736.0,6069.0,7.0,0,1,12.0,3.0,2.0,80.0,1.0,4.0,2.0,4.0,2.0,2.0,2.0,2.0,0
26.0,2,933.0,2,1.0,3.0,1,1.0,476.0,3.0,1,57.0,3.0,2.0,7,3.0,1,5296.0,20156.0,1.0,0,0,17.0,3.0,2.0,80.0,1.0,8.0,3.0,3.0,8.0,7.0,7.0,7.0,0
42.0,2,1332.0,1,2.0,4.0,4,1.0,477.0,1.0,1,98.0,2.0,2.0,0,4.0,2,6781.0,17078.0,3.0,0,0,23.0,4.0,2.0,80.0,0.0,14.0,6.0,3.0,1.0,0.0,0.0,0.0,0
21.0,1,756.0,2,1.0,1.0,5,1.0,478.0,1.0,0,99.0,2.0,1.0,8,2.0,2,2174.0,9150.0,1.0,0,1,11.0,3.0,3.0,80.0,0.0,3.0,3.0,3.0,3.0,2.0,1.0,2.0,1
36.0,0,845.0,2,1.0,5.0,3,1.0,479.0,4.0,0,45.0,3.0,2.0,7,4.0,2,6653.0,15276.0,4.0,0,0,15.0,3.0,2.0,80.0,0.0,7.0,6.0,3.0,1.0,0.0,0.0,0.0,0
36.0,1,541.0,2,3.0,4.0,3,1.0,481.0,1.0,1,48.0,2.0,3.0,7,4.0,1,9699.0,7246.0,4.0,0,0,11.0,3.0,1.0,80.0,1.0,16.0,2.0,3.0,13.0,9.0,1.0,12.0,0
57.0,2,593.0,1,1.0,4.0,3,1.0,482.0,4.0,1,88.0,3.0,2.0,0,3.0,1,6755.0,2967.0,2.0,0,0,11.0,3.0,3.0,80.0,0.0,15.0,2.0,3.0,3.0,2.0,1.0,2.0,0
40.0,2,1171.0,1,10.0,4.0,1,1.0,483.0,4.0,0,46.0,4.0,1.0,2,3.0,1,2213.0,22495.0,3.0,0,1,13.0,3.0,3.0,80.0,1.0,10.0,3.0,3.0,7.0,7.0,1.0,7.0,0
21.0,0,895.0,2,9.0,2.0,3,1.0,484.0,1.0,1,39.0,3.0,1.0,8,4.0,2,2610.0,2851.0,1.0,0,0,24.0,4.0,3.0,80.0,0.0,3.0,3.0,2.0,3.0,2.0,2.0,2.0,0
33.0,2,350.0,2,5.0,3.0,2,1.0,485.0,4.0,0,34.0,3.0,1.0,8,3.0,2,2851.0,9150.0,1.0,0,1,13.0,3.0,2.0,80.0,0.0,1.0,2.0,3.0,1.0,0.0,0.0,0.0,1
37.0,2,921.0,1,10.0,3.0,3,1.0,486.0,3.0,0,98.0,3.0,1.0,2,1.0,1,3452.0,17663.0,6.0,0,0,20.0,4.0,2.0,80.0,1.0,17.0,3.0,3.0,5.0,4.0,0.0,3.0,0
46.0,0,1144.0,1,7.0,4.0,3,1.0,487.0,3.0,0,30.0,3.0,2.0,4,3.0,1,5258.0,16044.0,2.0,0,0,14.0,3.0,3.0,80.0,0.0,7.0,2.0,4.0,1.0,0.0,0.0,0.0,0
41.0,1,143.0,2,4.0,3.0,2,1.0,488.0,1.0,1,56.0,3.0,2.0,7,2.0,2,9355.0,9558.0,1.0,0,0,18.0,3.0,3.0,80.0,0.0,8.0,5.0,3.0,8.0,7.0,7.0,7.0,1
50.0,2,1046.0,1,10.0,3.0,5,1.0,491.0,4.0,1,100.0,2.0,3.0,0,4.0,2,10496.0,2755.0,6.0,0,0,15.0,3.0,4.0,80.0,0.0,20.0,2.0,3.0,4.0,3.0,1.0,3.0,0
40.0,2,575.0,2,22.0,2.0,2,1.0,492.0,3.0,1,68.0,2.0,2.0,7,3.0,1,6380.0,6110.0,2.0,0,1,12.0,3.0,1.0,80.0,2.0,8.0,6.0,3.0,6.0,4.0,1.0,0.0,1
31.0,2,408.0,1,9.0,4.0,1,1.0,493.0,3.0,1,42.0,2.0,1.0,6,2.0,2,2657.0,7551.0,0.0,0,1,16.0,3.0,4.0,80.0,0.0,3.0,5.0,3.0,2.0,2.0,2.0,2.0,0
21.0,2,156.0,2,12.0,3.0,1,1.0,494.0,3.0,0,90.0,4.0,1.0,8,2.0,2,2716.0,25422.0,1.0,0,0,15.0,3.0,4.0,80.0,0.0,1.0,0.0,3.0,1.0,0.0,0.0,0.0,1
29.0,2,1283.0,1,23.0,3.0,1,1.0,495.0,4.0,1,54.0,3.0,1.0,6,4.0,2,2201.0,18168.0,9.0,0,0,16.0,3.0,4.0,80.0,0.0,6.0,4.0,3.0,3.0,2.0,1.0,2.0,0
35.0,2,755.0,1,9.0,4.0,1,1.0,496.0,3.0,1,97.0,2.0,2.0,0,2.0,2,6540.0,19394.0,9.0,0,0,19.0,3.0,3.0,80.0,0.0,10.0,5.0,3.0,1.0,1.0,0.0,0.0,0
27.0,2,1469.0,1,1.0,2.0,3,1.0,497.0,4.0,1,82.0,3.0,1.0,2,2.0,0,3816.0,17881.0,1.0,0,0,11.0,3.0,2.0,80.0,1.0,5.0,2.0,3.0,5.0,2.0,0.0,4.0,0
28.0,2,304.0,2,9.0,4.0,1,1.0,498.0,2.0,1,92.0,3.0,2.0,7,4.0,2,5253.0,20750.0,1.0,0,0,16.0,3.0,4.0,80.0,0.0,7.0,1.0,3.0,7.0,5.0,0.0,7.0,0
49.0,2,1261.0,1,7.0,3.0,4,1.0,499.0,2.0,1,31.0,2.0,3.0,0,3.0,2,10965.0,12066.0,8.0,0,0,24.0,4.0,3.0,80.0,0.0,26.0,2.0,3.0,5.0,2.0,0.0,0.0,0
51.0,2,1178.0,2,14.0,2.0,1,1.0,500.0,3.0,0,87.0,3.0,2.0,7,4.0,1,4936.0,14862.0,4.0,0,0,11.0,3.0,3.0,80.0,1.0,18.0,2.0,2.0,7.0,7.0,0.0,7.0,0
36.0,2,329.0,1,2.0,3.0,1,1.0,501.0,4.0,0,96.0,3.0,1.0,6,3.0,1,2543.0,11868.0,4.0,0,0,13.0,3.0,2.0,80.0,1.0,6.0,3.0,3.0,2.0,2.0,2.0,2.0,0
34.0,0,1362.0,2,19.0,3.0,2,1.0,502.0,1.0,1,67.0,4.0,2.0,7,4.0,2,5304.0,4652.0,8.0,0,1,13.0,3.0,2.0,80.0,0.0,9.0,3.0,2.0,5.0,2.0,0.0,4.0,1
55.0,2,1311.0,1,2.0,3.0,1,1.0,505.0,3.0,0,97.0,3.0,4.0,3,4.0,2,16659.0,23258.0,2.0,0,1,13.0,3.0,3.0,80.0,0.0,30.0,2.0,3.0,5.0,4.0,1.0,2.0,0
24.0,2,1371.0,2,10.0,4.0,2,1.0,507.0,4.0,0,77.0,3.0,2.0,7,3.0,0,4260.0,5915.0,1.0,0,1,12.0,3.0,4.0,80.0,1.0,5.0,2.0,4.0,5.0,2.0,0.0,3.0,0
30.0,2,202.0,2,2.0,1.0,5,1.0,508.0,3.0,1,72.0,3.0,1.0,8,2.0,1,2476.0,17434.0,1.0,0,0,18.0,3.0,1.0,80.0,1.0,1.0,3.0,3.0,1.0,0.0,0.0,0.0,0
26.0,1,575.0,1,3.0,1.0,5,1.0,510.0,3.0,1,73.0,3.0,1.0,6,1.0,2,3102.0,6582.0,0.0,0,0,22.0,4.0,3.0,80.0,0.0,7.0,2.0,3.0,6.0,4.0,0.0,4.0,1
22.0,2,253.0,1,11.0,3.0,3,1.0,511.0,1.0,0,43.0,3.0,1.0,6,2.0,1,2244.0,24440.0,1.0,0,0,13.0,3.0,4.0,80.0,1.0,2.0,1.0,3.0,2.0,1.0,1.0,2.0,0
36.0,2,164.0,2,2.0,2.0,3,1.0,513.0,2.0,1,61.0,2.0,3.0,7,3.0,1,7596.0,3809.0,1.0,0,0,13.0,3.0,2.0,80.0,2.0,10.0,2.0,3.0,10.0,9.0,9.0,0.0,0
30.0,1,464.0,1,4.0,3.0,5,1.0,514.0,3.0,1,40.0,3.0,1.0,6,4.0,2,2285.0,3427.0,9.0,0,1,23.0,4.0,3.0,80.0,0.0,3.0,4.0,3.0,1.0,0.0,0.0,0.0,1
37.0,2,1107.0,1,14.0,3.0,1,1.0,515.0,4.0,0,95.0,3.0,1.0,2,1.0,0,3034.0,26914.0,1.0,0,0,12.0,3.0,3.0,80.0,1.0,18.0,2.0,2.0,18.0,7.0,12.0,17.0,0
40.0,2,759.0,2,2.0,2.0,2,1.0,516.0,4.0,0,46.0,3.0,2.0,7,2.0,0,5715.0,22553.0,7.0,0,0,12.0,3.0,3.0,80.0,2.0,8.0,5.0,3.0,5.0,4.0,1.0,3.0,0
42.0,2,201.0,1,1.0,4.0,1,1.0,517.0,2.0,0,95.0,3.0,1.0,2,1.0,0,2576.0,20490.0,3.0,0,0,16.0,3.0,2.0,80.0,1.0,8.0,5.0,3.0,5.0,2.0,1.0,2.0,0
37.0,2,1305.0,1,10.0,4.0,1,1.0,518.0,3.0,1,49.0,3.0,2.0,4,2.0,2,4197.0,21123.0,2.0,0,1,12.0,3.0,4.0,80.0,0.0,18.0,2.0,2.0,1.0,0.0,0.0,1.0,0
43.0,2,982.0,1,12.0,3.0,1,1.0,520.0,1.0,1,59.0,2.0,4.0,5,2.0,0,14336.0,4345.0,1.0,0,0,11.0,3.0,3.0,80.0,1.0,25.0,3.0,3.0,25.0,10.0,3.0,9.0,0
40.0,2,555.0,1,2.0,3.0,3,1.0,521.0,2.0,0,78.0,2.0,2.0,2,3.0,1,3448.0,13436.0,6.0,0,0,22.0,4.0,2.0,80.0,1.0,20.0,3.0,3.0,1.0,0.0,0.0,0.0,0
54.0,2,821.0,1,5.0,2.0,3,1.0,522.0,1.0,1,86.0,3.0,5.0,5,1.0,1,19406.0,8509.0,4.0,0,0,11.0,3.0,3.0,80.0,1.0,24.0,4.0,2.0,4.0,2.0,1.0,2.0,0
34.0,0,1381.0,2,4.0,4.0,2,1.0,523.0,3.0,0,72.0,3.0,2.0,7,3.0,1,6538.0,12740.0,9.0,0,0,15.0,3.0,1.0,80.0,1.0,6.0,3.0,3.0,3.0,2.0,1.0,2.0,0
31.0,2,480.0,1,7.0,2.0,3,1.0,524.0,2.0,0,31.0,3.0,2.0,4,1.0,1,4306.0,4156.0,1.0,0,0,12.0,3.0,2.0,80.0,1.0,13.0,5.0,1.0,13.0,10.0,3.0,12.0,0
43.0,1,313.0,1,21.0,3.0,3,1.0,525.0,4.0,1,61.0,3.0,1.0,2,4.0,1,2258.0,15238.0,7.0,0,0,20.0,4.0,1.0,80.0,1.0,8.0,1.0,3.0,3.0,2.0,1.0,2.0,0
43.0,2,1473.0,1,8.0,4.0,4,1.0,526.0,3.0,0,74.0,3.0,2.0,0,3.0,0,4522.0,2227.0,4.0,0,1,14.0,3.0,4.0,80.0,0.0,8.0,3.0,3.0,5.0,2.0,0.0,2.0,0
25.0,2,891.0,2,4.0,2.0,1,1.0,527.0,2.0,0,99.0,2.0,2.0,7,4.0,2,4487.0,12090.0,1.0,0,1,11.0,3.0,2.0,80.0,0.0,5.0,3.0,3.0,5.0,4.0,1.0,3.0,0
37.0,0,1063.0,1,25.0,5.0,3,1.0,529.0,2.0,0,72.0,3.0,2.0,6,3.0,1,4449.0,23866.0,3.0,0,1,15.0,3.0,1.0,80.0,2.0,15.0,2.0,3.0,13.0,11.0,10.0,7.0,0
31.0,2,329.0,1,1.0,2.0,1,1.0,530.0,4.0,1,98.0,2.0,1.0,2,1.0,1,2218.0,16193.0,1.0,0,0,12.0,3.0,3.0,80.0,1.0,4.0,3.0,3.0,4.0,2.0,3.0,2.0,0
39.0,1,1218.0,1,1.0,1.0,1,1.0,531.0,2.0,1,52.0,3.0,5.0,3,3.0,0,19197.0,8213.0,1.0,0,1,14.0,3.0,3.0,80.0,1.0,21.0,3.0,3.0,21.0,8.0,1.0,6.0,0
56.0,1,906.0,2,6.0,3.0,1,1.0,532.0,3.0,0,86.0,4.0,4.0,7,1.0,1,13212.0,18256.0,9.0,0,0,11.0,3.0,4.0,80.0,3.0,36.0,0.0,2.0,7.0,7.0,7.0,7.0,0
30.0,2,1082.0,2,12.0,3.0,5,1.0,533.0,2.0,0,83.0,3.0,2.0,7,3.0,2,6577.0,19558.0,0.0,0,0,11.0,3.0,2.0,80.0,0.0,6.0,6.0,3.0,5.0,4.0,4.0,4.0,0
41.0,2,645.0,2,1.0,3.0,2,1.0,534.0,2.0,1,49.0,4.0,3.0,7,1.0,1,8392.0,19566.0,1.0,0,0,16.0,3.0,3.0,80.0,1.0,10.0,2.0,3.0,10.0,7.0,0.0,7.0,0
28.0,2,1300.0,1,17.0,2.0,3,1.0,536.0,3.0,1,79.0,3.0,2.0,2,1.0,0,4558.0,13535.0,1.0,0,0,12.0,3.0,4.0,80.0,1.0,10.0,2.0,3.0,10.0,0.0,1.0,8.0,0
25.0,2,688.0,1,3.0,3.0,3,1.0,538.0,1.0,1,91.0,3.0,1.0,2,1.0,1,4031.0,9396.0,5.0,0,0,13.0,3.0,3.0,80.0,1.0,6.0,5.0,3.0,2.0,2.0,0.0,2.0,1
52.0,2,319.0,1,3.0,3.0,3,1.0,543.0,4.0,1,39.0,2.0,3.0,4,3.0,1,7969.0,19609.0,2.0,0,1,14.0,3.0,3.0,80.0,0.0,28.0,4.0,3.0,5.0,4.0,0.0,4.0,0
45.0,2,192.0,1,10.0,2.0,1,1.0,544.0,1.0,1,69.0,3.0,1.0,6,4.0,1,2654.0,9655.0,3.0,0,0,21.0,4.0,4.0,80.0,2.0,8.0,3.0,2.0,2.0,2.0,0.0,2.0,0
52.0,2,1490.0,1,4.0,2.0,1,1.0,546.0,4.0,0,30.0,3.0,4.0,3,4.0,1,16555.0,10310.0,2.0,0,0,13.0,3.0,4.0,80.0,0.0,31.0,2.0,1.0,5.0,2.0,1.0,4.0,0
42.0,1,532.0,1,29.0,2.0,1,1.0,547.0,1.0,0,92.0,3.0,2.0,6,3.0,0,4556.0,12932.0,2.0,0,0,11.0,3.0,2.0,80.0,1.0,19.0,3.0,3.0,5.0,4.0,0.0,2.0,0
30.0,2,317.0,1,2.0,3.0,1,1.0,548.0,3.0,0,43.0,1.0,2.0,4,4.0,2,6091.0,24793.0,2.0,0,0,20.0,4.0,3.0,80.0,0.0,11.0,2.0,3.0,5.0,4.0,0.0,2.0,0
60.0,2,422.0,1,7.0,3.0,1,1.0,549.0,1.0,0,41.0,3.0,5.0,3,1.0,1,19566.0,3854.0,5.0,0,0,11.0,3.0,4.0,80.0,0.0,33.0,5.0,1.0,29.0,8.0,11.0,10.0,0
46.0,2,1485.0,1,18.0,3.0,3,1.0,550.0,3.0,0,87.0,3.0,2.0,4,3.0,0,4810.0,26314.0,2.0,0,0,14.0,3.0,3.0,80.0,1.0,19.0,5.0,2.0,10.0,7.0,0.0,8.0,0
42.0,1,1368.0,1,28.0,4.0,5,1.0,551.0,4.0,0,88.0,2.0,2.0,0,4.0,1,4523.0,4386.0,0.0,0,0,11.0,3.0,4.0,80.0,3.0,7.0,4.0,4.0,6.0,5.0,0.0,4.0,0
24.0,2,1448.0,2,1.0,1.0,5,1.0,554.0,1.0,0,62.0,3.0,1.0,8,2.0,2,3202.0,21972.0,1.0,0,1,16.0,3.0,2.0,80.0,0.0,6.0,4.0,3.0,5.0,3.0,1.0,4.0,1
34.0,1,296.0,2,6.0,2.0,2,1.0,555.0,4.0,0,33.0,1.0,1.0,8,3.0,0,2351.0,12253.0,0.0,0,0,16.0,3.0,4.0,80.0,1.0,3.0,3.0,2.0,2.0,2.0,1.0,0.0,1
38.0,1,1490.0,1,2.0,2.0,1,1.0,556.0,4.0,1,42.0,3.0,1.0,2,4.0,1,1702.0,12106.0,1.0,0,1,23.0,4.0,3.0,80.0,1.0,1.0,3.0,3.0,1.0,0.0,0.0,0.0,0
40.0,2,1398.0,2,2.0,4.0,1,1.0,558.0,3.0,0,79.0,3.0,5.0,3,3.0,1,18041.0,13022.0,0.0,0,0,14.0,3.0,4.0,80.0,0.0,21.0,2.0,3.0,20.0,15.0,1.0,12.0,0
26.0,2,1349.0,1,23.0,3.0,1,1.0,560.0,1.0,0,90.0,3.0,1.0,6,4.0,0,2886.0,3032.0,1.0,0,0,22.0,4.0,2.0,80.0,2.0,3.0,3.0,1.0,3.0,2.0,0.0,2.0,0
30.0,0,1400.0,1,3.0,3.0,1,1.0,562.0,3.0,1,53.0,3.0,1.0,2,4.0,1,2097.0,16734.0,4.0,0,0,15.0,3.0,3.0,80.0,1.0,9.0,3.0,1.0,5.0,3.0,1.0,4.0,0
29.0,2,986.0,1,3.0,4.0,3,1.0,564.0,2.0,1,93.0,2.0,3.0,5,3.0,1,11935.0,21526.0,1.0,0,0,18.0,3.0,3.0,80.0,0.0,10.0,2.0,3.0,10.0,2.0,0.0,7.0,0
29.0,2,408.0,1,25.0,5.0,5,1.0,565.0,3.0,0,71.0,2.0,1.0,6,2.0,1,2546.0,18300.0,5.0,0,0,16.0,3.0,2.0,80.0,0.0,6.0,2.0,4.0,2.0,2.0,1.0,1.0,1
19.0,2,489.0,0,2.0,2.0,5,1.0,566.0,1.0,1,52.0,2.0,1.0,1,4.0,2,2564.0,18437.0,1.0,0,0,12.0,3.0,3.0,80.0,0.0,1.0,3.0,4.0,1.0,0.0,0.0,0.0,1
30.0,0,1398.0,2,22.0,4.0,4,1.0,567.0,3.0,0,69.0,3.0,3.0,7,1.0,1,8412.0,2890.0,0.0,0,0,11.0,3.0,3.0,80.0,0.0,10.0,3.0,3.0,9.0,8.0,7.0,8.0,0
57.0,2,210.0,2,29.0,3.0,2,1.0,568.0,1.0,1,56.0,2.0,4.0,3,4.0,0,14118.0,22102.0,3.0,0,0,12.0,3.0,3.0,80.0,1.0,32.0,3.0,2.0,1.0,0.0,0.0,0.0,0
50.0,2,1099.0,1,29.0,4.0,1,1.0,569.0,2.0,1,88.0,2.0,4.0,3,3.0,1,17046.0,9314.0,0.0,0,0,15.0,3.0,2.0,80.0,1.0,28.0,2.0,3.0,27.0,10.0,15.0,7.0,0
30.0,0,1116.0,1,2.0,3.0,3,1.0,571.0,3.0,0,49.0,3.0,1.0,2,4.0,2,2564.0,7181.0,0.0,0,0,14.0,3.0,3.0,80.0,0.0,12.0,2.0,2.0,11.0,7.0,6.0,7.0,0
60.0,1,1499.0,2,28.0,3.0,2,1.0,573.0,3.0,0,80.0,2.0,3.0,7,1.0,1,10266.0,2845.0,4.0,0,0,19.0,3.0,4.0,80.0,0.0,22.0,5.0,4.0,18.0,13.0,13.0,11.0,0
47.0,2,983.0,1,2.0,2.0,3,1.0,574.0,1.0,0,65.0,3.0,2.0,4,4.0,0,5070.0,7389.0,5.0,0,0,13.0,3.0,3.0,80.0,3.0,20.0,2.0,3.0,5.0,0.0,0.0,4.0,0
46.0,2,1009.0,1,2.0,3.0,1,1.0,575.0,1.0,1,51.0,3.0,4.0,5,3.0,1,17861.0,2288.0,6.0,0,0,13.0,3.0,3.0,80.0,0.0,26.0,2.0,1.0,3.0,2.0,0.0,1.0,0
35.0,2,144.0,1,22.0,3.0,1,1.0,577.0,4.0,1,46.0,1.0,1.0,2,3.0,2,4230.0,19225.0,0.0,0,0,15.0,3.0,3.0,80.0,0.0,6.0,2.0,3.0,5.0,4.0,4.0,3.0,0
54.0,2,548.0,1,8.0,4.0,1,1.0,578.0,3.0,0,42.0,3.0,2.0,2,3.0,2,3780.0,23428.0,7.0,0,0,11.0,3.0,3.0,80.0,0.0,19.0,3.0,3.0,1.0,0.0,0.0,0.0,0
34.0,2,1303.0,1,2.0,4.0,1,1.0,579.0,4.0,1,62.0,2.0,1.0,6,3.0,0,2768.0,8416.0,3.0,0,0,12.0,3.0,3.0,80.0,1.0,14.0,3.0,3.0,7.0,3.0,5.0,7.0,0
46.0,2,1125.0,2,10.0,3.0,2,1.0,580.0,3.0,0,94.0,2.0,3.0,7,4.0,1,9071.0,11563.0,2.0,0,1,19.0,3.0,3.0,80.0,1.0,15.0,3.0,3.0,3.0,2.0,1.0,2.0,0
31.0,2,1274.0,1,9.0,1.0,1,1.0,581.0,3.0,1,33.0,3.0,3.0,4,2.0,0,10648.0,14394.0,1.0,0,0,25.0,4.0,4.0,80.0,1.0,13.0,6.0,4.0,13.0,8.0,0.0,8.0,0
33.0,2,1277.0,1,15.0,1.0,3,1.0,582.0,2.0,1,56.0,3.0,3.0,3,3.0,1,13610.0,24619.0,7.0,0,1,12.0,3.0,4.0,80.0,0.0,15.0,2.0,4.0,7.0,6.0,7.0,7.0,1
33.0,2,587.0,1,10.0,1.0,3,1.0,584.0,1.0,1,38.0,1.0,1.0,2,4.0,0,3408.0,6705.0,7.0,0,0,13.0,3.0,1.0,80.0,3.0,8.0,2.0,3.0,4.0,3.0,1.0,3.0,1
30.0,2,413.0,2,7.0,1.0,2,1.0,585.0,4.0,1,57.0,3.0,1.0,8,2.0,2,2983.0,18398.0,0.0,0,0,14.0,3.0,1.0,80.0,0.0,4.0,3.0,3.0,3.0,2.0,1.0,2.0,0
35.0,2,1276.0,1,16.0,3.0,1,1.0,586.0,4.0,1,72.0,3.0,3.0,0,3.0,1,7632.0,14295.0,4.0,0,1,12.0,3.0,3.0,80.0,0.0,10.0,2.0,3.0,8.0,7.0,0.0,0.0,0
31.0,1,534.0,1,20.0,3.0,1,1.0,587.0,1.0,1,66.0,3.0,3.0,0,3.0,1,9824.0,22908.0,3.0,0,0,12.0,3.0,1.0,80.0,0.0,12.0,2.0,3.0,1.0,0.0,0.0,0.0,1
34.0,1,988.0,0,23.0,3.0,0,1.0,590.0,2.0,0,43.0,3.0,3.0,1,1.0,0,9950.0,11533.0,9.0,0,1,15.0,3.0,3.0,80.0,3.0,11.0,2.0,3.0,3.0,2.0,0.0,2.0,1
42.0,1,1474.0,1,5.0,2.0,4,1.0,591.0,2.0,1,97.0,3.0,1.0,2,3.0,1,2093.0,9260.0,4.0,0,0,17.0,3.0,4.0,80.0,1.0,8.0,4.0,3.0,2.0,2.0,2.0,0.0,0
36.0,0,635.0,2,10.0,4.0,3,1.0,592.0,2.0,1,32.0,3.0,3.0,7,4.0,2,9980.0,15318.0,1.0,0,0,14.0,3.0,4.0,80.0,0.0,10.0,3.0,2.0,10.0,3.0,9.0,7.0,0
22.0,1,1368.0,1,4.0,1.0,5,1.0,593.0,3.0,1,99.0,2.0,1.0,2,3.0,2,3894.0,9129.0,5.0,0,0,16.0,3.0,3.0,80.0,0.0,4.0,3.0,3.0,2.0,2.0,1.0,2.0,1
48.0,2,163.0,2,2.0,5.0,2,1.0,595.0,2.0,0,37.0,3.0,2.0,7,4.0,1,4051.0,19658.0,2.0,0,0,14.0,3.0,1.0,80.0,1.0,14.0,2.0,3.0,9.0,7.0,6.0,7.0,0
55.0,2,1117.0,2,18.0,5.0,1,1.0,597.0,1.0,0,83.0,3.0,4.0,3,2.0,2,16835.0,9873.0,3.0,0,0,23.0,4.0,4.0,80.0,0.0,37.0,2.0,3.0,10.0,9.0,7.0,7.0,0
41.0,0,267.0,2,10.0,2.0,1,1.0,599.0,4.0,1,56.0,3.0,2.0,7,4.0,2,6230.0,13430.0,7.0,0,0,14.0,3.0,4.0,80.0,0.0,16.0,3.0,3.0,14.0,3.0,1.0,10.0,0
35.0,2,619.0,2,1.0,3.0,2,1.0,600.0,2.0,1,85.0,3.0,2.0,7,3.0,1,4717.0,18659.0,9.0,0,0,11.0,3.0,3.0,80.0,0.0,15.0,2.0,3.0,11.0,9.0,6.0,9.0,0
40.0,2,302.0,1,6.0,3.0,1,1.0,601.0,2.0,0,75.0,3.0,4.0,4,3.0,2,13237.0,20364.0,7.0,0,0,15.0,3.0,3.0,80.0,0.0,22.0,3.0,3.0,20.0,6.0,5.0,13.0,0
39.0,1,443.0,1,8.0,1.0,1,1.0,602.0,3.0,0,48.0,3.0,1.0,2,3.0,1,3755.0,17872.0,1.0,0,0,11.0,3.0,1.0,80.0,1.0,8.0,3.0,3.0,8.0,3.0,0.0,7.0,0
31.0,2,828.0,2,2.0,1.0,1,1.0,604.0,2.0,1,77.0,3.0,2.0,7,4.0,2,6582.0,8346.0,4.0,0,1,13.0,3.0,3.0,80.0,0.0,10.0,2.0,4.0,6.0,5.0,0.0,5.0,0
42.0,2,319.0,1,24.0,3.0,3,1.0,605.0,4.0,1,56.0,3.0,3.0,4,1.0,1,7406.0,6950.0,1.0,0,1,21.0,4.0,4.0,80.0,1.0,10.0,5.0,2.0,10.0,9.0,5.0,8.0,0
45.0,2,561.0,2,2.0,3.0,4,1.0,606.0,4.0,1,61.0,3.0,2.0,7,2.0,1,4805.0,16177.0,0.0,0,0,19.0,3.0,2.0,80.0,1.0,9.0,3.0,4.0,8.0,7.0,3.0,7.0,0
26.0,1,426.0,0,17.0,4.0,1,1.0,608.0,2.0,0,58.0,3.0,1.0,1,3.0,0,2741.0,22808.0,0.0,0,1,11.0,3.0,2.0,80.0,1.0,8.0,2.0,2.0,7.0,7.0,1.0,0.0,1
29.0,2,232.0,1,19.0,3.0,5,1.0,611.0,4.0,1,34.0,3.0,2.0,4,4.0,0,4262.0,22645.0,4.0,0,0,12.0,3.0,2.0,80.0,2.0,8.0,2.0,4.0,3.0,2.0,1.0,2.0,0
33.0,2,922.0,1,1.0,5.0,3,1.0,612.0,1.0,0,95.0,4.0,4.0,5,3.0,0,16184.0,22578.0,4.0,0,0,19.0,3.0,3.0,80.0,1.0,10.0,2.0,3.0,6.0,1.0,0.0,5.0,0
31.0,2,688.0,2,7.0,3.0,1,1.0,613.0,3.0,1,44.0,2.0,3.0,3,4.0,0,11557.0,25291.0,9.0,0,0,21.0,4.0,3.0,80.0,1.0,10.0,3.0,2.0,5.0,4.0,0.0,1.0,0
18.0,1,1306.0,2,5.0,3.0,2,1.0,614.0,2.0,1,69.0,3.0,1.0,8,2.0,2,1878.0,8059.0,1.0,0,1,14.0,3.0,4.0,80.0,0.0,0.0,3.0,3.0,0.0,0.0,0.0,0.0,1
40.0,0,1094.0,2,28.0,3.0,4,1.0,615.0,3.0,1,58.0,1.0,3.0,7,1.0,0,10932.0,11373.0,3.0,0,0,15.0,3.0,3.0,80.0,1.0,20.0,2.0,3.0,1.0,0.0,0.0,1.0,0
41.0,0,509.0,1,2.0,4.0,4,1.0,616.0,1.0,0,62.0,2.0,2.0,0,3.0,2,6811.0,2112.0,2.0,0,1,17.0,3.0,1.0,80.0,0.0,10.0,3.0,3.0,8.0,7.0,0.0,7.0,0
26.0,2,775.0,2,29.0,2.0,3,1.0,618.0,1.0,1,45.0,3.0,2.0,7,3.0,0,4306.0,4267.0,5.0,0,0,12.0,3.0,1.0,80.0,2.0,8.0,5.0,3.0,0.0,0.0,0.0,0.0,0
35.0,2,195.0,2,1.0,3.0,3,1.0,620.0,1.0,0,80.0,3.0,2.0,7,3.0,2,4859.0,6698.0,1.0,0,0,16.0,3.0,4.0,80.0,0.0,5.0,3.0,3.0,5.0,4.0,0.0,3.0,0
34.0,2,258.0,2,21.0,4.0,1,1.0,621.0,4.0,1,74.0,4.0,2.0,7,4.0,2,5337.0,19921.0,1.0,0,0,12.0,3.0,4.0,80.0,0.0,10.0,3.0,3.0,10.0,7.0,5.0,7.0,0
26.0,2,471.0,1,24.0,3.0,5,1.0,622.0,3.0,1,66.0,1.0,1.0,2,4.0,2,2340.0,23213.0,1.0,0,1,18.0,3.0,2.0,80.0,0.0,1.0,3.0,1.0,1.0,0.0,0.0,0.0,1
37.0,2,799.0,1,1.0,3.0,5,1.0,623.0,2.0,0,59.0,3.0,3.0,4,4.0,2,7491.0,23848.0,4.0,0,0,17.0,3.0,4.0,80.0,0.0,12.0,3.0,4.0,6.0,5.0,1.0,2.0,0
46.0,1,1034.0,1,18.0,1.0,3,1.0,624.0,1.0,0,86.0,3.0,3.0,0,3.0,1,10527.0,8984.0,5.0,0,0,11.0,3.0,4.0,80.0,0.0,28.0,3.0,2.0,2.0,2.0,1.0,2.0,0
41.0,2,1276.0,2,2.0,5.0,1,1.0,625.0,2.0,0,91.0,3.0,4.0,3,1.0,1,16595.0,5626.0,7.0,0,0,16.0,3.0,2.0,80.0,1.0,22.0,2.0,3.0,18.0,16.0,11.0,8.0,0
37.0,0,142.0,2,9.0,4.0,3,1.0,626.0,1.0,1,69.0,3.0,3.0,7,2.0,0,8834.0,24666.0,1.0,0,0,13.0,3.0,4.0,80.0,1.0,9.0,6.0,3.0,9.0,5.0,7.0,7.0,0
52.0,2,956.0,1,6.0,2.0,5,1.0,630.0,4.0,1,78.0,3.0,2.0,6,1.0,0,5577.0,22087.0,3.0,0,1,12.0,3.0,2.0,80.0,2.0,18.0,3.0,3.0,10.0,9.0,6.0,9.0,0
32.0,0,1474.0,2,11.0,4.0,4,1.0,631.0,4.0,1,60.0,4.0,2.0,7,3.0,1,4707.0,23914.0,8.0,0,0,12.0,3.0,4.0,80.0,0.0,6.0,2.0,3.0,4.0,2.0,1.0,2.0,1
24.0,1,535.0,2,24.0,3.0,3,1.0,632.0,4.0,1,38.0,3.0,1.0,8,4.0,1,2400.0,5530.0,0.0,0,0,13.0,3.0,3.0,80.0,2.0,3.0,3.0,3.0,2.0,2.0,2.0,1.0,0
38.0,2,1495.0,1,10.0,3.0,3,1.0,634.0,3.0,0,76.0,3.0,2.0,0,3.0,1,9824.0,22174.0,3.0,0,0,19.0,3.0,3.0,80.0,1.0,18.0,4.0,3.0,1.0,0.0,0.0,0.0,0
37.0,2,446.0,1,1.0,4.0,1,1.0,635.0,2.0,0,65.0,3.0,2.0,4,2.0,1,6447.0,15701.0,6.0,0,0,12.0,3.0,2.0,80.0,1.0,8.0,2.0,2.0,6.0,5.0,4.0,3.0,0
49.0,2,1245.0,1,18.0,4.0,1,1.0,638.0,4.0,1,58.0,2.0,5.0,5,3.0,0,19502.0,2125.0,1.0,0,1,17.0,3.0,3.0,80.0,1.0,31.0,5.0,3.0,31.0,9.0,0.0,9.0,0
24.0,2,691.0,1,23.0,3.0,3,1.0,639.0,2.0,1,89.0,4.0,1.0,6,4.0,1,2725.0,21630.0,1.0,0,1,11.0,3.0,2.0,80.0,2.0,6.0,3.0,3.0,6.0,5.0,1.0,4.0,0
26.0,2,703.0,2,28.0,2.0,2,1.0,641.0,1.0,1,66.0,3.0,2.0,7,2.0,1,6272.0,7428.0,1.0,0,0,20.0,4.0,4.0,80.0,2.0,6.0,5.0,4.0,5.0,3.0,1.0,4.0,0
24.0,2,823.0,1,17.0,2.0,4,1.0,643.0,4.0,1,94.0,2.0,1.0,2,2.0,1,2127.0,9100.0,1.0,0,0,21.0,4.0,4.0,80.0,1.0,1.0,2.0,3.0,1.0,0.0,0.0,0.0,0
50.0,1,1246.0,0,3.0,3.0,3,1.0,644.0,1.0,1,99.0,3.0,5.0,3,2.0,1,18200.0,7999.0,1.0,0,0,11.0,3.0,3.0,80.0,1.0,32.0,2.0,3.0,32.0,5.0,10.0,7.0,0
25.0,2,622.0,2,13.0,1.0,3,1.0,645.0,2.0,1,40.0,3.0,1.0,8,3.0,1,2096.0,26376.0,1.0,0,0,11.0,3.0,3.0,80.0,0.0,7.0,1.0,3.0,7.0,4.0,0.0,6.0,0
24.0,1,1287.0,1,7.0,3.0,1,1.0,647.0,1.0,0,55.0,3.0,1.0,2,3.0,1,2886.0,14168.0,1.0,0,1,16.0,3.0,4.0,80.0,1.0,6.0,4.0,3.0,6.0,3.0,1.0,2.0,1
30.0,1,448.0,2,12.0,4.0,1,1.0,648.0,2.0,1,74.0,2.0,1.0,8,1.0,1,2033.0,14470.0,1.0,0,0,18.0,3.0,3.0,80.0,1.0,1.0,2.0,4.0,1.0,0.0,0.0,0.0,1
34.0,2,254.0,1,1.0,2.0,1,1.0,649.0,2.0,1,83.0,2.0,1.0,6,4.0,1,3622.0,22794.0,1.0,0,1,13.0,3.0,4.0,80.0,1.0,6.0,3.0,3.0,6.0,5.0,1.0,3.0,0
31.0,2,1365.0,2,13.0,4.0,3,1.0,650.0,2.0,1,46.0,3.0,2.0,7,1.0,0,4233.0,11512.0,2.0,0,0,17.0,3.0,3.0,80.0,0.0,9.0,2.0,1.0,3.0,1.0,1.0,2.0,1
35.0,2,538.0,1,25.0,2.0,4,1.0,652.0,1.0,1,54.0,2.0,2.0,2,4.0,2,3681.0,14004.0,4.0,0,0,14.0,3.0,4.0,80.0,0.0,9.0,3.0,3.0,3.0,2.0,0.0,2.0,0
31.0,2,525.0,2,6.0,4.0,3,1.0,653.0,1.0,1,66.0,4.0,2.0,7,4.0,0,5460.0,6219.0,4.0,0,0,22.0,4.0,4.0,80.0,2.0,13.0,4.0,4.0,7.0,7.0,5.0,7.0,0
27.0,2,798.0,1,6.0,4.0,3,1.0,655.0,1.0,0,66.0,2.0,1.0,6,3.0,0,2187.0,5013.0,0.0,0,0,12.0,3.0,3.0,80.0,2.0,6.0,5.0,2.0,5.0,3.0,0.0,3.0,0
37.0,2,558.0,2,2.0,3.0,2,1.0,656.0,4.0,1,75.0,3.0,2.0,7,3.0,1,9602.0,3010.0,4.0,0,1,11.0,3.0,3.0,80.0,1.0,17.0,3.0,2.0,3.0,0.0,1.0,0.0,0
20.0,2,959.0,1,1.0,3.0,1,1.0,657.0,4.0,0,83.0,2.0,1.0,6,2.0,2,2836.0,11757.0,1.0,0,0,13.0,3.0,4.0,80.0,0.0,1.0,0.0,4.0,1.0,0.0,0.0,0.0,0
42.0,2,622.0,1,2.0,4.0,1,1.0,659.0,3.0,0,81.0,3.0,2.0,0,4.0,1,4089.0,5718.0,1.0,0,0,13.0,3.0,2.0,80.0,2.0,10.0,4.0,3.0,10.0,2.0,2.0,2.0,0
43.0,2,782.0,1,6.0,4.0,4,1.0,661.0,2.0,1,50.0,2.0,4.0,5,4.0,0,16627.0,2671.0,4.0,0,1,14.0,3.0,3.0,80.0,1.0,21.0,3.0,2.0,1.0,0.0,0.0,0.0,0
38.0,2,362.0,1,1.0,1.0,1,1.0,662.0,3.0,0,43.0,3.0,1.0,6,1.0,2,2619.0,14561.0,3.0,0,0,17.0,3.0,4.0,80.0,0.0,8.0,3.0,2.0,0.0,0.0,0.0,0.0,0
43.0,1,1001.0,1,9.0,5.0,3,1.0,663.0,4.0,1,72.0,3.0,2.0,2,3.0,0,5679.0,19627.0,3.0,0,1,13.0,3.0,2.0,80.0,1.0,10.0,3.0,3.0,8.0,7.0,4.0,7.0,0
48.0,2,1236.0,1,1.0,4.0,1,1.0,664.0,4.0,0,40.0,2.0,4.0,3,1.0,1,15402.0,17997.0,7.0,0,0,11.0,3.0,1.0,80.0,1.0,21.0,3.0,1.0,3.0,2.0,0.0,2.0,0
44.0,2,1112.0,0,1.0,4.0,1,1.0,665.0,1.0,0,50.0,2.0,2.0,1,3.0,2,5985.0,26894.0,4.0,0,0,11.0,3.0,2.0,80.0,0.0,10.0,1.0,4.0,2.0,2.0,0.0,2.0,0
34.0,2,204.0,2,14.0,3.0,5,1.0,666.0,3.0,0,31.0,3.0,1.0,8,3.0,0,2579.0,2912.0,1.0,0,1,18.0,3.0,4.0,80.0,2.0,8.0,3.0,3.0,8.0,2.0,0.0,6.0,0
27.0,2,1420.0,2,2.0,1.0,2,1.0,667.0,3.0,1,85.0,3.0,1.0,8,1.0,0,3041.0,16346.0,0.0,0,0,11.0,3.0,2.0,80.0,1.0,5.0,3.0,3.0,4.0,3.0,0.0,2.0,1
21.0,2,1343.0,2,22.0,1.0,5,1.0,669.0,3.0,1,49.0,3.0,1.0,8,3.0,2,3447.0,24444.0,1.0,0,0,11.0,3.0,3.0,80.0,0.0,3.0,2.0,3.0,3.0,2.0,1.0,2.0,0
44.0,2,1315.0,1,3.0,4.0,4,1.0,671.0,4.0,1,35.0,3.0,5.0,3,4.0,1,19513.0,9358.0,4.0,0,1,12.0,3.0,1.0,80.0,1.0,26.0,2.0,4.0,2.0,2.0,0.0,1.0,0
22.0,2,604.0,1,6.0,1.0,3,1.0,675.0,1.0,1,69.0,3.0,1.0,6,3.0,1,2773.0,12145.0,0.0,0,0,20.0,4.0,4.0,80.0,0.0,3.0,3.0,3.0,2.0,2.0,2.0,2.0,0
33.0,2,1216.0,2,8.0,4.0,2,1.0,677.0,3.0,1,39.0,3.0,2.0,7,3.0,0,7104.0,20431.0,0.0,0,0,12.0,3.0,4.0,80.0,0.0,6.0,3.0,3.0,5.0,0.0,1.0,2.0,0
32.0,2,646.0,1,9.0,4.0,1,1.0,679.0,1.0,0,92.0,3.0,2.0,6,4.0,1,6322.0,18089.0,1.0,0,1,12.0,3.0,4.0,80.0,1.0,6.0,2.0,2.0,6.0,4.0,0.0,5.0,0
30.0,1,160.0,1,3.0,3.0,3,1.0,680.0,3.0,0,71.0,3.0,1.0,6,3.0,0,2083.0,22653.0,1.0,0,0,20.0,4.0,3.0,80.0,1.0,1.0,2.0,3.0,1.0,0.0,0.0,0.0,0
53.0,2,238.0,2,1.0,1.0,3,1.0,682.0,4.0,0,34.0,3.0,2.0,7,1.0,2,8381.0,7507.0,7.0,0,0,20.0,4.0,4.0,80.0,0.0,18.0,2.0,4.0,14.0,7.0,8.0,10.0,0
34.0,2,1397.0,1,1.0,5.0,1,1.0,683.0,2.0,1,42.0,3.0,1.0,6,4.0,1,2691.0,7660.0,1.0,0,0,12.0,3.0,4.0,80.0,1.0,10.0,4.0,2.0,10.0,9.0,8.0,8.0,0
45.0,1,306.0,2,26.0,4.0,1,1.0,684.0,1.0,0,100.0,3.0,2.0,7,1.0,1,4286.0,5630.0,2.0,0,0,14.0,3.0,4.0,80.0,2.0,5.0,4.0,3.0,1.0,1.0,0.0,0.0,1
26.0,2,991.0,1,6.0,3.0,1,1.0,686.0,3.0,0,71.0,3.0,1.0,2,4.0,1,2659.0,17759.0,1.0,0,1,13.0,3.0,3.0,80.0,1.0,3.0,2.0,3.0,3.0,2.0,0.0,2.0,0
37.0,2,482.0,1,3.0,3.0,4,1.0,689.0,3.0,1,36.0,3.0,3.0,4,3.0,1,9434.0,9606.0,1.0,0,0,15.0,3.0,3.0,80.0,1.0,10.0,2.0,3.0,10.0,7.0,7.0,8.0,0
29.0,2,1176.0,2,3.0,2.0,3,1.0,690.0,2.0,0,62.0,3.0,2.0,7,3.0,1,5561.0,3487.0,1.0,0,0,14.0,3.0,1.0,80.0,1.0,6.0,5.0,2.0,6.0,0.0,1.0,2.0,0
35.0,2,1017.0,1,6.0,4.0,1,1.0,691.0,2.0,1,82.0,1.0,2.0,6,4.0,2,6646.0,19368.0,1.0,0,0,13.0,3.0,2.0,80.0,0.0,17.0,3.0,3.0,17.0,11.0,11.0,8.0,0
33.0,1,1296.0,1,6.0,3.0,1,1.0,692.0,3.0,1,30.0,3.0,2.0,0,4.0,0,7725.0,5335.0,3.0,0,0,23.0,4.0,3.0,80.0,1.0,15.0,2.0,1.0,13.0,11.0,4.0,7.0,0
54.0,2,397.0,0,19.0,4.0,3,1.0,698.0,3.0,1,88.0,3.0,3.0,1,2.0,1,10725.0,6729.0,2.0,0,0,15.0,3.0,3.0,80.0,1.0,16.0,1.0,4.0,9.0,7.0,7.0,1.0,0
36.0,2,913.0,1,9.0,2.0,3,1.0,699.0,2.0,1,48.0,2.0,2.0,4,2.0,0,8847.0,13934.0,2.0,0,1,11.0,3.0,3.0,80.0,1.0,13.0,2.0,3.0,3.0,2.0,0.0,2.0,0
27.0,2,1115.0,1,3.0,4.0,3,1.0,700.0,1.0,1,54.0,2.0,1.0,6,4.0,2,2045.0,15174.0,0.0,0,0,13.0,3.0,4.0,80.0,0.0,5.0,0.0,3.0,4.0,2.0,1.0,1.0,0
20.0,2,1362.0,1,10.0,1.0,3,1.0,701.0,4.0,1,32.0,3.0,1.0,6,3.0,2,1009.0,26999.0,1.0,0,1,11.0,3.0,4.0,80.0,0.0,1.0,5.0,3.0,1.0,0.0,1.0,1.0,1
33.0,1,1076.0,1,3.0,3.0,1,1.0,702.0,1.0,1,70.0,3.0,1.0,6,1.0,2,3348.0,3164.0,1.0,0,1,11.0,3.0,1.0,80.0,0.0,10.0,3.0,3.0,10.0,8.0,9.0,7.0,1
35.0,0,727.0,1,3.0,3.0,1,1.0,704.0,3.0,1,41.0,2.0,1.0,2,3.0,1,1281.0,16900.0,1.0,0,0,18.0,3.0,3.0,80.0,2.0,1.0,3.0,3.0,1.0,0.0,0.0,0.0,0
23.0,2,885.0,1,4.0,3.0,3,1.0,705.0,1.0,1,58.0,4.0,1.0,6,1.0,1,2819.0,8544.0,2.0,0,0,16.0,3.0,1.0,80.0,1.0,5.0,3.0,4.0,3.0,2.0,0.0,2.0,0
25.0,2,810.0,2,8.0,3.0,1,1.0,707.0,4.0,1,57.0,4.0,2.0,7,2.0,1,4851.0,15678.0,0.0,0,0,22.0,4.0,3.0,80.0,1.0,4.0,4.0,3.0,3.0,2.0,1.0,2.0,0
38.0,2,243.0,2,7.0,4.0,2,1.0,709.0,4.0,0,46.0,2.0,2.0,7,4.0,2,4028.0,7791.0,0.0,0,0,20.0,4.0,1.0,80.0,0.0,8.0,2.0,3.0,7.0,7.0,0.0,5.0,0
29.0,1,806.0,1,1.0,4.0,1,1.0,710.0,2.0,1,76.0,1.0,1.0,6,4.0,0,2720.0,18959.0,1.0,0,0,18.0,3.0,4.0,80.0,1.0,10.0,5.0,3.0,10.0,7.0,2.0,8.0,0
48.0,2,817.0,2,2.0,1.0,2,1.0,712.0,2.0,1,56.0,4.0,2.0,7,2.0,1,8120.0,18597.0,3.0,0,0,12.0,3.0,4.0,80.0,0.0,12.0,3.0,3.0,2.0,2.0,2.0,2.0,0
27.0,1,1410.0,2,3.0,1.0,3,1.0,714.0,4.0,0,71.0,4.0,2.0,7,4.0,0,4647.0,16673.0,1.0,0,1,20.0,4.0,2.0,80.0,2.0,6.0,3.0,3.0,6.0,5.0,0.0,4.0,0
37.0,2,1225.0,1,10.0,2.0,1,1.0,715.0,4.0,1,80.0,4.0,1.0,6,4.0,2,4680.0,15232.0,3.0,0,0,17.0,3.0,1.0,80.0,0.0,4.0,2.0,3.0,1.0,0.0,0.0,0.0,0
50.0,2,1207.0,1,28.0,1.0,3,1.0,716.0,4.0,1,74.0,4.0,1.0,2,3.0,1,3221.0,3297.0,1.0,0,1,11.0,3.0,3.0,80.0,3.0,20.0,3.0,3.0,20.0,8.0,3.0,8.0,0
34.0,2,1442.0,1,9.0,3.0,3,1.0,717.0,4.0,0,46.0,2.0,3.0,0,2.0,2,8621.0,17654.0,1.0,0,0,14.0,3.0,2.0,80.0,0.0,9.0,3.0,4.0,8.0,7.0,7.0,7.0,0
24.0,2,693.0,2,3.0,2.0,1,1.0,720.0,1.0,0,65.0,3.0,2.0,7,3.0,2,4577.0,24785.0,9.0,0,0,14.0,3.0,1.0,80.0,0.0,4.0,3.0,3.0,2.0,2.0,2.0,0.0,1
39.0,2,408.0,1,2.0,4.0,5,1.0,721.0,4.0,0,80.0,2.0,2.0,0,3.0,2,4553.0,20978.0,1.0,0,0,11.0,3.0,1.0,80.0,0.0,20.0,4.0,3.0,20.0,7.0,11.0,10.0,0
32.0,2,929.0,2,10.0,3.0,2,1.0,722.0,4.0,1,55.0,3.0,2.0,7,4.0,2,5396.0,21703.0,1.0,0,0,12.0,3.0,4.0,80.0,0.0,10.0,2.0,2.0,10.0,7.0,0.0,8.0,0
50.0,1,562.0,2,8.0,2.0,5,1.0,723.0,2.0,1,50.0,3.0,2.0,7,3.0,1,6796.0,23452.0,3.0,0,1,14.0,3.0,1.0,80.0,1.0,18.0,4.0,3.0,4.0,3.0,1.0,3.0,1
38.0,2,827.0,1,1.0,4.0,1,1.0,724.0,2.0,0,33.0,4.0,2.0,0,4.0,2,7625.0,19383.0,0.0,0,0,13.0,3.0,3.0,80.0,0.0,10.0,4.0,2.0,9.0,7.0,1.0,8.0,0
27.0,2,608.0,1,1.0,2.0,1,1.0,725.0,3.0,0,68.0,3.0,3.0,4,1.0,1,7412.0,6009.0,1.0,0,0,11.0,3.0,4.0,80.0,0.0,9.0,3.0,3.0,9.0,7.0,0.0,7.0,0
32.0,2,1018.0,1,3.0,2.0,1,1.0,727.0,3.0,0,39.0,3.0,3.0,5,4.0,2,11159.0,19373.0,3.0,0,0,15.0,3.0,4.0,80.0,0.0,10.0,6.0,3.0,7.0,7.0,7.0,7.0,0
47.0,2,703.0,2,14.0,4.0,2,1.0,728.0,4.0,1,42.0,3.0,2.0,7,1.0,2,4960.0,11825.0,2.0,0,0,12.0,3.0,4.0,80.0,0.0,20.0,2.0,3.0,7.0,7.0,1.0,7.0,0
40.0,1,580.0,2,5.0,4.0,1,1.0,729.0,4.0,1,48.0,2.0,3.0,7,1.0,1,10475.0,23772.0,5.0,0,1,21.0,4.0,3.0,80.0,1.0,20.0,2.0,3.0,18.0,13.0,1.0,12.0,0
53.0,2,970.0,1,7.0,3.0,1,1.0,730.0,3.0,1,59.0,4.0,4.0,5,3.0,1,14814.0,13514.0,3.0,0,0,19.0,3.0,3.0,80.0,0.0,32.0,3.0,3.0,5.0,1.0,1.0,3.0,0
41.0,2,427.0,0,10.0,4.0,0,1.0,731.0,2.0,1,73.0,2.0,5.0,3,4.0,0,19141.0,8861.0,3.0,0,0,15.0,3.0,2.0,80.0,3.0,23.0,2.0,2.0,21.0,6.0,12.0,6.0,0
60.0,2,1179.0,2,16.0,4.0,2,1.0,732.0,1.0,1,84.0,3.0,2.0,7,1.0,2,5405.0,11924.0,8.0,0,0,14.0,3.0,4.0,80.0,0.0,10.0,1.0,3.0,2.0,2.0,2.0,2.0,0
27.0,1,294.0,1,10.0,2.0,1,1.0,733.0,4.0,1,32.0,3.0,3.0,4,1.0,0,8793.0,4809.0,1.0,0,0,21.0,4.0,3.0,80.0,2.0,9.0,4.0,2.0,9.0,7.0,1.0,7.0,0
41.0,2,314.0,0,1.0,3.0,0,1.0,734.0,4.0,1,59.0,2.0,5.0,3,3.0,1,19189.0,19562.0,1.0,0,0,12.0,3.0,2.0,80.0,1.0,22.0,3.0,3.0,22.0,7.0,2.0,10.0,0
50.0,2,316.0,2,8.0,4.0,2,1.0,738.0,4.0,1,54.0,3.0,1.0,8,2.0,1,3875.0,9983.0,7.0,0,0,15.0,3.0,4.0,80.0,1.0,4.0,2.0,3.0,2.0,2.0,2.0,2.0,0
28.0,2,654.0,1,1.0,2.0,1,1.0,741.0,1.0,0,67.0,1.0,1.0,6,2.0,2,2216.0,3872.0,7.0,0,1,13.0,3.0,4.0,80.0,0.0,10.0,4.0,3.0,7.0,7.0,3.0,7.0,1
36.0,0,427.0,1,8.0,3.0,1,1.0,742.0,1.0,0,63.0,4.0,3.0,5,1.0,1,11713.0,20335.0,9.0,0,0,14.0,3.0,1.0,80.0,1.0,10.0,2.0,3.0,8.0,7.0,0.0,5.0,0
38.0,2,168.0,1,1.0,3.0,1,1.0,743.0,3.0,0,81.0,3.0,3.0,4,3.0,2,7861.0,15397.0,4.0,0,1,14.0,3.0,4.0,80.0,0.0,10.0,4.0,4.0,1.0,0.0,0.0,0.0,0
44.0,0,381.0,1,24.0,3.0,3,1.0,744.0,1.0,1,49.0,1.0,1.0,2,3.0,2,3708.0,2104.0,2.0,0,0,14.0,3.0,3.0,80.0,0.0,9.0,5.0,3.0,5.0,2.0,1.0,4.0,0
47.0,1,217.0,2,3.0,3.0,3,1.0,746.0,4.0,0,49.0,3.0,4.0,7,3.0,0,13770.0,10225.0,9.0,0,1,12.0,3.0,4.0,80.0,2.0,28.0,2.0,2.0,22.0,2.0,11.0,13.0,0
30.0,2,501.0,2,27.0,5.0,2,1.0,747.0,3.0,1,99.0,3.0,2.0,7,4.0,0,5304.0,25275.0,7.0,0,0,23.0,4.0,4.0,80.0,1.0,10.0,2.0,2.0,8.0,7.0,7.0,7.0,0
29.0,2,1396.0,2,10.0,3.0,1,1.0,749.0,3.0,1,99.0,3.0,1.0,8,3.0,2,2642.0,2755.0,1.0,0,0,11.0,3.0,3.0,80.0,0.0,1.0,6.0,3.0,1.0,0.0,0.0,0.0,0
42.0,1,933.0,1,19.0,3.0,3,1.0,752.0,3.0,1,57.0,4.0,1.0,6,3.0,0,2759.0,20366.0,6.0,0,1,12.0,3.0,4.0,80.0,0.0,7.0,2.0,3.0,2.0,2.0,2.0,2.0,1
43.0,1,775.0,2,15.0,3.0,1,1.0,754.0,4.0,1,47.0,2.0,2.0,7,4.0,1,6804.0,23683.0,3.0,0,0,18.0,3.0,3.0,80.0,1.0,7.0,5.0,3.0,2.0,2.0,2.0,2.0,0
34.0,2,970.0,1,8.0,2.0,3,1.0,757.0,2.0,0,96.0,3.0,2.0,0,3.0,2,6142.0,7360.0,3.0,0,0,11.0,3.0,4.0,80.0,0.0,10.0,2.0,3.0,5.0,1.0,4.0,3.0,0
23.0,2,650.0,1,9.0,1.0,3,1.0,758.0,2.0,1,37.0,3.0,1.0,2,1.0,1,2500.0,4344.0,1.0,0,0,14.0,3.0,4.0,80.0,1.0,5.0,2.0,4.0,4.0,3.0,0.0,2.0,0
39.0,2,141.0,0,3.0,3.0,0,1.0,760.0,3.0,0,44.0,4.0,2.0,1,2.0,1,6389.0,18767.0,9.0,0,0,15.0,3.0,3.0,80.0,1.0,12.0,3.0,1.0,8.0,3.0,3.0,6.0,0
56.0,2,832.0,1,9.0,3.0,3,1.0,762.0,3.0,1,81.0,3.0,4.0,0,4.0,1,11103.0,20420.0,7.0,0,0,11.0,3.0,3.0,80.0,0.0,30.0,1.0,2.0,10.0,7.0,1.0,1.0,0
40.0,2,804.0,1,2.0,1.0,3,1.0,763.0,4.0,0,86.0,2.0,1.0,6,4.0,2,2342.0,22929.0,0.0,0,1,20.0,4.0,4.0,80.0,0.0,5.0,2.0,2.0,4.0,2.0,2.0,3.0,0
27.0,2,975.0,1,7.0,3.0,3,1.0,764.0,4.0,0,55.0,2.0,2.0,0,1.0,2,6811.0,23398.0,8.0,0,0,19.0,3.0,1.0,80.0,0.0,9.0,2.0,1.0,7.0,6.0,0.0,7.0,0
29.0,2,1090.0,2,10.0,3.0,2,1.0,766.0,4.0,1,83.0,3.0,1.0,8,2.0,0,2297.0,17967.0,1.0,0,0,14.0,3.0,4.0,80.0,2.0,2.0,2.0,3.0,2.0,2.0,2.0,2.0,0
53.0,2,346.0,1,6.0,3.0,1,1.0,769.0,4.0,1,86.0,3.0,2.0,2,4.0,2,2450.0,10919.0,2.0,0,0,17.0,3.0,4.0,80.0,0.0,19.0,4.0,3.0,2.0,2.0,2.0,2.0,0
35.0,0,1225.0,1,2.0,4.0,1,1.0,771.0,4.0,0,61.0,3.0,2.0,0,1.0,0,5093.0,4761.0,2.0,0,0,11.0,3.0,1.0,80.0,1.0,16.0,2.0,4.0,1.0,0.0,0.0,0.0,0
32.0,1,430.0,1,24.0,4.0,1,1.0,772.0,1.0,1,80.0,3.0,2.0,2,4.0,1,5309.0,21146.0,1.0,0,0,15.0,3.0,4.0,80.0,2.0,10.0,2.0,3.0,10.0,8.0,4.0,7.0,0
38.0,2,268.0,1,2.0,5.0,3,1.0,773.0,4.0,1,92.0,3.0,1.0,6,3.0,1,3057.0,20471.0,6.0,0,1,13.0,3.0,2.0,80.0,1.0,6.0,0.0,1.0,1.0,0.0,0.0,1.0,0
34.0,2,167.0,1,8.0,5.0,1,1.0,775.0,2.0,0,32.0,3.0,2.0,4,1.0,0,5121.0,4187.0,3.0,0,0,14.0,3.0,3.0,80.0,1.0,7.0,3.0,3.0,0.0,0.0,0.0,0.0,0
52.0,2,621.0,2,3.0,4.0,2,1.0,776.0,3.0,1,31.0,2.0,4.0,3,1.0,1,16856.0,10084.0,1.0,0,0,11.0,3.0,1.0,80.0,0.0,34.0,3.0,4.0,34.0,6.0,1.0,16.0,0
33.0,2,527.0,1,1.0,4.0,4,1.0,780.0,4.0,1,63.0,3.0,1.0,6,4.0,2,2686.0,5207.0,1.0,0,1,13.0,3.0,3.0,80.0,0.0,10.0,2.0,2.0,10.0,9.0,7.0,8.0,1
25.0,2,883.0,2,26.0,1.0,3,1.0,781.0,3.0,0,32.0,3.0,2.0,7,4.0,2,6180.0,22807.0,1.0,0,0,23.0,4.0,2.0,80.0,0.0,6.0,5.0,2.0,6.0,5.0,1.0,4.0,0
45.0,2,954.0,2,2.0,2.0,5,1.0,783.0,2.0,1,46.0,1.0,2.0,8,3.0,2,6632.0,12388.0,0.0,0,0,13.0,3.0,1.0,80.0,0.0,9.0,3.0,3.0,8.0,7.0,3.0,1.0,0
23.0,2,310.0,1,10.0,1.0,3,1.0,784.0,1.0,1,79.0,4.0,1.0,6,3.0,2,3505.0,19630.0,1.0,0,0,18.0,3.0,4.0,80.0,0.0,2.0,3.0,3.0,2.0,2.0,0.0,2.0,0
47.0,1,719.0,2,27.0,2.0,1,1.0,785.0,2.0,0,77.0,4.0,2.0,7,3.0,2,6397.0,10339.0,4.0,0,1,12.0,3.0,4.0,80.0,0.0,8.0,2.0,3.0,5.0,4.0,1.0,3.0,1
34.0,2,304.0,2,2.0,3.0,4,1.0,786.0,4.0,1,60.0,3.0,2.0,7,4.0,2,6274.0,18686.0,1.0,0,0,22.0,4.0,3.0,80.0,0.0,6.0,5.0,3.0,6.0,5.0,1.0,4.0,0
55.0,2,725.0,1,2.0,3.0,3,1.0,787.0,4.0,1,78.0,3.0,5.0,3,1.0,1,19859.0,21199.0,5.0,0,1,13.0,3.0,4.0,80.0,1.0,24.0,2.0,3.0,5.0,2.0,1.0,4.0,1
36.0,0,1434.0,2,8.0,4.0,1,1.0,789.0,1.0,1,76.0,2.0,3.0,7,1.0,2,7587.0,14229.0,1.0,0,0,15.0,3.0,2.0,80.0,0.0,10.0,1.0,3.0,10.0,7.0,0.0,9.0,0
52.0,0,715.0,1,19.0,4.0,3,1.0,791.0,4.0,1,41.0,3.0,1.0,6,4.0,1,4258.0,26589.0,0.0,0,0,18.0,3.0,1.0,80.0,1.0,5.0,3.0,3.0,4.0,3.0,1.0,2.0,0
26.0,1,575.0,1,1.0,2.0,1,1.0,792.0,1.0,0,71.0,1.0,1.0,2,4.0,0,4364.0,5288.0,3.0,0,0,14.0,3.0,1.0,80.0,1.0,5.0,2.0,3.0,2.0,2.0,2.0,0.0,0
29.0,2,657.0,1,27.0,3.0,3,1.0,793.0,2.0,0,66.0,3.0,2.0,0,3.0,1,4335.0,25549.0,4.0,0,0,12.0,3.0,1.0,80.0,1.0,11.0,3.0,2.0,8.0,7.0,1.0,1.0,0
26.0,2,1146.0,2,8.0,3.0,5,1.0,796.0,4.0,1,38.0,2.0,2.0,7,1.0,2,5326.0,3064.0,6.0,0,0,17.0,3.0,3.0,80.0,0.0,6.0,2.0,2.0,4.0,3.0,1.0,2.0,1
34.0,2,182.0,1,1.0,4.0,1,1.0,797.0,2.0,0,72.0,4.0,1.0,6,4.0,2,3280.0,13551.0,2.0,0,0,16.0,3.0,3.0,80.0,0.0,10.0,2.0,3.0,4.0,2.0,1.0,3.0,0
54.0,2,376.0,1,19.0,4.0,3,1.0,799.0,4.0,0,95.0,3.0,2.0,4,1.0,0,5485.0,22670.0,9.0,0,1,11.0,3.0,2.0,80.0,2.0,9.0,4.0,3.0,5.0,3.0,1.0,4.0,0
27.0,1,829.0,2,8.0,1.0,2,1.0,800.0,3.0,1,84.0,3.0,2.0,7,4.0,1,4342.0,24008.0,0.0,0,0,19.0,3.0,2.0,80.0,1.0,5.0,3.0,3.0,4.0,2.0,1.0,1.0,0
37.0,2,571.0,1,10.0,1.0,1,1.0,802.0,4.0,0,82.0,3.0,1.0,6,1.0,0,2782.0,19905.0,0.0,0,1,13.0,3.0,2.0,80.0,2.0,6.0,3.0,2.0,5.0,3.0,4.0,3.0,0
38.0,1,240.0,1,2.0,4.0,1,1.0,803.0,1.0,0,75.0,4.0,2.0,4,1.0,2,5980.0,26085.0,6.0,0,1,12.0,3.0,4.0,80.0,0.0,17.0,2.0,3.0,15.0,7.0,4.0,12.0,0
34.0,2,121.0,1,2.0,4.0,3,1.0,804.0,3.0,0,86.0,2.0,1.0,6,1.0,2,4381.0,7530.0,1.0,0,0,11.0,3.0,3.0,80.0,0.0,6.0,3.0,3.0,6.0,5.0,1.0,3.0,0
35.0,2,384.0,2,8.0,4.0,1,1.0,805.0,1.0,0,72.0,3.0,1.0,8,4.0,1,2572.0,20317.0,1.0,0,0,16.0,3.0,2.0,80.0,1.0,3.0,1.0,2.0,3.0,2.0,0.0,2.0,0
30.0,2,921.0,1,1.0,3.0,1,1.0,806.0,4.0,1,38.0,1.0,1.0,2,3.0,1,3833.0,24375.0,3.0,0,0,21.0,4.0,3.0,80.0,2.0,7.0,2.0,3.0,2.0,2.0,0.0,2.0,0
40.0,1,791.0,1,2.0,2.0,3,1.0,807.0,3.0,0,38.0,4.0,2.0,0,2.0,1,4244.0,9931.0,1.0,0,0,24.0,4.0,4.0,80.0,1.0,8.0,2.0,3.0,8.0,7.0,3.0,7.0,0
34.0,2,1111.0,2,8.0,2.0,1,1.0,808.0,3.0,0,93.0,3.0,2.0,7,1.0,1,6500.0,13305.0,5.0,0,0,17.0,3.0,2.0,80.0,1.0,6.0,1.0,3.0,3.0,2.0,1.0,2.0,0
42.0,1,570.0,1,8.0,3.0,1,1.0,809.0,2.0,1,66.0,3.0,5.0,3,4.0,0,18430.0,16225.0,1.0,0,0,13.0,3.0,2.0,80.0,1.0,24.0,4.0,2.0,24.0,7.0,14.0,9.0,0
23.0,2,1243.0,1,6.0,3.0,1,1.0,811.0,3.0,1,63.0,4.0,1.0,2,1.0,1,1601.0,3445.0,1.0,0,1,21.0,4.0,3.0,80.0,2.0,1.0,2.0,3.0,0.0,0.0,0.0,0.0,1
24.0,0,1092.0,1,9.0,3.0,1,1.0,812.0,3.0,1,60.0,2.0,1.0,2,2.0,0,2694.0,26551.0,1.0,0,0,11.0,3.0,3.0,80.0,3.0,1.0,4.0,3.0,1.0,0.0,0.0,0.0,0
52.0,2,1325.0,1,11.0,4.0,1,1.0,813.0,4.0,0,82.0,3.0,2.0,2,3.0,1,3149.0,21821.0,8.0,0,0,20.0,4.0,2.0,80.0,1.0,9.0,3.0,3.0,5.0,2.0,1.0,4.0,0
50.0,2,691.0,1,2.0,3.0,3,1.0,815.0,3.0,1,64.0,3.0,4.0,5,3.0,1,17639.0,6881.0,5.0,0,0,16.0,3.0,4.0,80.0,0.0,30.0,3.0,3.0,4.0,3.0,0.0,3.0,0
29.0,2,805.0,1,1.0,2.0,1,1.0,816.0,2.0,0,36.0,2.0,1.0,2,1.0,1,2319.0,6689.0,1.0,0,1,11.0,3.0,4.0,80.0,1.0,1.0,1.0,3.0,1.0,0.0,0.0,0.0,1
33.0,2,213.0,1,7.0,3.0,3,1.0,817.0,3.0,1,49.0,3.0,3.0,5,3.0,1,11691.0,25995.0,0.0,0,0,11.0,3.0,4.0,80.0,0.0,14.0,3.0,4.0,13.0,9.0,3.0,7.0,0
33.0,2,118.0,2,16.0,3.0,2,1.0,819.0,1.0,0,69.0,3.0,2.0,7,1.0,2,5324.0,26507.0,5.0,0,0,15.0,3.0,3.0,80.0,0.0,6.0,3.0,3.0,3.0,2.0,0.0,2.0,1
47.0,2,202.0,1,2.0,2.0,4,1.0,820.0,3.0,0,33.0,3.0,4.0,3,4.0,1,16752.0,12982.0,1.0,0,1,11.0,3.0,3.0,80.0,1.0,26.0,3.0,2.0,26.0,14.0,3.0,0.0,0
36.0,2,676.0,1,1.0,3.0,4,1.0,823.0,3.0,0,35.0,3.0,2.0,4,2.0,1,5228.0,23361.0,0.0,0,0,15.0,3.0,1.0,80.0,1.0,10.0,2.0,3.0,9.0,7.0,0.0,5.0,0
29.0,2,1252.0,1,23.0,2.0,1,1.0,824.0,3.0,1,81.0,4.0,1.0,6,3.0,1,2700.0,23779.0,1.0,0,0,24.0,4.0,3.0,80.0,1.0,10.0,3.0,3.0,10.0,7.0,0.0,7.0,0
58.0,2,286.0,1,2.0,4.0,1,1.0,825.0,4.0,1,31.0,3.0,5.0,5,2.0,2,19246.0,25761.0,7.0,0,1,12.0,3.0,4.0,80.0,0.0,40.0,2.0,3.0,31.0,15.0,13.0,8.0,1
35.0,2,1258.0,1,1.0,4.0,1,1.0,826.0,4.0,0,40.0,4.0,1.0,6,3.0,2,2506.0,13301.0,3.0,0,0,13.0,3.0,3.0,80.0,0.0,7.0,0.0,3.0,2.0,2.0,2.0,2.0,0
42.0,2,932.0,1,1.0,2.0,1,1.0,827.0,4.0,0,43.0,2.0,2.0,4,4.0,1,6062.0,4051.0,9.0,0,1,13.0,3.0,4.0,80.0,1.0,8.0,4.0,3.0,4.0,3.0,0.0,2.0,0
28.0,2,890.0,1,2.0,4.0,3,1.0,828.0,3.0,1,46.0,3.0,1.0,6,3.0,2,4382.0,16374.0,6.0,0,0,17.0,3.0,4.0,80.0,0.0,5.0,3.0,2.0,2.0,2.0,2.0,1.0,1
36.0,2,1041.0,0,13.0,3.0,0,1.0,829.0,3.0,1,36.0,3.0,1.0,1,2.0,1,2143.0,25527.0,4.0,0,0,13.0,3.0,2.0,80.0,1.0,8.0,2.0,3.0,5.0,2.0,0.0,4.0,0
32.0,2,859.0,1,4.0,3.0,1,1.0,830.0,3.0,0,98.0,2.0,2.0,4,3.0,1,6162.0,19124.0,1.0,0,0,12.0,3.0,3.0,80.0,1.0,14.0,3.0,3.0,14.0,13.0,6.0,8.0,0
40.0,1,720.0,1,16.0,4.0,3,1.0,832.0,1.0,1,51.0,2.0,2.0,2,3.0,2,5094.0,11983.0,6.0,0,0,14.0,3.0,4.0,80.0,0.0,10.0,6.0,3.0,1.0,0.0,0.0,0.0,0
30.0,2,946.0,1,2.0,3.0,3,1.0,833.0,3.0,0,52.0,2.0,2.0,4,4.0,2,6877.0,20234.0,5.0,0,1,24.0,4.0,2.0,80.0,0.0,12.0,4.0,2.0,0.0,0.0,0.0,0.0,0
45.0,2,252.0,1,2.0,3.0,1,1.0,834.0,2.0,0,95.0,2.0,1.0,6,3.0,2,2274.0,6153.0,1.0,0,0,14.0,3.0,4.0,80.0,0.0,1.0,3.0,3.0,1.0,0.0,0.0,0.0,0
42.0,2,933.0,1,29.0,3.0,1,1.0,836.0,2.0,1,98.0,3.0,2.0,4,2.0,1,4434.0,11806.0,1.0,0,0,13.0,3.0,4.0,80.0,1.0,10.0,3.0,2.0,9.0,8.0,7.0,8.0,0
38.0,1,471.0,1,12.0,3.0,1,1.0,837.0,1.0,1,45.0,2.0,2.0,0,1.0,0,6288.0,4284.0,2.0,0,0,15.0,3.0,3.0,80.0,1.0,13.0,3.0,2.0,4.0,3.0,1.0,2.0,0
34.0,1,702.0,1,16.0,4.0,1,1.0,838.0,3.0,0,100.0,2.0,1.0,6,4.0,2,2553.0,8306.0,1.0,0,0,16.0,3.0,3.0,80.0,0.0,6.0,3.0,3.0,5.0,2.0,1.0,3.0,0
49.0,2,1184.0,2,11.0,3.0,2,1.0,840.0,3.0,0,43.0,3.0,3.0,7,4.0,1,7654.0,5860.0,1.0,0,0,18.0,3.0,1.0,80.0,2.0,9.0,3.0,4.0,9.0,8.0,7.0,7.0,1
55.0,2,436.0,2,2.0,1.0,3,1.0,842.0,3.0,1,37.0,3.0,2.0,7,4.0,2,5160.0,21519.0,4.0,0,0,16.0,3.0,3.0,80.0,0.0,12.0,3.0,2.0,9.0,7.0,7.0,3.0,1
43.0,2,589.0,1,14.0,2.0,1,1.0,843.0,2.0,1,94.0,3.0,4.0,5,1.0,1,17159.0,5200.0,6.0,0,0,24.0,4.0,3.0,80.0,1.0,22.0,3.0,3.0,4.0,1.0,1.0,0.0,0
27.0,2,269.0,1,5.0,1.0,5,1.0,844.0,3.0,1,42.0,2.0,3.0,5,4.0,0,12808.0,8842.0,1.0,0,1,16.0,3.0,2.0,80.0,1.0,9.0,3.0,3.0,9.0,8.0,0.0,8.0,0
35.0,2,950.0,1,7.0,3.0,4,1.0,845.0,3.0,1,59.0,3.0,3.0,4,3.0,2,10221.0,18869.0,3.0,0,0,21.0,4.0,2.0,80.0,0.0,17.0,3.0,4.0,8.0,5.0,1.0,6.0,0
28.0,2,760.0,2,2.0,4.0,2,1.0,846.0,2.0,0,81.0,3.0,2.0,7,2.0,1,4779.0,3698.0,1.0,0,1,20.0,4.0,1.0,80.0,0.0,8.0,2.0,3.0,8.0,7.0,7.0,5.0,0
34.0,2,829.0,0,3.0,2.0,0,1.0,847.0,3.0,1,88.0,3.0,1.0,1,4.0,1,3737.0,2243.0,0.0,0,0,19.0,3.0,3.0,80.0,1.0,4.0,1.0,1.0,3.0,2.0,0.0,2.0,0
26.0,1,887.0,1,5.0,2.0,3,1.0,848.0,3.0,0,88.0,2.0,1.0,6,3.0,1,2366.0,20898.0,1.0,0,1,14.0,3.0,1.0,80.0,1.0,8.0,2.0,3.0,8.0,7.0,1.0,7.0,1
27.0,0,443.0,1,3.0,3.0,3,1.0,850.0,4.0,1,50.0,3.0,1.0,6,4.0,1,1706.0,16571.0,1.0,0,0,11.0,3.0,3.0,80.0,3.0,0.0,6.0,2.0,0.0,0.0,0.0,0.0,0
51.0,2,1318.0,2,26.0,4.0,2,1.0,851.0,1.0,0,66.0,3.0,4.0,3,3.0,1,16307.0,5594.0,2.0,0,0,14.0,3.0,3.0,80.0,1.0,29.0,2.0,2.0,20.0,6.0,4.0,17.0,0
44.0,2,625.0,1,4.0,3.0,3,1.0,852.0,4.0,1,50.0,3.0,2.0,0,2.0,2,5933.0,5197.0,9.0,0,0,12.0,3.0,4.0,80.0,0.0,10.0,2.0,2.0,5.0,2.0,2.0,3.0,0
25.0,2,180.0,1,2.0,1.0,3,1.0,854.0,1.0,1,65.0,4.0,1.0,6,1.0,2,3424.0,21632.0,7.0,0,0,13.0,3.0,3.0,80.0,0.0,6.0,3.0,2.0,4.0,3.0,0.0,1.0,0
33.0,2,586.0,2,1.0,3.0,3,1.0,855.0,1.0,1,48.0,4.0,2.0,7,1.0,0,4037.0,21816.0,1.0,0,0,22.0,4.0,1.0,80.0,1.0,9.0,5.0,3.0,9.0,8.0,0.0,8.0,0
35.0,2,1343.0,1,27.0,1.0,3,1.0,856.0,3.0,0,53.0,2.0,1.0,6,1.0,2,2559.0,17852.0,1.0,0,0,11.0,3.0,4.0,80.0,0.0,6.0,3.0,2.0,6.0,5.0,1.0,1.0,0
36.0,2,928.0,2,1.0,2.0,1,1.0,857.0,2.0,1,56.0,3.0,2.0,7,4.0,1,6201.0,2823.0,1.0,0,1,14.0,3.0,4.0,80.0,1.0,18.0,1.0,2.0,18.0,14.0,4.0,11.0,0
32.0,2,117.0,2,13.0,4.0,1,1.0,859.0,2.0,1,73.0,3.0,2.0,7,4.0,0,4403.0,9250.0,2.0,0,0,11.0,3.0,3.0,80.0,1.0,8.0,3.0,2.0,5.0,2.0,0.0,3.0,0
30.0,1,1012.0,1,5.0,4.0,1,1.0,861.0,2.0,1,75.0,2.0,1.0,6,4.0,0,3761.0,2373.0,9.0,0,0,12.0,3.0,2.0,80.0,1.0,10.0,3.0,2.0,5.0,4.0,0.0,3.0,0
53.0,2,661.0,2,7.0,2.0,2,1.0,862.0,1.0,0,78.0,2.0,3.0,7,4.0,1,10934.0,20715.0,7.0,0,1,18.0,3.0,4.0,80.0,1.0,35.0,3.0,3.0,5.0,2.0,0.0,4.0,0
45.0,2,930.0,2,9.0,3.0,2,1.0,864.0,4.0,1,74.0,3.0,3.0,7,1.0,0,10761.0,19239.0,4.0,0,1,12.0,3.0,3.0,80.0,1.0,18.0,2.0,3.0,5.0,4.0,0.0,2.0,0
32.0,2,638.0,1,8.0,2.0,3,1.0,865.0,3.0,0,91.0,4.0,2.0,6,3.0,1,5175.0,22162.0,5.0,0,0,12.0,3.0,3.0,80.0,1.0,9.0,3.0,2.0,5.0,3.0,1.0,3.0,0
52.0,1,890.0,1,25.0,4.0,3,1.0,867.0,3.0,0,81.0,2.0,4.0,4,4.0,1,13826.0,19028.0,3.0,0,0,22.0,4.0,3.0,80.0,0.0,31.0,3.0,3.0,9.0,8.0,0.0,0.0,0
37.0,2,342.0,2,16.0,4.0,2,1.0,868.0,4.0,1,66.0,2.0,2.0,7,3.0,0,6334.0,24558.0,4.0,0,0,19.0,3.0,4.0,80.0,2.0,9.0,2.0,3.0,1.0,0.0,0.0,0.0,0
28.0,2,1169.0,0,8.0,2.0,3,1.0,869.0,2.0,1,63.0,2.0,1.0,1,4.0,0,4936.0,23965.0,1.0,0,0,13.0,3.0,4.0,80.0,1.0,6.0,6.0,3.0,5.0,1.0,0.0,4.0,0
22.0,2,1230.0,1,1.0,2.0,1,1.0,872.0,4.0,1,33.0,2.0,2.0,4,4.0,1,4775.0,19146.0,6.0,0,0,22.0,4.0,1.0,80.0,2.0,4.0,2.0,1.0,2.0,2.0,2.0,2.0,0
44.0,2,986.0,1,8.0,4.0,1,1.0,874.0,1.0,1,62.0,4.0,1.0,2,4.0,1,2818.0,5044.0,2.0,0,1,24.0,4.0,3.0,80.0,1.0,10.0,2.0,2.0,3.0,2.0,0.0,2.0,0
42.0,1,1271.0,1,2.0,1.0,3,1.0,875.0,2.0,1,35.0,3.0,1.0,6,4.0,2,2515.0,9068.0,5.0,0,1,14.0,3.0,4.0,80.0,0.0,8.0,2.0,3.0,2.0,1.0,2.0,2.0,0
36.0,2,1278.0,0,8.0,3.0,1,1.0,878.0,1.0,1,77.0,2.0,1.0,1,1.0,1,2342.0,8635.0,0.0,0,0,21.0,4.0,3.0,80.0,0.0,6.0,3.0,3.0,5.0,4.0,0.0,3.0,0
25.0,2,141.0,2,3.0,1.0,4,1.0,879.0,3.0,1,98.0,3.0,2.0,7,1.0,1,4194.0,14363.0,1.0,0,1,18.0,3.0,4.0,80.0,0.0,5.0,3.0,3.0,5.0,3.0,0.0,3.0,0
35.0,2,607.0,1,9.0,3.0,1,1.0,880.0,4.0,0,66.0,2.0,3.0,4,3.0,1,10685.0,23457.0,1.0,0,1,20.0,4.0,2.0,80.0,1.0,17.0,2.0,3.0,17.0,14.0,5.0,15.0,0
35.0,1,130.0,1,25.0,4.0,1,1.0,881.0,4.0,0,96.0,3.0,1.0,6,2.0,0,2022.0,16612.0,1.0,0,1,19.0,3.0,1.0,80.0,1.0,10.0,3.0,2.0,10.0,2.0,7.0,8.0,1
32.0,0,300.0,1,1.0,3.0,1,1.0,882.0,4.0,1,61.0,3.0,1.0,2,4.0,0,2314.0,9148.0,0.0,0,0,12.0,3.0,2.0,80.0,1.0,4.0,2.0,3.0,3.0,0.0,0.0,2.0,0
25.0,2,583.0,2,4.0,1.0,2,1.0,885.0,3.0,1,87.0,2.0,2.0,7,1.0,1,4256.0,18154.0,1.0,0,0,12.0,3.0,1.0,80.0,0.0,5.0,1.0,4.0,5.0,2.0,0.0,3.0,0
49.0,2,1418.0,1,1.0,3.0,5,1.0,887.0,3.0,0,36.0,3.0,1.0,6,1.0,1,3580.0,10554.0,2.0,0,0,16.0,3.0,2.0,80.0,1.0,7.0,2.0,3.0,4.0,2.0,0.0,2.0,0
24.0,0,1269.0,1,4.0,1.0,1,1.0,888.0,1.0,1,46.0,2.0,1.0,2,4.0,1,3162.0,10778.0,0.0,0,0,17.0,3.0,4.0,80.0,0.0,6.0,2.0,2.0,5.0,2.0,3.0,4.0,0
32.0,1,379.0,2,5.0,2.0,1,1.0,889.0,2.0,1,48.0,3.0,2.0,7,2.0,1,6524.0,8891.0,1.0,0,0,14.0,3.0,4.0,80.0,1.0,10.0,3.0,3.0,10.0,8.0,5.0,3.0,0
38.0,2,395.0,2,9.0,3.0,2,1.0,893.0,2.0,1,98.0,2.0,1.0,8,2.0,1,2899.0,12102.0,0.0,0,0,19.0,3.0,4.0,80.0,1.0,3.0,3.0,3.0,2.0,2.0,1.0,2.0,0
42.0,2,1265.0,1,3.0,3.0,1,1.0,894.0,3.0,0,95.0,4.0,2.0,2,4.0,1,5231.0,23726.0,2.0,0,1,13.0,3.0,2.0,80.0,1.0,17.0,1.0,2.0,5.0,3.0,1.0,3.0,0
31.0,2,1222.0,1,11.0,4.0,1,1.0,895.0,4.0,1,48.0,3.0,1.0,6,4.0,1,2356.0,14871.0,3.0,0,1,19.0,3.0,2.0,80.0,1.0,8.0,2.0,3.0,6.0,4.0,0.0,2.0,0
29.0,2,341.0,2,1.0,3.0,3,1.0,896.0,2.0,0,48.0,2.0,1.0,8,3.0,0,2800.0,23522.0,6.0,0,1,19.0,3.0,3.0,80.0,3.0,5.0,3.0,3.0,3.0,2.0,0.0,2.0,1
53.0,2,868.0,2,8.0,3.0,2,1.0,897.0,1.0,1,73.0,3.0,4.0,7,4.0,1,11836.0,22789.0,5.0,0,0,14.0,3.0,3.0,80.0,1.0,28.0,3.0,3.0,2.0,0.0,2.0,2.0,0
35.0,2,672.0,1,25.0,3.0,5,1.0,899.0,4.0,1,78.0,2.0,3.0,4,2.0,1,10903.0,9129.0,3.0,0,0,16.0,3.0,1.0,80.0,0.0,16.0,2.0,3.0,13.0,10.0,4.0,8.0,0
37.0,1,1231.0,2,21.0,2.0,3,1.0,900.0,3.0,0,54.0,3.0,1.0,8,4.0,1,2973.0,21222.0,5.0,0,0,15.0,3.0,2.0,80.0,1.0,10.0,3.0,3.0,5.0,4.0,0.0,0.0,0
53.0,2,102.0,1,23.0,4.0,1,1.0,901.0,4.0,0,72.0,3.0,4.0,5,4.0,2,14275.0,20206.0,6.0,0,0,18.0,3.0,3.0,80.0,0.0,33.0,0.0,3.0,12.0,9.0,3.0,8.0,0
43.0,1,422.0,1,1.0,3.0,1,1.0,902.0,4.0,0,33.0,3.0,2.0,0,4.0,1,5562.0,21782.0,4.0,0,0,13.0,3.0,2.0,80.0,1.0,12.0,2.0,2.0,5.0,2.0,2.0,2.0,0
47.0,2,249.0,2,2.0,2.0,2,1.0,903.0,3.0,0,35.0,3.0,2.0,7,4.0,1,4537.0,17783.0,0.0,0,1,22.0,4.0,1.0,80.0,1.0,8.0,2.0,3.0,7.0,6.0,7.0,7.0,0
37.0,0,1252.0,2,19.0,2.0,3,1.0,904.0,1.0,1,32.0,3.0,3.0,7,2.0,2,7642.0,4814.0,1.0,0,1,13.0,3.0,4.0,80.0,0.0,10.0,2.0,3.0,10.0,0.0,0.0,9.0,0
50.0,0,881.0,1,2.0,4.0,1,1.0,905.0,1.0,1,98.0,3.0,4.0,3,1.0,0,17924.0,4544.0,1.0,0,0,11.0,3.0,4.0,80.0,1.0,31.0,3.0,3.0,31.0,6.0,14.0,7.0,0
39.0,2,1383.0,0,2.0,3.0,1,1.0,909.0,4.0,0,42.0,2.0,2.0,1,4.0,1,5204.0,7790.0,8.0,0,0,11.0,3.0,3.0,80.0,2.0,13.0,2.0,3.0,5.0,4.0,0.0,4.0,0
33.0,2,1075.0,0,3.0,2.0,0,1.0,910.0,4.0,1,57.0,3.0,1.0,1,2.0,0,2277.0,22650.0,3.0,0,1,11.0,3.0,3.0,80.0,1.0,7.0,4.0,4.0,4.0,3.0,0.0,3.0,0
32.0,2,374.0,1,25.0,4.0,1,1.0,911.0,1.0,1,87.0,3.0,1.0,2,4.0,2,2795.0,18016.0,1.0,0,1,24.0,4.0,3.0,80.0,0.0,1.0,2.0,1.0,1.0,0.0,0.0,1.0,1
29.0,2,1086.0,1,7.0,1.0,3,1.0,912.0,1.0,0,62.0,2.0,1.0,2,4.0,0,2532.0,6054.0,6.0,0,0,14.0,3.0,3.0,80.0,3.0,8.0,5.0,3.0,4.0,3.0,0.0,3.0,0
44.0,2,661.0,1,9.0,2.0,1,1.0,913.0,2.0,1,61.0,3.0,1.0,6,1.0,1,2559.0,7508.0,1.0,0,1,13.0,3.0,4.0,80.0,0.0,8.0,0.0,3.0,8.0,7.0,7.0,1.0,0
28.0,2,821.0,2,5.0,4.0,3,1.0,916.0,1.0,1,98.0,3.0,2.0,7,4.0,2,4908.0,24252.0,1.0,0,0,14.0,3.0,2.0,80.0,0.0,4.0,3.0,3.0,4.0,2.0,0.0,2.0,0
58.0,1,781.0,1,2.0,1.0,1,1.0,918.0,4.0,1,57.0,2.0,1.0,2,4.0,0,2380.0,13384.0,9.0,0,1,14.0,3.0,4.0,80.0,1.0,3.0,3.0,2.0,1.0,0.0,0.0,0.0,1
43.0,2,177.0,1,8.0,3.0,1,1.0,920.0,1.0,0,55.0,3.0,2.0,4,2.0,0,4765.0,23814.0,4.0,0,0,21.0,4.0,3.0,80.0,1.0,4.0,2.0,4.0,1.0,0.0,0.0,0.0,0
20.0,2,500.0,2,2.0,3.0,3,1.0,922.0,3.0,0,49.0,2.0,1.0,8,3.0,2,2044.0,22052.0,1.0,0,0,13.0,3.0,4.0,80.0,0.0,2.0,3.0,2.0,2.0,2.0,0.0,2.0,1
21.0,2,1427.0,1,18.0,1.0,4,1.0,923.0,4.0,0,65.0,3.0,1.0,6,4.0,2,2693.0,8870.0,1.0,0,0,19.0,3.0,1.0,80.0,0.0,1.0,3.0,2.0,1.0,0.0,0.0,0.0,1
36.0,2,1425.0,1,14.0,1.0,1,1.0,924.0,3.0,1,68.0,3.0,2.0,0,4.0,1,6586.0,4821.0,0.0,0,1,17.0,3.0,1.0,80.0,1.0,17.0,2.0,2.0,16.0,8.0,4.0,11.0,0
47.0,2,1454.0,2,2.0,4.0,1,1.0,925.0,4.0,0,65.0,2.0,1.0,8,4.0,2,3294.0,13137.0,1.0,0,1,18.0,3.0,1.0,80.0,0.0,3.0,3.0,2.0,3.0,2.0,1.0,2.0,0
22.0,2,617.0,1,3.0,1.0,1,1.0,926.0,2.0,0,34.0,3.0,2.0,4,3.0,1,4171.0,10022.0,0.0,0,1,19.0,3.0,1.0,80.0,1.0,4.0,3.0,4.0,3.0,2.0,0.0,2.0,1
41.0,2,1085.0,1,2.0,4.0,1,1.0,927.0,2.0,0,57.0,1.0,1.0,2,4.0,0,2778.0,17725.0,4.0,0,1,13.0,3.0,3.0,80.0,1.0,10.0,1.0,2.0,7.0,7.0,1.0,0.0,1
28.0,2,995.0,1,9.0,3.0,3,1.0,930.0,3.0,0,77.0,3.0,1.0,6,3.0,0,2377.0,9834.0,5.0,0,0,18.0,3.0,2.0,80.0,1.0,6.0,2.0,3.0,2.0,2.0,2.0,2.0,0
39.0,2,1122.0,1,6.0,3.0,3,1.0,932.0,4.0,1,70.0,3.0,1.0,2,1.0,1,2404.0,4303.0,7.0,0,1,21.0,4.0,4.0,80.0,0.0,8.0,2.0,1.0,2.0,2.0,2.0,2.0,1
27.0,2,618.0,1,4.0,3.0,1,1.0,933.0,2.0,0,76.0,3.0,1.0,6,3.0,2,2318.0,17808.0,1.0,0,0,19.0,3.0,3.0,80.0,0.0,1.0,2.0,3.0,1.0,1.0,0.0,0.0,0
34.0,2,546.0,1,10.0,3.0,1,1.0,934.0,2.0,1,83.0,3.0,1.0,2,2.0,0,2008.0,6896.0,1.0,0,0,14.0,3.0,2.0,80.0,2.0,1.0,3.0,3.0,1.0,0.0,1.0,0.0,0
42.0,2,462.0,2,14.0,2.0,3,1.0,936.0,3.0,0,68.0,2.0,2.0,7,3.0,2,6244.0,7824.0,7.0,0,0,17.0,3.0,1.0,80.0,0.0,10.0,6.0,3.0,5.0,4.0,0.0,3.0,0
33.0,2,1198.0,1,1.0,4.0,4,1.0,939.0,3.0,1,100.0,2.0,1.0,6,1.0,2,2799.0,3339.0,3.0,0,1,11.0,3.0,2.0,80.0,0.0,6.0,1.0,3.0,3.0,2.0,0.0,2.0,0
58.0,2,1272.0,1,5.0,3.0,5,1.0,940.0,3.0,0,37.0,2.0,3.0,0,2.0,0,10552.0,9255.0,2.0,0,1,13.0,3.0,4.0,80.0,1.0,24.0,3.0,3.0,6.0,0.0,0.0,4.0,0
31.0,2,154.0,2,7.0,4.0,1,1.0,941.0,2.0,1,41.0,2.0,1.0,8,3.0,1,2329.0,11737.0,3.0,0,0,15.0,3.0,2.0,80.0,0.0,13.0,2.0,4.0,7.0,7.0,5.0,2.0,0
35.0,2,1137.0,1,21.0,1.0,1,1.0,942.0,4.0,0,51.0,3.0,2.0,0,4.0,1,4014.0,19170.0,1.0,0,1,25.0,4.0,4.0,80.0,1.0,10.0,2.0,1.0,10.0,6.0,0.0,7.0,0
49.0,2,527.0,1,8.0,2.0,4,1.0,944.0,1.0,0,51.0,3.0,3.0,2,2.0,1,7403.0,22477.0,4.0,0,0,11.0,3.0,3.0,80.0,1.0,29.0,3.0,2.0,26.0,9.0,1.0,7.0,0
48.0,2,1469.0,1,20.0,4.0,3,1.0,945.0,4.0,1,51.0,3.0,1.0,6,3.0,1,2259.0,5543.0,4.0,0,0,17.0,3.0,1.0,80.0,2.0,13.0,2.0,2.0,0.0,0.0,0.0,0.0,0
31.0,0,1188.0,2,20.0,2.0,2,1.0,947.0,4.0,0,45.0,3.0,2.0,7,3.0,1,6932.0,24406.0,1.0,0,0,13.0,3.0,4.0,80.0,1.0,9.0,2.0,2.0,9.0,8.0,0.0,0.0,0
36.0,2,188.0,1,7.0,4.0,4,1.0,949.0,2.0,1,65.0,3.0,1.0,6,4.0,2,4678.0,23293.0,2.0,0,0,18.0,3.0,3.0,80.0,0.0,8.0,6.0,3.0,6.0,2.0,0.0,1.0,0
38.0,2,1333.0,1,1.0,3.0,5,1.0,950.0,4.0,0,80.0,3.0,3.0,5,1.0,1,13582.0,16292.0,1.0,0,0,13.0,3.0,2.0,80.0,1.0,15.0,3.0,3.0,15.0,12.0,5.0,11.0,0
32.0,0,1184.0,1,1.0,3.0,1,1.0,951.0,3.0,0,70.0,2.0,1.0,2,2.0,1,2332.0,3974.0,6.0,0,0,20.0,4.0,3.0,80.0,0.0,5.0,3.0,3.0,3.0,0.0,0.0,2.0,0
25.0,2,867.0,2,19.0,2.0,2,1.0,952.0,3.0,1,36.0,2.0,1.0,8,2.0,1,2413.0,18798.0,1.0,0,1,18.0,3.0,3.0,80.0,3.0,1.0,2.0,3.0,1.0,0.0,0.0,0.0,1
40.0,2,658.0,2,10.0,4.0,2,1.0,954.0,1.0,1,67.0,2.0,3.0,7,2.0,0,9705.0,20652.0,2.0,0,0,12.0,3.0,2.0,80.0,1.0,11.0,2.0,2.0,1.0,0.0,0.0,0.0,0
26.0,1,1283.0,2,1.0,3.0,3,1.0,956.0,3.0,1,52.0,2.0,2.0,7,1.0,2,4294.0,11148.0,1.0,0,0,12.0,3.0,2.0,80.0,0.0,7.0,2.0,3.0,7.0,7.0,0.0,7.0,0
41.0,2,263.0,1,6.0,3.0,3,1.0,957.0,4.0,1,59.0,3.0,1.0,2,1.0,2,4721.0,3119.0,2.0,0,1,13.0,3.0,3.0,80.0,0.0,20.0,3.0,3.0,18.0,13.0,2.0,17.0,0
36.0,2,938.0,1,2.0,4.0,3,1.0,958.0,3.0,1,79.0,3.0,1.0,2,3.0,2,2519.0,12287.0,4.0,0,0,21.0,4.0,3.0,80.0,0.0,16.0,6.0,3.0,11.0,8.0,3.0,9.0,0
19.0,2,419.0,2,21.0,3.0,4,1.0,959.0,4.0,1,37.0,2.0,1.0,8,2.0,2,2121.0,9947.0,1.0,0,1,13.0,3.0,2.0,80.0,0.0,1.0,3.0,4.0,1.0,0.0,0.0,0.0,1
20.0,2,129.0,1,4.0,3.0,5,1.0,960.0,1.0,1,84.0,3.0,1.0,2,1.0,2,2973.0,13008.0,1.0,0,0,19.0,3.0,2.0,80.0,0.0,1.0,2.0,3.0,1.0,0.0,0.0,0.0,1
31.0,2,616.0,1,12.0,3.0,3,1.0,961.0,4.0,0,41.0,3.0,2.0,0,4.0,1,5855.0,17369.0,0.0,0,1,11.0,3.0,3.0,80.0,2.0,10.0,2.0,1.0,9.0,7.0,8.0,5.0,0
40.0,1,1469.0,1,9.0,4.0,3,1.0,964.0,4.0,1,35.0,3.0,1.0,6,2.0,0,3617.0,25063.0,8.0,0,1,14.0,3.0,4.0,80.0,1.0,3.0,2.0,3.0,1.0,1.0,0.0,0.0,0
32.0,2,498.0,1,3.0,4.0,3,1.0,966.0,3.0,0,93.0,3.0,2.0,4,1.0,1,6725.0,13554.0,1.0,0,0,12.0,3.0,3.0,80.0,1.0,8.0,2.0,4.0,8.0,7.0,6.0,3.0,0
36.0,2,530.0,2,3.0,1.0,1,1.0,967.0,3.0,1,51.0,2.0,3.0,7,4.0,1,10325.0,5518.0,1.0,0,1,11.0,3.0,1.0,80.0,1.0,16.0,6.0,3.0,16.0,7.0,3.0,7.0,1
33.0,2,1069.0,1,1.0,3.0,1,1.0,969.0,2.0,0,42.0,2.0,2.0,0,4.0,2,6949.0,12291.0,0.0,0,0,14.0,3.0,1.0,80.0,0.0,6.0,3.0,3.0,5.0,0.0,1.0,4.0,0
37.0,2,625.0,2,1.0,4.0,1,1.0,970.0,1.0,1,46.0,2.0,3.0,7,3.0,1,10609.0,14922.0,5.0,0,0,11.0,3.0,3.0,80.0,0.0,17.0,2.0,1.0,14.0,1.0,11.0,7.0,1
45.0,0,805.0,1,4.0,2.0,1,1.0,972.0,3.0,1,57.0,3.0,2.0,2,2.0,1,4447.0,23163.0,1.0,0,0,12.0,3.0,2.0,80.0,0.0,9.0,5.0,2.0,9.0,7.0,0.0,8.0,0
29.0,1,1404.0,2,20.0,3.0,5,1.0,974.0,3.0,0,84.0,3.0,1.0,8,4.0,1,2157.0,18203.0,1.0,0,0,15.0,3.0,2.0,80.0,1.0,3.0,5.0,3.0,3.0,1.0,0.0,2.0,0
35.0,2,1219.0,2,18.0,3.0,3,1.0,975.0,3.0,0,86.0,3.0,2.0,7,3.0,1,4601.0,6179.0,1.0,0,0,16.0,3.0,2.0,80.0,0.0,5.0,3.0,3.0,5.0,2.0,1.0,0.0,0
52.0,2,1053.0,1,1.0,2.0,1,1.0,976.0,4.0,1,70.0,3.0,4.0,3,4.0,1,17099.0,13829.0,2.0,0,0,15.0,3.0,2.0,80.0,1.0,26.0,2.0,2.0,9.0,8.0,7.0,8.0,0
58.0,2,289.0,1,2.0,3.0,5,1.0,977.0,4.0,1,51.0,3.0,1.0,6,3.0,2,2479.0,26227.0,4.0,0,0,24.0,4.0,1.0,80.0,0.0,7.0,4.0,3.0,1.0,0.0,0.0,0.0,1
53.0,2,1376.0,2,2.0,2.0,3,1.0,981.0,3.0,1,45.0,3.0,4.0,3,3.0,0,14852.0,13938.0,6.0,0,0,13.0,3.0,3.0,80.0,1.0,22.0,3.0,4.0,17.0,13.0,15.0,2.0,0
30.0,2,231.0,2,8.0,2.0,4,1.0,982.0,3.0,1,62.0,3.0,3.0,7,3.0,0,7264.0,9977.0,5.0,0,0,11.0,3.0,1.0,80.0,1.0,10.0,2.0,4.0,8.0,4.0,7.0,7.0,0
38.0,0,152.0,2,10.0,3.0,5,1.0,983.0,3.0,0,85.0,3.0,2.0,7,4.0,2,5666.0,19899.0,1.0,0,1,13.0,3.0,2.0,80.0,0.0,6.0,1.0,3.0,5.0,3.0,1.0,3.0,0
35.0,2,882.0,2,3.0,4.0,1,1.0,984.0,4.0,1,92.0,3.0,3.0,7,4.0,0,7823.0,6812.0,6.0,0,0,13.0,3.0,2.0,80.0,1.0,12.0,2.0,3.0,10.0,9.0,0.0,8.0,0
39.0,2,903.0,2,2.0,5.0,1,1.0,985.0,1.0,1,41.0,4.0,3.0,7,3.0,2,7880.0,2560.0,0.0,0,0,18.0,3.0,4.0,80.0,0.0,9.0,3.0,3.0,8.0,7.0,0.0,7.0,0
40.0,0,1479.0,2,24.0,3.0,1,1.0,986.0,2.0,0,100.0,4.0,4.0,7,2.0,2,13194.0,17071.0,4.0,0,1,16.0,3.0,4.0,80.0,0.0,22.0,2.0,2.0,1.0,0.0,0.0,0.0,1
47.0,1,1379.0,1,16.0,4.0,3,1.0,987.0,3.0,1,64.0,4.0,2.0,4,3.0,0,5067.0,6759.0,1.0,0,1,19.0,3.0,3.0,80.0,0.0,20.0,3.0,4.0,19.0,10.0,2.0,7.0,0
36.0,0,1229.0,2,8.0,4.0,5,1.0,990.0,1.0,1,84.0,3.0,2.0,7,4.0,0,5079.0,25952.0,4.0,0,0,13.0,3.0,4.0,80.0,2.0,12.0,3.0,3.0,7.0,7.0,0.0,7.0,0
31.0,0,335.0,1,9.0,2.0,3,1.0,991.0,3.0,1,46.0,2.0,1.0,6,1.0,2,2321.0,10322.0,0.0,0,1,22.0,4.0,1.0,80.0,0.0,4.0,0.0,3.0,3.0,2.0,1.0,2.0,1
33.0,0,722.0,2,17.0,3.0,1,1.0,992.0,4.0,1,38.0,3.0,4.0,3,3.0,2,17444.0,20489.0,1.0,0,0,11.0,3.0,4.0,80.0,0.0,10.0,2.0,3.0,10.0,8.0,6.0,0.0,0
29.0,2,906.0,1,10.0,3.0,1,1.0,994.0,4.0,0,92.0,2.0,1.0,6,1.0,2,2404.0,11479.0,6.0,0,1,20.0,4.0,3.0,80.0,0.0,3.0,5.0,3.0,0.0,0.0,0.0,0.0,1
33.0,2,461.0,1,13.0,1.0,1,1.0,995.0,2.0,0,53.0,3.0,1.0,6,4.0,2,3452.0,17241.0,3.0,0,0,18.0,3.0,1.0,80.0,0.0,5.0,4.0,3.0,3.0,2.0,0.0,2.0,0
45.0,2,974.0,1,1.0,4.0,3,1.0,996.0,4.0,0,91.0,3.0,1.0,2,4.0,0,2270.0,11005.0,3.0,0,0,14.0,3.0,4.0,80.0,2.0,8.0,2.0,3.0,5.0,3.0,0.0,2.0,0
50.0,2,1126.0,1,1.0,2.0,3,1.0,997.0,4.0,1,66.0,3.0,4.0,5,4.0,0,17399.0,6615.0,9.0,0,0,22.0,4.0,3.0,80.0,1.0,32.0,1.0,2.0,5.0,4.0,1.0,3.0,0
33.0,1,827.0,1,1.0,4.0,4,1.0,998.0,3.0,0,84.0,4.0,2.0,0,2.0,1,5488.0,20161.0,1.0,0,1,13.0,3.0,1.0,80.0,1.0,6.0,2.0,3.0,6.0,5.0,1.0,2.0,0
41.0,1,840.0,1,9.0,3.0,3,1.0,999.0,1.0,1,64.0,3.0,5.0,5,3.0,0,19419.0,3735.0,2.0,0,0,17.0,3.0,2.0,80.0,1.0,21.0,2.0,4.0,18.0,16.0,0.0,11.0,0
27.0,2,1134.0,1,16.0,4.0,5,1.0,1001.0,3.0,0,37.0,3.0,1.0,2,2.0,1,2811.0,12086.0,9.0,0,0,14.0,3.0,2.0,80.0,1.0,4.0,2.0,3.0,2.0,2.0,2.0,2.0,0
45.0,0,248.0,1,23.0,2.0,1,1.0,1002.0,4.0,1,42.0,3.0,2.0,2,1.0,1,3633.0,14039.0,1.0,0,1,15.0,3.0,3.0,80.0,1.0,9.0,2.0,3.0,9.0,8.0,0.0,8.0,0
47.0,2,955.0,2,4.0,2.0,1,1.0,1003.0,4.0,0,83.0,3.0,2.0,7,4.0,2,4163.0,8571.0,1.0,0,1,17.0,3.0,3.0,80.0,0.0,9.0,0.0,3.0,9.0,0.0,0.0,7.0,0
30.0,2,138.0,1,22.0,3.0,1,1.0,1004.0,1.0,0,48.0,3.0,1.0,6,3.0,1,2132.0,11539.0,4.0,0,1,11.0,3.0,2.0,80.0,0.0,7.0,2.0,3.0,5.0,2.0,0.0,1.0,1
50.0,2,939.0,1,24.0,3.0,1,1.0,1005.0,4.0,1,95.0,3.0,4.0,4,3.0,1,13973.0,4161.0,3.0,0,1,18.0,3.0,4.0,80.0,1.0,22.0,2.0,3.0,12.0,11.0,1.0,5.0,0
38.0,1,1391.0,1,10.0,1.0,3,1.0,1006.0,3.0,1,66.0,3.0,1.0,6,3.0,1,2684.0,12127.0,0.0,0,0,17.0,3.0,2.0,80.0,1.0,3.0,0.0,2.0,2.0,1.0,0.0,2.0,0
46.0,2,566.0,1,7.0,2.0,3,1.0,1007.0,4.0,1,75.0,3.0,3.0,4,3.0,0,10845.0,24208.0,6.0,0,0,13.0,3.0,2.0,80.0,1.0,13.0,3.0,3.0,8.0,7.0,0.0,7.0,0
24.0,2,1206.0,1,17.0,1.0,3,1.0,1009.0,4.0,0,41.0,2.0,2.0,4,3.0,0,4377.0,24117.0,1.0,0,0,15.0,3.0,2.0,80.0,2.0,5.0,6.0,3.0,4.0,2.0,3.0,2.0,0
35.0,2,622.0,1,14.0,4.0,4,1.0,1010.0,3.0,1,39.0,2.0,1.0,2,2.0,0,3743.0,10074.0,1.0,0,1,24.0,4.0,4.0,80.0,1.0,5.0,2.0,1.0,4.0,2.0,0.0,2.0,1
31.0,1,853.0,1,1.0,1.0,1,1.0,1011.0,3.0,0,96.0,3.0,2.0,4,1.0,1,4148.0,11275.0,1.0,0,0,12.0,3.0,3.0,80.0,1.0,4.0,1.0,3.0,4.0,3.0,0.0,3.0,0
18.0,0,287.0,1,5.0,2.0,1,1.0,1012.0,2.0,1,73.0,3.0,1.0,6,4.0,2,1051.0,13493.0,1.0,0,0,15.0,3.0,4.0,80.0,0.0,0.0,2.0,3.0,0.0,0.0,0.0,0.0,0
54.0,2,1441.0,1,17.0,3.0,5,1.0,1013.0,3.0,0,56.0,3.0,3.0,4,3.0,1,10739.0,13943.0,8.0,0,0,11.0,3.0,3.0,80.0,1.0,22.0,2.0,3.0,10.0,7.0,0.0,8.0,0
35.0,2,583.0,1,25.0,4.0,3,1.0,1014.0,3.0,0,57.0,3.0,3.0,0,3.0,0,10388.0,6975.0,1.0,0,1,11.0,3.0,3.0,80.0,1.0,16.0,3.0,2.0,16.0,10.0,10.0,1.0,0
30.0,2,153.0,1,8.0,2.0,1,1.0,1015.0,2.0,0,73.0,4.0,3.0,5,1.0,1,11416.0,17802.0,0.0,0,1,12.0,3.0,3.0,80.0,3.0,9.0,4.0,2.0,8.0,7.0,1.0,7.0,0
20.0,2,1097.0,1,11.0,3.0,3,1.0,1016.0,4.0,0,98.0,2.0,1.0,6,1.0,2,2600.0,18275.0,1.0,0,1,15.0,3.0,1.0,80.0,0.0,1.0,2.0,3.0,1.0,0.0,0.0,0.0,1
30.0,1,109.0,1,5.0,3.0,3,1.0,1017.0,2.0,0,60.0,3.0,1.0,2,2.0,2,2422.0,25725.0,0.0,0,0,17.0,3.0,1.0,80.0,0.0,4.0,3.0,3.0,3.0,2.0,1.0,2.0,1
26.0,2,1066.0,1,2.0,2.0,3,1.0,1018.0,4.0,1,32.0,4.0,2.0,4,4.0,1,5472.0,3334.0,1.0,0,0,12.0,3.0,2.0,80.0,0.0,8.0,2.0,3.0,8.0,7.0,1.0,3.0,0
22.0,2,217.0,1,8.0,1.0,1,1.0,1019.0,2.0,1,94.0,1.0,1.0,2,1.0,1,2451.0,6881.0,1.0,0,0,15.0,3.0,1.0,80.0,1.0,4.0,3.0,2.0,4.0,3.0,1.0,1.0,0
48.0,2,277.0,1,6.0,3.0,1,1.0,1022.0,1.0,1,97.0,2.0,2.0,0,3.0,2,4240.0,13119.0,2.0,0,0,13.0,3.0,4.0,80.0,0.0,19.0,0.0,3.0,2.0,2.0,2.0,2.0,0
48.0,2,1355.0,1,4.0,4.0,1,1.0,1024.0,3.0,1,78.0,2.0,3.0,0,3.0,2,10999.0,22245.0,7.0,0,0,14.0,3.0,2.0,80.0,0.0,27.0,3.0,3.0,15.0,11.0,4.0,8.0,0
41.0,2,549.0,1,7.0,2.0,3,1.0,1025.0,4.0,0,42.0,3.0,2.0,4,3.0,2,5003.0,23371.0,6.0,0,0,14.0,3.0,2.0,80.0,0.0,8.0,6.0,3.0,2.0,2.0,2.0,1.0,0
39.0,2,466.0,1,1.0,1.0,1,1.0,1026.0,4.0,0,65.0,2.0,4.0,4,4.0,1,12742.0,7060.0,1.0,0,0,16.0,3.0,3.0,80.0,1.0,21.0,3.0,3.0,21.0,6.0,11.0,8.0,0
27.0,2,1055.0,1,2.0,4.0,1,1.0,1027.0,1.0,0,47.0,3.0,2.0,4,4.0,1,4227.0,4658.0,0.0,0,0,18.0,3.0,2.0,80.0,1.0,4.0,2.0,3.0,3.0,2.0,2.0,2.0,0
35.0,2,802.0,1,10.0,3.0,4,1.0,1028.0,2.0,1,45.0,3.0,1.0,2,4.0,0,3917.0,9541.0,1.0,0,0,20.0,4.0,1.0,80.0,1.0,3.0,4.0,2.0,3.0,2.0,1.0,2.0,0
42.0,2,265.0,2,5.0,2.0,2,1.0,1029.0,4.0,1,90.0,3.0,5.0,3,3.0,1,18303.0,7770.0,6.0,0,0,13.0,3.0,2.0,80.0,0.0,21.0,3.0,4.0,1.0,0.0,0.0,0.0,0
50.0,2,804.0,1,9.0,3.0,1,1.0,1030.0,1.0,1,64.0,3.0,1.0,2,4.0,1,2380.0,20165.0,4.0,0,0,18.0,3.0,2.0,80.0,0.0,8.0,5.0,3.0,1.0,0.0,0.0,0.0,0
59.0,2,715.0,1,2.0,3.0,1,1.0,1032.0,3.0,0,69.0,2.0,4.0,4,4.0,2,13726.0,21829.0,3.0,0,1,13.0,3.0,1.0,80.0,0.0,30.0,4.0,3.0,5.0,3.0,4.0,3.0,0
37.0,2,1141.0,1,11.0,2.0,3,1.0,1033.0,1.0,0,61.0,1.0,2.0,0,2.0,1,4777.0,14382.0,5.0,0,0,15.0,3.0,1.0,80.0,0.0,15.0,2.0,1.0,1.0,0.0,0.0,0.0,1
55.0,1,135.0,1,18.0,4.0,3,1.0,1034.0,3.0,1,62.0,3.0,2.0,0,2.0,1,6385.0,12992.0,3.0,0,1,14.0,3.0,4.0,80.0,2.0,17.0,3.0,3.0,8.0,7.0,6.0,7.0,0
41.0,0,247.0,1,7.0,1.0,1,1.0,1035.0,2.0,0,55.0,1.0,5.0,5,3.0,0,19973.0,20284.0,1.0,0,0,22.0,4.0,2.0,80.0,2.0,21.0,3.0,3.0,21.0,16.0,5.0,10.0,0
38.0,2,1035.0,2,3.0,4.0,1,1.0,1036.0,2.0,1,42.0,3.0,2.0,7,4.0,2,6861.0,4981.0,8.0,0,1,12.0,3.0,3.0,80.0,0.0,19.0,1.0,3.0,1.0,0.0,0.0,0.0,0
26.0,0,265.0,2,29.0,2.0,3,1.0,1037.0,2.0,1,79.0,1.0,2.0,7,1.0,2,4969.0,21813.0,8.0,0,0,18.0,3.0,4.0,80.0,0.0,7.0,6.0,3.0,2.0,2.0,2.0,2.0,1
52.0,2,266.0,2,2.0,1.0,2,1.0,1038.0,1.0,0,57.0,1.0,5.0,3,4.0,1,19845.0,25846.0,1.0,0,0,15.0,3.0,4.0,80.0,1.0,33.0,3.0,3.0,32.0,14.0,6.0,9.0,1
44.0,2,1448.0,2,28.0,3.0,3,1.0,1039.0,4.0,0,53.0,4.0,4.0,7,4.0,1,13320.0,11737.0,3.0,0,1,18.0,3.0,3.0,80.0,1.0,23.0,2.0,3.0,12.0,11.0,11.0,11.0,0
50.0,0,145.0,2,1.0,3.0,1,1.0,1040.0,4.0,0,95.0,3.0,2.0,7,3.0,1,6347.0,24920.0,0.0,0,0,12.0,3.0,1.0,80.0,1.0,19.0,3.0,3.0,18.0,7.0,0.0,13.0,0
36.0,2,885.0,1,16.0,4.0,1,1.0,1042.0,3.0,0,43.0,4.0,1.0,2,1.0,2,2743.0,8269.0,1.0,0,0,16.0,3.0,3.0,80.0,0.0,18.0,1.0,3.0,17.0,13.0,15.0,14.0,1
39.0,1,945.0,1,22.0,3.0,3,1.0,1043.0,4.0,0,82.0,3.0,3.0,4,1.0,2,10880.0,5083.0,1.0,0,1,13.0,3.0,3.0,80.0,0.0,21.0,2.0,3.0,21.0,6.0,2.0,8.0,0
33.0,0,1038.0,2,8.0,1.0,1,1.0,1044.0,2.0,0,88.0,2.0,1.0,8,4.0,2,2342.0,21437.0,0.0,0,0,19.0,3.0,4.0,80.0,0.0,3.0,2.0,2.0,2.0,2.0,2.0,2.0,0
45.0,2,1234.0,2,11.0,2.0,1,1.0,1045.0,4.0,0,90.0,3.0,4.0,3,4.0,1,17650.0,5404.0,3.0,0,0,13.0,3.0,2.0,80.0,1.0,26.0,4.0,4.0,9.0,3.0,1.0,1.0,0
32.0,0,1109.0,1,29.0,4.0,3,1.0,1046.0,4.0,0,69.0,3.0,1.0,2,3.0,2,4025.0,11135.0,9.0,0,0,12.0,3.0,2.0,80.0,0.0,10.0,2.0,3.0,8.0,7.0,7.0,7.0,0
34.0,2,216.0,2,1.0,4.0,2,1.0,1047.0,2.0,1,75.0,4.0,2.0,7,4.0,0,9725.0,12278.0,0.0,0,0,11.0,3.0,4.0,80.0,1.0,16.0,2.0,2.0,15.0,1.0,0.0,9.0,0
59.0,2,1089.0,2,1.0,2.0,5,1.0,1048.0,2.0,1,66.0,3.0,3.0,3,4.0,1,11904.0,11038.0,3.0,0,1,14.0,3.0,3.0,80.0,1.0,14.0,1.0,1.0,6.0,4.0,0.0,4.0,0
45.0,2,788.0,0,24.0,4.0,3,1.0,1049.0,2.0,1,36.0,3.0,1.0,1,2.0,2,2177.0,8318.0,1.0,0,0,16.0,3.0,1.0,80.0,0.0,6.0,3.0,3.0,6.0,3.0,0.0,4.0,0
53.0,1,124.0,2,2.0,3.0,2,1.0,1050.0,3.0,0,38.0,2.0,3.0,7,2.0,1,7525.0,23537.0,2.0,0,0,12.0,3.0,1.0,80.0,1.0,30.0,2.0,3.0,15.0,7.0,6.0,12.0,0
36.0,2,660.0,1,15.0,3.0,4,1.0,1052.0,1.0,1,81.0,3.0,2.0,2,3.0,0,4834.0,7858.0,7.0,0,0,14.0,3.0,2.0,80.0,1.0,9.0,3.0,2.0,1.0,0.0,0.0,0.0,1
26.0,1,342.0,1,2.0,3.0,1,1.0,1053.0,1.0,1,57.0,3.0,1.0,6,1.0,1,2042.0,15346.0,6.0,0,1,14.0,3.0,2.0,80.0,1.0,6.0,2.0,3.0,3.0,2.0,1.0,2.0,1
34.0,2,1333.0,2,10.0,4.0,1,1.0,1055.0,3.0,0,87.0,3.0,1.0,8,3.0,1,2220.0,18410.0,1.0,0,1,19.0,3.0,4.0,80.0,1.0,1.0,2.0,3.0,1.0,1.0,0.0,0.0,0
28.0,2,1144.0,2,10.0,1.0,3,1.0,1056.0,4.0,1,74.0,3.0,1.0,8,2.0,1,1052.0,23384.0,1.0,0,0,22.0,4.0,2.0,80.0,0.0,1.0,5.0,3.0,1.0,0.0,0.0,0.0,0
38.0,1,1186.0,1,3.0,4.0,4,1.0,1060.0,3.0,1,44.0,3.0,1.0,6,3.0,1,2821.0,2997.0,3.0,0,0,16.0,3.0,1.0,80.0,1.0,8.0,2.0,3.0,2.0,2.0,2.0,2.0,0
50.0,2,1464.0,1,2.0,4.0,3,1.0,1061.0,2.0,1,62.0,3.0,5.0,5,3.0,1,19237.0,12853.0,2.0,0,1,11.0,3.0,4.0,80.0,1.0,29.0,2.0,2.0,8.0,1.0,7.0,7.0,0
37.0,2,124.0,1,3.0,3.0,4,1.0,1062.0,4.0,0,35.0,3.0,2.0,0,2.0,2,4107.0,13848.0,3.0,0,0,15.0,3.0,1.0,80.0,0.0,8.0,3.0,2.0,4.0,3.0,0.0,1.0,0
40.0,2,300.0,2,26.0,3.0,2,1.0,1066.0,3.0,1,74.0,3.0,2.0,7,1.0,1,8396.0,22217.0,1.0,0,0,14.0,3.0,2.0,80.0,1.0,8.0,3.0,2.0,7.0,7.0,7.0,5.0,0
26.0,1,921.0,1,1.0,1.0,3,1.0,1068.0,1.0,0,66.0,2.0,1.0,6,3.0,0,2007.0,25265.0,1.0,0,0,13.0,3.0,3.0,80.0,2.0,5.0,5.0,3.0,5.0,3.0,1.0,3.0,0
46.0,2,430.0,1,1.0,4.0,3,1.0,1069.0,4.0,1,40.0,3.0,5.0,5,4.0,0,19627.0,21445.0,9.0,0,0,17.0,3.0,4.0,80.0,2.0,23.0,0.0,3.0,2.0,2.0,2.0,2.0,0
54.0,2,1082.0,2,2.0,4.0,1,1.0,1070.0,3.0,0,41.0,2.0,3.0,7,3.0,1,10686.0,8392.0,6.0,0,0,11.0,3.0,2.0,80.0,1.0,13.0,4.0,3.0,9.0,4.0,7.0,0.0,0
56.0,1,1240.0,1,9.0,3.0,3,1.0,1071.0,1.0,0,63.0,3.0,1.0,6,3.0,1,2942.0,12154.0,2.0,0,0,19.0,3.0,2.0,80.0,1.0,18.0,4.0,3.0,5.0,4.0,0.0,3.0,0
36.0,2,796.0,1,12.0,5.0,3,1.0,1073.0,4.0,0,51.0,2.0,3.0,4,4.0,2,8858.0,15669.0,0.0,0,0,11.0,3.0,2.0,80.0,0.0,15.0,2.0,2.0,14.0,8.0,7.0,8.0,0
55.0,0,444.0,1,2.0,1.0,3,1.0,1074.0,3.0,1,40.0,2.0,4.0,3,1.0,2,16756.0,17323.0,7.0,0,0,15.0,3.0,2.0,80.0,0.0,31.0,3.0,4.0,9.0,7.0,6.0,2.0,0
43.0,2,415.0,2,25.0,3.0,3,1.0,1076.0,3.0,1,79.0,2.0,3.0,7,4.0,0,10798.0,5268.0,5.0,0,0,13.0,3.0,3.0,80.0,1.0,18.0,5.0,3.0,1.0,0.0,0.0,0.0,0
20.0,1,769.0,2,9.0,3.0,2,1.0,1077.0,4.0,0,54.0,3.0,1.0,8,4.0,2,2323.0,17205.0,1.0,0,1,14.0,3.0,2.0,80.0,0.0,2.0,3.0,3.0,2.0,2.0,0.0,2.0,1
21.0,2,1334.0,1,10.0,3.0,1,1.0,1079.0,3.0,0,36.0,2.0,1.0,2,1.0,2,1416.0,17258.0,1.0,0,0,13.0,3.0,1.0,80.0,0.0,1.0,6.0,2.0,1.0,0.0,1.0,0.0,1
46.0,2,1003.0,1,8.0,4.0,1,1.0,1080.0,4.0,0,74.0,2.0,2.0,6,1.0,0,4615.0,21029.0,8.0,0,1,23.0,4.0,1.0,80.0,3.0,19.0,2.0,3.0,16.0,13.0,1.0,7.0,0
51.0,2,1323.0,1,4.0,4.0,1,1.0,1081.0,1.0,1,34.0,3.0,1.0,6,3.0,1,2461.0,10332.0,9.0,0,1,12.0,3.0,3.0,80.0,3.0,18.0,2.0,4.0,10.0,0.0,2.0,7.0,1
28.0,0,1366.0,1,24.0,2.0,5,1.0,1082.0,2.0,1,72.0,2.0,3.0,0,1.0,2,8722.0,12355.0,1.0,0,0,12.0,3.0,1.0,80.0,0.0,10.0,2.0,2.0,10.0,7.0,1.0,9.0,1
26.0,2,192.0,1,1.0,2.0,3,1.0,1083.0,1.0,1,59.0,2.0,1.0,2,1.0,1,3955.0,11141.0,1.0,0,0,16.0,3.0,1.0,80.0,2.0,6.0,2.0,3.0,5.0,3.0,1.0,3.0,0
30.0,2,1176.0,1,20.0,3.0,4,1.0,1084.0,3.0,1,85.0,3.0,2.0,4,1.0,1,9957.0,9096.0,0.0,0,0,15.0,3.0,3.0,80.0,1.0,7.0,1.0,2.0,6.0,2.0,0.0,2.0,0
41.0,2,509.0,1,7.0,2.0,5,1.0,1085.0,2.0,0,43.0,4.0,1.0,6,3.0,1,3376.0,18863.0,1.0,0,0,13.0,3.0,3.0,80.0,0.0,10.0,3.0,3.0,10.0,6.0,0.0,8.0,0
38.0,2,330.0,1,17.0,1.0,1,1.0,1088.0,3.0,0,65.0,2.0,3.0,0,3.0,1,8823.0,24608.0,0.0,0,0,18.0,3.0,1.0,80.0,1.0,20.0,4.0,2.0,19.0,9.0,1.0,9.0,0
40.0,2,1492.0,1,20.0,4.0,5,1.0,1092.0,1.0,1,61.0,3.0,3.0,0,4.0,1,10322.0,26542.0,4.0,0,0,20.0,4.0,4.0,80.0,1.0,14.0,6.0,3.0,11.0,10.0,11.0,1.0,0
27.0,0,1277.0,1,8.0,5.0,1,1.0,1094.0,1.0,1,87.0,1.0,1.0,2,3.0,1,4621.0,5869.0,1.0,0,0,19.0,3.0,4.0,80.0,3.0,3.0,4.0,3.0,3.0,2.0,1.0,2.0,0
55.0,1,1091.0,1,2.0,1.0,1,1.0,1096.0,4.0,1,65.0,3.0,3.0,4,2.0,1,10976.0,15813.0,3.0,0,0,18.0,3.0,2.0,80.0,1.0,23.0,4.0,3.0,3.0,2.0,1.0,2.0,0
28.0,2,857.0,1,10.0,3.0,4,1.0,1097.0,3.0,0,59.0,3.0,2.0,6,3.0,2,3660.0,7909.0,3.0,0,0,13.0,3.0,4.0,80.0,0.0,10.0,4.0,4.0,8.0,7.0,1.0,7.0,0
44.0,2,1376.0,0,1.0,2.0,3,1.0,1098.0,2.0,1,91.0,2.0,3.0,1,1.0,1,10482.0,2326.0,9.0,0,0,14.0,3.0,4.0,80.0,1.0,24.0,1.0,3.0,20.0,6.0,3.0,6.0,1
33.0,2,654.0,1,5.0,3.0,1,1.0,1099.0,4.0,1,34.0,2.0,3.0,0,4.0,0,7119.0,21214.0,4.0,0,0,15.0,3.0,3.0,80.0,1.0,9.0,2.0,3.0,3.0,2.0,1.0,2.0,0
35.0,2,1204.0,2,4.0,3.0,5,1.0,1100.0,4.0,1,86.0,3.0,3.0,7,1.0,2,9582.0,10333.0,0.0,0,1,22.0,4.0,1.0,80.0,0.0,9.0,2.0,3.0,8.0,7.0,4.0,7.0,1
33.0,1,827.0,1,29.0,4.0,3,1.0,1101.0,1.0,0,54.0,2.0,2.0,6,3.0,2,4508.0,3129.0,1.0,0,0,22.0,4.0,2.0,80.0,0.0,14.0,4.0,3.0,13.0,7.0,3.0,8.0,1
28.0,2,895.0,1,15.0,2.0,1,1.0,1102.0,1.0,1,50.0,3.0,1.0,2,3.0,0,2207.0,22482.0,1.0,0,0,16.0,3.0,4.0,80.0,1.0,4.0,5.0,2.0,4.0,2.0,2.0,2.0,0
34.0,1,618.0,1,3.0,1.0,1,1.0,1103.0,1.0,1,45.0,3.0,2.0,0,4.0,2,7756.0,22266.0,0.0,0,0,17.0,3.0,3.0,80.0,0.0,7.0,1.0,2.0,6.0,2.0,0.0,4.0,0
37.0,2,309.0,2,10.0,4.0,1,1.0,1105.0,4.0,0,88.0,2.0,2.0,7,4.0,0,6694.0,24223.0,2.0,0,1,14.0,3.0,3.0,80.0,3.0,8.0,5.0,3.0,1.0,0.0,0.0,0.0,0
25.0,2,1219.0,1,4.0,1.0,5,1.0,1106.0,4.0,1,32.0,3.0,1.0,2,4.0,1,3691.0,4605.0,1.0,0,1,15.0,3.0,2.0,80.0,1.0,7.0,3.0,4.0,7.0,7.0,5.0,6.0,1
26.0,2,1330.0,1,21.0,3.0,3,1.0,1107.0,1.0,1,37.0,3.0,1.0,2,3.0,0,2377.0,19373.0,1.0,0,0,20.0,4.0,3.0,80.0,1.0,1.0,0.0,2.0,1.0,1.0,0.0,0.0,1
33.0,2,1017.0,1,25.0,3.0,3,1.0,1108.0,1.0,1,55.0,2.0,1.0,6,2.0,2,2313.0,2993.0,4.0,0,1,20.0,4.0,2.0,80.0,0.0,5.0,0.0,3.0,2.0,2.0,2.0,2.0,1
42.0,2,469.0,1,2.0,2.0,3,1.0,1109.0,4.0,1,35.0,3.0,4.0,3,1.0,1,17665.0,14399.0,0.0,0,0,17.0,3.0,4.0,80.0,1.0,23.0,3.0,3.0,22.0,6.0,13.0,7.0,0
28.0,1,1009.0,1,1.0,3.0,3,1.0,1111.0,1.0,1,45.0,2.0,1.0,2,2.0,0,2596.0,7160.0,1.0,0,0,15.0,3.0,1.0,80.0,2.0,1.0,2.0,3.0,1.0,0.0,0.0,0.0,1
50.0,1,959.0,2,1.0,4.0,4,1.0,1113.0,4.0,1,81.0,3.0,2.0,7,3.0,2,4728.0,17251.0,3.0,0,1,14.0,3.0,4.0,80.0,0.0,5.0,4.0,3.0,0.0,0.0,0.0,0.0,1
33.0,1,970.0,2,7.0,3.0,1,1.0,1114.0,4.0,0,30.0,3.0,2.0,7,2.0,1,4302.0,13401.0,0.0,0,0,17.0,3.0,3.0,80.0,1.0,4.0,3.0,3.0,3.0,2.0,0.0,2.0,0
34.0,0,697.0,1,3.0,4.0,1,1.0,1115.0,3.0,1,40.0,2.0,1.0,6,4.0,1,2979.0,22478.0,3.0,0,0,17.0,3.0,4.0,80.0,3.0,6.0,2.0,3.0,0.0,0.0,0.0,0.0,0
48.0,0,1262.0,1,1.0,4.0,3,1.0,1116.0,1.0,1,35.0,4.0,4.0,3,4.0,2,16885.0,16154.0,2.0,0,0,22.0,4.0,3.0,80.0,0.0,27.0,3.0,2.0,5.0,4.0,2.0,1.0,0
45.0,0,1050.0,2,9.0,4.0,1,1.0,1117.0,2.0,0,65.0,2.0,2.0,7,3.0,1,5593.0,17970.0,1.0,0,0,13.0,3.0,4.0,80.0,1.0,15.0,2.0,3.0,15.0,10.0,4.0,12.0,0
52.0,2,994.0,1,7.0,4.0,1,1.0,1118.0,2.0,1,87.0,3.0,3.0,0,2.0,2,10445.0,15322.0,7.0,0,0,19.0,3.0,4.0,80.0,0.0,18.0,4.0,3.0,8.0,6.0,4.0,0.0,0
38.0,2,770.0,2,10.0,4.0,2,1.0,1119.0,3.0,1,73.0,2.0,3.0,7,3.0,0,8740.0,5569.0,0.0,0,1,14.0,3.0,2.0,80.0,2.0,9.0,2.0,3.0,8.0,7.0,2.0,7.0,0
29.0,2,1107.0,1,28.0,4.0,1,1.0,1120.0,3.0,0,93.0,3.0,1.0,6,4.0,0,2514.0,26968.0,4.0,0,0,22.0,4.0,1.0,80.0,1.0,11.0,1.0,3.0,7.0,5.0,1.0,7.0,0
28.0,2,950.0,1,3.0,3.0,3,1.0,1121.0,4.0,0,93.0,3.0,3.0,4,2.0,0,7655.0,8039.0,0.0,0,0,17.0,3.0,2.0,80.0,3.0,10.0,3.0,2.0,9.0,7.0,1.0,7.0,0
46.0,2,406.0,2,3.0,1.0,2,1.0,1124.0,1.0,1,52.0,3.0,4.0,3,3.0,1,17465.0,15596.0,3.0,0,0,12.0,3.0,4.0,80.0,1.0,23.0,3.0,3.0,12.0,9.0,4.0,9.0,0
38.0,2,130.0,2,2.0,2.0,2,1.0,1125.0,4.0,1,32.0,3.0,3.0,7,2.0,2,7351.0,20619.0,7.0,0,0,16.0,3.0,3.0,80.0,0.0,10.0,2.0,3.0,1.0,0.0,0.0,0.0,0
43.0,1,1082.0,1,27.0,3.0,1,1.0,1126.0,3.0,0,83.0,3.0,3.0,4,1.0,1,10820.0,11535.0,8.0,0,0,11.0,3.0,3.0,80.0,1.0,18.0,1.0,3.0,8.0,7.0,0.0,1.0,0
39.0,1,203.0,1,2.0,3.0,1,1.0,1127.0,1.0,1,84.0,3.0,4.0,0,4.0,0,12169.0,13547.0,7.0,0,0,11.0,3.0,4.0,80.0,3.0,21.0,4.0,3.0,18.0,7.0,11.0,5.0,1
40.0,2,1308.0,1,14.0,3.0,3,1.0,1128.0,3.0,1,44.0,2.0,5.0,5,3.0,2,19626.0,17544.0,1.0,0,0,14.0,3.0,1.0,80.0,0.0,21.0,2.0,4.0,20.0,7.0,4.0,9.0,0
21.0,2,984.0,1,1.0,1.0,5,1.0,1131.0,4.0,0,70.0,2.0,1.0,6,2.0,2,2070.0,25326.0,1.0,0,1,11.0,3.0,3.0,80.0,0.0,2.0,6.0,4.0,2.0,2.0,2.0,2.0,0
39.0,0,439.0,1,9.0,3.0,1,1.0,1132.0,3.0,1,70.0,3.0,2.0,2,2.0,2,6782.0,8770.0,9.0,0,0,15.0,3.0,3.0,80.0,0.0,9.0,2.0,2.0,5.0,4.0,0.0,3.0,0
36.0,0,217.0,1,18.0,4.0,1,1.0,1133.0,1.0,1,78.0,3.0,2.0,4,4.0,2,7779.0,23238.0,2.0,0,0,20.0,4.0,1.0,80.0,0.0,18.0,0.0,3.0,11.0,9.0,0.0,9.0,0
31.0,1,793.0,2,20.0,3.0,1,1.0,1135.0,3.0,1,67.0,4.0,1.0,8,4.0,1,2791.0,21981.0,0.0,0,0,12.0,3.0,1.0,80.0,1.0,3.0,4.0,3.0,2.0,2.0,2.0,2.0,0
28.0,2,1451.0,1,2.0,1.0,1,1.0,1136.0,1.0,1,67.0,2.0,1.0,6,2.0,1,3201.0,19911.0,0.0,0,0,17.0,3.0,1.0,80.0,0.0,6.0,2.0,1.0,5.0,3.0,0.0,4.0,0
35.0,1,1182.0,2,11.0,2.0,2,1.0,1137.0,4.0,1,54.0,3.0,2.0,7,4.0,0,4968.0,18500.0,1.0,0,0,11.0,3.0,4.0,80.0,1.0,5.0,3.0,3.0,5.0,2.0,0.0,2.0,0
49.0,2,174.0,2,8.0,4.0,5,1.0,1138.0,4.0,1,56.0,2.0,4.0,7,2.0,1,13120.0,11879.0,6.0,0,0,17.0,3.0,2.0,80.0,1.0,22.0,3.0,3.0,9.0,8.0,2.0,3.0,0
34.0,1,1003.0,1,2.0,2.0,1,1.0,1140.0,4.0,1,95.0,3.0,2.0,4,3.0,2,4033.0,15834.0,2.0,0,0,11.0,3.0,4.0,80.0,0.0,5.0,3.0,2.0,3.0,2.0,0.0,2.0,0
29.0,1,490.0,1,10.0,3.0,1,1.0,1143.0,4.0,0,61.0,3.0,1.0,6,2.0,0,3291.0,17940.0,0.0,0,0,14.0,3.0,4.0,80.0,2.0,8.0,2.0,2.0,7.0,5.0,1.0,1.0,0
42.0,2,188.0,1,29.0,3.0,3,1.0,1148.0,2.0,1,56.0,1.0,2.0,2,4.0,2,4272.0,9558.0,4.0,0,0,19.0,3.0,1.0,80.0,0.0,16.0,3.0,3.0,1.0,0.0,0.0,0.0,0
29.0,2,718.0,1,8.0,1.0,3,1.0,1150.0,2.0,1,79.0,2.0,2.0,4,4.0,1,5056.0,17689.0,1.0,0,1,15.0,3.0,3.0,80.0,1.0,10.0,2.0,2.0,10.0,7.0,1.0,2.0,0
38.0,2,433.0,0,1.0,3.0,0,1.0,1152.0,3.0,1,37.0,4.0,1.0,1,3.0,1,2844.0,6004.0,1.0,0,0,13.0,3.0,4.0,80.0,1.0,7.0,2.0,4.0,7.0,6.0,5.0,0.0,0
28.0,1,773.0,1,6.0,3.0,1,1.0,1154.0,3.0,1,39.0,2.0,1.0,6,3.0,0,2703.0,22088.0,1.0,0,1,14.0,3.0,4.0,80.0,1.0,3.0,2.0,3.0,3.0,1.0,0.0,2.0,0
18.0,0,247.0,1,8.0,1.0,3,1.0,1156.0,3.0,1,80.0,3.0,1.0,2,3.0,2,1904.0,13556.0,1.0,0,0,12.0,3.0,4.0,80.0,0.0,0.0,0.0,3.0,0.0,0.0,0.0,0.0,1
33.0,2,603.0,2,9.0,4.0,2,1.0,1157.0,1.0,0,77.0,3.0,2.0,7,1.0,2,8224.0,18385.0,0.0,0,1,17.0,3.0,1.0,80.0,0.0,6.0,3.0,3.0,5.0,2.0,0.0,3.0,1
41.0,2,167.0,1,12.0,4.0,1,1.0,1158.0,2.0,1,46.0,3.0,1.0,2,4.0,1,4766.0,9051.0,3.0,0,1,11.0,3.0,1.0,80.0,1.0,6.0,4.0,3.0,1.0,0.0,0.0,0.0,0
31.0,1,874.0,1,15.0,3.0,3,1.0,1160.0,3.0,1,72.0,3.0,1.0,2,3.0,1,2610.0,6233.0,1.0,0,0,12.0,3.0,3.0,80.0,1.0,2.0,5.0,2.0,2.0,2.0,2.0,2.0,1
37.0,2,367.0,1,25.0,2.0,3,1.0,1161.0,3.0,0,52.0,2.0,2.0,0,4.0,0,5731.0,17171.0,7.0,0,0,13.0,3.0,3.0,80.0,2.0,9.0,2.0,3.0,6.0,2.0,1.0,3.0,0
27.0,2,199.0,1,6.0,3.0,1,1.0,1162.0,4.0,1,55.0,2.0,1.0,6,3.0,1,2539.0,7950.0,1.0,0,0,13.0,3.0,3.0,80.0,1.0,4.0,0.0,3.0,4.0,2.0,2.0,2.0,0
34.0,2,1400.0,2,9.0,1.0,1,1.0,1163.0,2.0,0,70.0,3.0,2.0,7,3.0,1,5714.0,5829.0,1.0,0,0,20.0,4.0,1.0,80.0,0.0,6.0,3.0,2.0,6.0,5.0,1.0,3.0,0
35.0,2,528.0,0,8.0,4.0,5,1.0,1164.0,3.0,1,100.0,3.0,1.0,1,3.0,2,4323.0,7108.0,1.0,0,0,17.0,3.0,2.0,80.0,0.0,6.0,2.0,1.0,5.0,4.0,1.0,4.0,0
29.0,2,408.0,2,23.0,1.0,1,1.0,1165.0,4.0,0,45.0,2.0,3.0,7,1.0,1,7336.0,11162.0,1.0,0,0,13.0,3.0,1.0,80.0,1.0,11.0,3.0,1.0,11.0,8.0,3.0,10.0,1
40.0,1,593.0,1,9.0,4.0,3,1.0,1166.0,2.0,0,88.0,3.0,3.0,5,3.0,2,13499.0,13782.0,9.0,0,0,17.0,3.0,3.0,80.0,0.0,20.0,3.0,2.0,18.0,7.0,2.0,13.0,0
42.0,1,481.0,2,12.0,3.0,1,1.0,1167.0,3.0,1,44.0,3.0,4.0,7,1.0,2,13758.0,2447.0,0.0,0,1,12.0,3.0,2.0,80.0,0.0,22.0,2.0,2.0,21.0,9.0,13.0,14.0,1
42.0,2,647.0,2,4.0,4.0,2,1.0,1171.0,2.0,1,45.0,3.0,2.0,7,1.0,2,5155.0,2253.0,7.0,0,0,13.0,3.0,4.0,80.0,0.0,9.0,3.0,4.0,6.0,4.0,1.0,5.0,0
35.0,2,982.0,1,1.0,4.0,3,1.0,1172.0,4.0,1,58.0,2.0,1.0,2,3.0,1,2258.0,16340.0,6.0,0,0,12.0,3.0,2.0,80.0,1.0,10.0,2.0,3.0,8.0,0.0,1.0,7.0,0
24.0,2,477.0,1,24.0,3.0,3,1.0,1173.0,4.0,1,49.0,3.0,1.0,2,2.0,2,3597.0,6409.0,8.0,0,0,22.0,4.0,4.0,80.0,0.0,6.0,2.0,3.0,4.0,3.0,1.0,2.0,0
28.0,2,1485.0,1,12.0,1.0,1,1.0,1175.0,3.0,0,79.0,3.0,1.0,2,4.0,1,2515.0,22955.0,1.0,0,1,11.0,3.0,4.0,80.0,0.0,1.0,4.0,2.0,1.0,1.0,0.0,0.0,1
26.0,2,1384.0,1,3.0,4.0,3,1.0,1177.0,1.0,1,82.0,4.0,1.0,2,4.0,1,4420.0,13421.0,1.0,0,0,22.0,4.0,2.0,80.0,1.0,8.0,2.0,3.0,8.0,7.0,0.0,7.0,0
30.0,2,852.0,2,10.0,3.0,2,1.0,1179.0,3.0,1,72.0,2.0,2.0,7,3.0,1,6578.0,2706.0,1.0,0,0,18.0,3.0,1.0,80.0,1.0,10.0,3.0,3.0,10.0,3.0,1.0,4.0,0
40.0,1,902.0,1,26.0,2.0,3,1.0,1180.0,3.0,0,92.0,2.0,2.0,6,4.0,1,4422.0,21203.0,3.0,0,1,13.0,3.0,4.0,80.0,1.0,16.0,3.0,1.0,1.0,1.0,0.0,0.0,0
35.0,2,819.0,1,2.0,3.0,1,1.0,1182.0,3.0,1,44.0,2.0,3.0,4,2.0,0,10274.0,19588.0,2.0,0,0,18.0,3.0,2.0,80.0,1.0,15.0,2.0,4.0,7.0,7.0,6.0,4.0,0
34.0,1,669.0,1,1.0,3.0,3,1.0,1184.0,4.0,1,97.0,2.0,2.0,0,1.0,2,5343.0,25755.0,0.0,0,0,20.0,4.0,3.0,80.0,0.0,14.0,3.0,3.0,13.0,9.0,4.0,9.0,0
35.0,1,636.0,1,4.0,4.0,4,1.0,1185.0,4.0,1,47.0,2.0,1.0,2,4.0,1,2376.0,26537.0,1.0,0,0,13.0,3.0,2.0,80.0,1.0,2.0,2.0,4.0,2.0,2.0,2.0,2.0,0
43.0,2,1372.0,2,9.0,3.0,2,1.0,1188.0,1.0,0,85.0,1.0,2.0,7,3.0,2,5346.0,9489.0,8.0,0,0,13.0,3.0,2.0,80.0,0.0,7.0,2.0,2.0,4.0,3.0,1.0,3.0,1
32.0,0,862.0,2,2.0,1.0,1,1.0,1190.0,3.0,0,76.0,3.0,1.0,8,1.0,0,2827.0,14947.0,1.0,0,0,12.0,3.0,3.0,80.0,3.0,1.0,3.0,3.0,1.0,0.0,0.0,0.0,0
56.0,2,718.0,1,4.0,4.0,5,1.0,1191.0,4.0,0,92.0,3.0,5.0,3,1.0,0,19943.0,18575.0,4.0,0,0,13.0,3.0,4.0,80.0,1.0,28.0,2.0,3.0,5.0,2.0,4.0,2.0,0
29.0,2,1401.0,1,6.0,1.0,3,1.0,1192.0,2.0,0,54.0,3.0,1.0,2,4.0,1,3131.0,26342.0,1.0,0,0,13.0,3.0,1.0,80.0,1.0,10.0,5.0,3.0,10.0,8.0,0.0,8.0,0
19.0,2,645.0,1,9.0,2.0,1,1.0,1193.0,3.0,1,54.0,3.0,1.0,6,1.0,2,2552.0,7172.0,1.0,0,0,25.0,4.0,3.0,80.0,0.0,1.0,4.0,3.0,1.0,1.0,0.0,0.0,0
45.0,2,1457.0,1,7.0,3.0,3,1.0,1195.0,1.0,0,83.0,3.0,1.0,6,3.0,1,4477.0,20100.0,4.0,0,1,19.0,3.0,3.0,80.0,1.0,7.0,2.0,2.0,3.0,2.0,0.0,2.0,0
37.0,2,977.0,1,1.0,3.0,1,1.0,1196.0,4.0,0,56.0,2.0,2.0,4,4.0,1,6474.0,9961.0,1.0,0,0,13.0,3.0,2.0,80.0,1.0,14.0,2.0,2.0,14.0,8.0,3.0,11.0,0
20.0,2,805.0,1,3.0,3.0,1,1.0,1198.0,1.0,1,87.0,2.0,1.0,2,3.0,2,3033.0,12828.0,1.0,0,0,12.0,3.0,1.0,80.0,0.0,2.0,2.0,2.0,2.0,2.0,1.0,2.0,0
44.0,2,1097.0,1,10.0,4.0,1,1.0,1200.0,3.0,1,96.0,3.0,1.0,6,3.0,2,2936.0,10826.0,1.0,0,1,11.0,3.0,3.0,80.0,0.0,6.0,4.0,3.0,6.0,4.0,0.0,2.0,1
53.0,2,1223.0,1,7.0,2.0,3,1.0,1201.0,4.0,0,50.0,3.0,5.0,3,3.0,0,18606.0,18640.0,3.0,0,0,18.0,3.0,2.0,80.0,1.0,26.0,6.0,3.0,7.0,7.0,4.0,7.0,0
29.0,2,942.0,1,15.0,1.0,1,1.0,1202.0,2.0,0,69.0,1.0,1.0,6,4.0,1,2168.0,26933.0,0.0,0,1,18.0,3.0,1.0,80.0,1.0,6.0,2.0,2.0,5.0,4.0,1.0,3.0,0
22.0,1,1256.0,1,3.0,4.0,1,1.0,1203.0,3.0,1,48.0,2.0,1.0,6,4.0,1,2853.0,4223.0,0.0,0,1,11.0,3.0,2.0,80.0,1.0,1.0,5.0,3.0,0.0,0.0,0.0,0.0,1
46.0,2,1402.0,2,2.0,3.0,2,1.0,1204.0,3.0,0,69.0,3.0,4.0,3,1.0,1,17048.0,24097.0,8.0,0,0,23.0,4.0,1.0,80.0,0.0,28.0,2.0,3.0,26.0,15.0,15.0,9.0,0
44.0,0,111.0,1,17.0,3.0,1,1.0,1206.0,4.0,1,74.0,1.0,1.0,6,3.0,2,2290.0,4279.0,2.0,0,0,13.0,3.0,4.0,80.0,0.0,6.0,3.0,3.0,0.0,0.0,0.0,0.0,0
33.0,2,147.0,0,2.0,3.0,0,1.0,1207.0,2.0,1,99.0,3.0,1.0,1,3.0,1,3600.0,8429.0,1.0,0,0,13.0,3.0,4.0,80.0,1.0,5.0,2.0,3.0,5.0,4.0,1.0,4.0,0
41.0,0,906.0,1,5.0,2.0,1,1.0,1210.0,1.0,1,95.0,2.0,1.0,6,1.0,0,2107.0,20293.0,6.0,0,0,17.0,3.0,1.0,80.0,1.0,5.0,2.0,1.0,1.0,0.0,0.0,0.0,1
30.0,2,1329.0,2,29.0,4.0,1,1.0,1211.0,3.0,1,61.0,3.0,2.0,7,1.0,0,4115.0,13192.0,8.0,0,0,19.0,3.0,3.0,80.0,3.0,8.0,3.0,3.0,4.0,3.0,0.0,3.0,0
40.0,1,1184.0,2,2.0,4.0,3,1.0,1212.0,2.0,1,62.0,3.0,2.0,7,2.0,1,4327.0,25440.0,5.0,0,0,12.0,3.0,4.0,80.0,3.0,5.0,2.0,3.0,0.0,0.0,0.0,0.0,0
50.0,1,1421.0,1,2.0,3.0,3,1.0,1215.0,4.0,0,30.0,3.0,4.0,3,1.0,1,17856.0,9490.0,2.0,0,0,22.0,4.0,3.0,80.0,1.0,32.0,3.0,3.0,2.0,2.0,2.0,2.0,0
28.0,2,1179.0,1,19.0,4.0,3,1.0,1216.0,4.0,1,78.0,2.0,1.0,2,1.0,1,3196.0,12449.0,1.0,0,0,12.0,3.0,3.0,80.0,3.0,6.0,2.0,3.0,6.0,5.0,3.0,3.0,0
46.0,2,1450.0,1,15.0,2.0,1,1.0,1217.0,4.0,1,52.0,3.0,5.0,5,2.0,1,19081.0,10849.0,5.0,0,0,11.0,3.0,1.0,80.0,1.0,25.0,2.0,3.0,4.0,2.0,0.0,3.0,0
35.0,2,1361.0,2,17.0,4.0,1,1.0,1218.0,3.0,1,94.0,3.0,2.0,7,1.0,1,8966.0,21026.0,3.0,0,1,15.0,3.0,4.0,80.0,3.0,15.0,2.0,3.0,7.0,7.0,1.0,7.0,0
24.0,2,984.0,1,17.0,2.0,1,1.0,1219.0,4.0,0,97.0,3.0,1.0,2,2.0,1,2210.0,3372.0,1.0,0,0,13.0,3.0,1.0,80.0,1.0,1.0,3.0,1.0,1.0,0.0,0.0,0.0,1
33.0,1,1146.0,2,25.0,3.0,3,1.0,1220.0,2.0,0,82.0,3.0,2.0,7,3.0,1,4539.0,4905.0,1.0,0,0,12.0,3.0,1.0,80.0,1.0,10.0,3.0,2.0,10.0,7.0,0.0,1.0,0
36.0,2,917.0,1,6.0,4.0,1,1.0,1221.0,3.0,1,60.0,1.0,1.0,2,3.0,0,2741.0,6865.0,1.0,0,0,14.0,3.0,3.0,80.0,1.0,7.0,4.0,3.0,7.0,7.0,1.0,7.0,0
30.0,2,853.0,1,7.0,4.0,1,1.0,1224.0,3.0,1,49.0,3.0,2.0,2,3.0,0,3491.0,11309.0,1.0,0,0,13.0,3.0,1.0,80.0,3.0,10.0,4.0,2.0,10.0,7.0,8.0,9.0,0
44.0,2,200.0,1,29.0,4.0,4,1.0,1225.0,4.0,1,32.0,3.0,2.0,6,4.0,2,4541.0,7744.0,1.0,0,0,25.0,4.0,2.0,80.0,0.0,20.0,3.0,3.0,20.0,11.0,13.0,17.0,0
20.0,2,654.0,2,21.0,3.0,2,1.0,1226.0,3.0,1,43.0,4.0,1.0,8,4.0,2,2678.0,5050.0,1.0,0,0,17.0,3.0,4.0,80.0,0.0,2.0,2.0,3.0,2.0,1.0,2.0,2.0,0
46.0,2,150.0,1,2.0,4.0,5,1.0,1228.0,4.0,1,60.0,3.0,2.0,4,4.0,0,7379.0,17433.0,2.0,0,0,11.0,3.0,3.0,80.0,1.0,12.0,3.0,2.0,6.0,3.0,1.0,4.0,0
42.0,0,179.0,0,2.0,5.0,3,1.0,1231.0,4.0,1,79.0,4.0,2.0,1,1.0,1,6272.0,12858.0,7.0,0,0,16.0,3.0,1.0,80.0,1.0,10.0,3.0,4.0,4.0,3.0,0.0,3.0,0
60.0,2,696.0,2,7.0,4.0,2,1.0,1233.0,2.0,1,52.0,4.0,2.0,7,4.0,0,5220.0,10893.0,0.0,0,1,18.0,3.0,2.0,80.0,1.0,12.0,3.0,3.0,11.0,7.0,1.0,9.0,0
32.0,1,116.0,1,13.0,3.0,4,1.0,1234.0,3.0,0,77.0,2.0,1.0,2,2.0,1,2743.0,7331.0,1.0,0,0,20.0,4.0,3.0,80.0,1.0,2.0,2.0,3.0,2.0,2.0,2.0,2.0,0
32.0,1,1316.0,1,2.0,2.0,1,1.0,1235.0,4.0,0,38.0,3.0,2.0,6,3.0,2,4998.0,2338.0,4.0,0,1,14.0,3.0,4.0,80.0,0.0,10.0,2.0,3.0,8.0,7.0,0.0,7.0,0
36.0,2,363.0,1,1.0,3.0,5,1.0,1237.0,3.0,0,77.0,1.0,3.0,4,1.0,0,10252.0,4235.0,2.0,0,1,21.0,4.0,3.0,80.0,1.0,17.0,2.0,3.0,7.0,7.0,7.0,7.0,0
33.0,2,117.0,1,9.0,3.0,3,1.0,1238.0,1.0,1,60.0,3.0,1.0,6,4.0,1,2781.0,6311.0,0.0,0,0,13.0,3.0,2.0,80.0,1.0,15.0,5.0,3.0,14.0,10.0,4.0,10.0,0
40.0,2,107.0,2,10.0,3.0,5,1.0,1239.0,2.0,0,84.0,2.0,2.0,7,2.0,0,6852.0,11591.0,7.0,0,0,12.0,3.0,2.0,80.0,1.0,7.0,2.0,4.0,5.0,1.0,1.0,3.0,0
25.0,2,1356.0,2,10.0,4.0,1,1.0,1240.0,3.0,1,57.0,3.0,2.0,7,4.0,2,4950.0,20623.0,0.0,0,0,14.0,3.0,2.0,80.0,0.0,5.0,4.0,3.0,4.0,3.0,1.0,1.0,0
30.0,2,1465.0,1,1.0,3.0,3,1.0,1241.0,4.0,1,63.0,3.0,1.0,6,2.0,1,3579.0,9369.0,0.0,0,1,21.0,4.0,1.0,80.0,1.0,12.0,2.0,3.0,11.0,9.0,5.0,7.0,0
42.0,1,458.0,1,26.0,5.0,3,1.0,1242.0,1.0,0,60.0,3.0,3.0,5,1.0,1,13191.0,23281.0,3.0,0,1,17.0,3.0,3.0,80.0,0.0,20.0,6.0,3.0,1.0,0.0,0.0,0.0,0
35.0,0,1212.0,2,8.0,2.0,2,1.0,1243.0,3.0,0,78.0,2.0,3.0,7,4.0,1,10377.0,13755.0,4.0,0,1,11.0,3.0,2.0,80.0,1.0,16.0,6.0,2.0,13.0,2.0,4.0,12.0,0
27.0,2,1103.0,1,14.0,3.0,1,1.0,1244.0,1.0,1,42.0,3.0,1.0,6,1.0,1,2235.0,14377.0,1.0,0,1,14.0,3.0,4.0,80.0,2.0,9.0,3.0,2.0,9.0,7.0,6.0,8.0,0
54.0,1,966.0,1,1.0,4.0,1,1.0,1245.0,4.0,0,53.0,3.0,3.0,4,3.0,0,10502.0,9659.0,7.0,0,0,17.0,3.0,1.0,80.0,1.0,33.0,2.0,1.0,5.0,4.0,1.0,4.0,0
44.0,2,1117.0,1,2.0,1.0,1,1.0,1246.0,1.0,0,72.0,4.0,1.0,6,4.0,1,2011.0,19982.0,1.0,0,0,13.0,3.0,4.0,80.0,1.0,10.0,5.0,3.0,10.0,5.0,7.0,7.0,0
19.0,0,504.0,1,10.0,3.0,3,1.0,1248.0,1.0,0,96.0,2.0,1.0,6,2.0,2,1859.0,6148.0,1.0,0,1,25.0,4.0,2.0,80.0,0.0,1.0,2.0,4.0,1.0,1.0,0.0,0.0,1
29.0,2,1010.0,1,1.0,3.0,1,1.0,1249.0,1.0,0,97.0,3.0,1.0,6,4.0,0,3760.0,5598.0,1.0,0,0,15.0,3.0,1.0,80.0,3.0,3.0,5.0,3.0,3.0,2.0,1.0,2.0,0
54.0,2,685.0,1,3.0,3.0,1,1.0,1250.0,4.0,1,85.0,3.0,4.0,5,4.0,1,17779.0,23474.0,3.0,0,0,14.0,3.0,1.0,80.0,0.0,36.0,2.0,3.0,10.0,9.0,0.0,9.0,0
31.0,2,1332.0,1,11.0,2.0,3,1.0,1251.0,3.0,1,80.0,3.0,2.0,0,1.0,1,6833.0,17089.0,1.0,0,1,12.0,3.0,4.0,80.0,0.0,6.0,2.0,2.0,6.0,5.0,0.0,1.0,0
31.0,2,1062.0,1,24.0,3.0,3,1.0,1252.0,3.0,0,96.0,2.0,2.0,0,1.0,2,6812.0,17198.0,1.0,0,0,19.0,3.0,2.0,80.0,0.0,10.0,2.0,3.0,10.0,9.0,1.0,8.0,0
59.0,2,326.0,2,3.0,3.0,1,1.0,1254.0,3.0,0,48.0,2.0,2.0,7,4.0,2,5171.0,16490.0,5.0,0,0,17.0,3.0,4.0,80.0,0.0,13.0,2.0,3.0,6.0,1.0,0.0,5.0,0
43.0,2,920.0,1,3.0,3.0,1,1.0,1255.0,3.0,1,96.0,1.0,5.0,5,4.0,1,19740.0,18625.0,3.0,0,0,14.0,3.0,2.0,80.0,1.0,25.0,2.0,3.0,8.0,7.0,0.0,7.0,0
49.0,2,1098.0,1,4.0,2.0,3,1.0,1256.0,1.0,1,85.0,2.0,5.0,3,3.0,1,18711.0,12124.0,2.0,0,0,13.0,3.0,3.0,80.0,1.0,23.0,2.0,4.0,1.0,0.0,0.0,0.0,0
36.0,1,469.0,1,3.0,3.0,5,1.0,1257.0,3.0,1,46.0,3.0,1.0,6,2.0,1,3692.0,9256.0,1.0,0,0,12.0,3.0,3.0,80.0,0.0,12.0,2.0,2.0,11.0,10.0,0.0,7.0,0
48.0,2,969.0,1,2.0,2.0,5,1.0,1258.0,4.0,1,76.0,4.0,1.0,2,2.0,2,2559.0,16620.0,5.0,0,0,11.0,3.0,3.0,80.0,0.0,7.0,4.0,2.0,1.0,0.0,0.0,0.0,0
27.0,2,1167.0,1,4.0,2.0,1,1.0,1259.0,1.0,1,76.0,3.0,1.0,6,3.0,0,2517.0,3208.0,1.0,0,0,11.0,3.0,2.0,80.0,3.0,5.0,2.0,3.0,5.0,3.0,0.0,3.0,0
29.0,2,1329.0,1,7.0,3.0,1,1.0,1260.0,3.0,1,82.0,3.0,2.0,0,4.0,0,6623.0,4204.0,1.0,0,1,11.0,3.0,2.0,80.0,2.0,6.0,2.0,3.0,6.0,0.0,1.0,0.0,0
48.0,2,715.0,1,1.0,3.0,1,1.0,1263.0,4.0,1,76.0,2.0,5.0,5,4.0,2,18265.0,8733.0,6.0,0,0,12.0,3.0,3.0,80.0,0.0,25.0,3.0,4.0,1.0,0.0,0.0,0.0,0
29.0,2,694.0,1,1.0,3.0,1,1.0,1264.0,4.0,0,87.0,2.0,4.0,5,4.0,0,16124.0,3423.0,3.0,0,0,14.0,3.0,2.0,80.0,2.0,9.0,2.0,2.0,7.0,7.0,1.0,7.0,0
34.0,2,1320.0,1,20.0,3.0,5,1.0,1265.0,3.0,0,89.0,4.0,1.0,6,3.0,1,2585.0,21643.0,0.0,0,0,17.0,3.0,4.0,80.0,0.0,2.0,5.0,2.0,1.0,0.0,0.0,0.0,0
44.0,2,1099.0,2,5.0,3.0,2,1.0,1267.0,2.0,1,88.0,3.0,5.0,3,2.0,1,18213.0,8751.0,7.0,0,0,11.0,3.0,3.0,80.0,1.0,26.0,5.0,3.0,22.0,9.0,3.0,10.0,0
33.0,2,536.0,2,10.0,5.0,2,1.0,1268.0,4.0,1,82.0,4.0,3.0,7,3.0,0,8380.0,21708.0,0.0,0,1,14.0,3.0,4.0,80.0,2.0,10.0,3.0,3.0,9.0,8.0,0.0,8.0,0
19.0,2,265.0,1,25.0,3.0,1,1.0,1269.0,2.0,0,57.0,4.0,1.0,6,4.0,2,2994.0,21221.0,1.0,0,1,12.0,3.0,4.0,80.0,0.0,1.0,2.0,3.0,1.0,0.0,0.0,1.0,0
23.0,2,373.0,1,1.0,2.0,1,1.0,1270.0,4.0,1,47.0,3.0,1.0,6,3.0,1,1223.0,16901.0,1.0,0,0,22.0,4.0,4.0,80.0,1.0,1.0,2.0,3.0,1.0,0.0,0.0,1.0,0
25.0,1,599.0,2,24.0,1.0,1,1.0,1273.0,3.0,1,73.0,1.0,1.0,8,4.0,2,1118.0,8040.0,1.0,0,1,14.0,3.0,4.0,80.0,0.0,1.0,4.0,3.0,1.0,0.0,1.0,0.0,1
26.0,2,583.0,1,4.0,2.0,1,1.0,1275.0,3.0,1,53.0,3.0,1.0,6,4.0,2,2875.0,9973.0,1.0,0,1,20.0,4.0,2.0,80.0,0.0,8.0,2.0,2.0,8.0,5.0,2.0,2.0,0
45.0,2,1449.0,2,2.0,3.0,2,1.0,1277.0,1.0,0,94.0,1.0,5.0,3,2.0,2,18824.0,2493.0,2.0,0,1,16.0,3.0,1.0,80.0,0.0,26.0,2.0,3.0,24.0,10.0,1.0,11.0,1
55.0,0,177.0,1,8.0,1.0,3,1.0,1278.0,4.0,1,37.0,2.0,4.0,0,2.0,0,13577.0,25592.0,1.0,0,1,15.0,3.0,4.0,80.0,1.0,34.0,3.0,3.0,33.0,9.0,15.0,0.0,0
21.0,1,251.0,1,10.0,2.0,1,1.0,1279.0,1.0,0,45.0,2.0,1.0,2,3.0,2,2625.0,25308.0,1.0,0,0,20.0,4.0,3.0,80.0,0.0,2.0,2.0,1.0,2.0,2.0,2.0,2.0,1
46.0,2,168.0,2,4.0,2.0,2,1.0,1280.0,4.0,0,33.0,2.0,5.0,3,2.0,1,18789.0,9946.0,2.0,0,0,14.0,3.0,3.0,80.0,1.0,26.0,2.0,3.0,11.0,4.0,0.0,8.0,0
34.0,2,131.0,2,2.0,3.0,2,1.0,1281.0,3.0,0,86.0,3.0,2.0,7,1.0,2,4538.0,6039.0,0.0,0,1,12.0,3.0,4.0,80.0,0.0,4.0,3.0,3.0,3.0,2.0,0.0,2.0,0
51.0,1,237.0,2,9.0,3.0,1,1.0,1282.0,4.0,1,83.0,3.0,5.0,3,2.0,0,19847.0,19196.0,4.0,0,1,24.0,4.0,1.0,80.0,1.0,31.0,5.0,2.0,29.0,10.0,11.0,10.0,0
59.0,2,1429.0,1,18.0,4.0,3,1.0,1283.0,4.0,1,67.0,3.0,3.0,4,4.0,2,10512.0,20002.0,6.0,0,0,12.0,3.0,4.0,80.0,0.0,25.0,6.0,2.0,9.0,7.0,5.0,4.0,0
34.0,1,135.0,1,19.0,3.0,3,1.0,1285.0,3.0,0,46.0,3.0,2.0,2,2.0,0,4444.0,22534.0,4.0,0,0,13.0,3.0,3.0,80.0,2.0,15.0,2.0,4.0,11.0,8.0,5.0,10.0,0
28.0,1,791.0,1,1.0,4.0,3,1.0,1286.0,4.0,1,44.0,3.0,1.0,2,3.0,2,2154.0,6842.0,0.0,0,1,11.0,3.0,3.0,80.0,0.0,5.0,2.0,2.0,4.0,2.0,0.0,2.0,0
44.0,2,1199.0,1,4.0,2.0,1,1.0,1288.0,3.0,1,92.0,4.0,5.0,3,1.0,0,19190.0,17477.0,1.0,0,0,14.0,3.0,4.0,80.0,2.0,26.0,4.0,2.0,25.0,9.0,14.0,13.0,0
34.0,1,648.0,0,11.0,3.0,1,1.0,1289.0,3.0,1,56.0,2.0,2.0,1,2.0,1,4490.0,21833.0,4.0,0,0,11.0,3.0,4.0,80.0,2.0,14.0,5.0,4.0,10.0,9.0,1.0,8.0,0
35.0,2,735.0,1,6.0,1.0,1,1.0,1291.0,3.0,1,66.0,3.0,1.0,6,3.0,1,3506.0,6020.0,0.0,0,1,14.0,3.0,4.0,80.0,0.0,4.0,3.0,3.0,3.0,2.0,2.0,2.0,0
42.0,2,603.0,1,7.0,4.0,3,1.0,1292.0,2.0,0,78.0,4.0,2.0,6,2.0,1,2372.0,5628.0,6.0,0,1,16.0,3.0,4.0,80.0,0.0,18.0,2.0,3.0,1.0,0.0,0.0,0.0,0
43.0,2,531.0,2,4.0,4.0,2,1.0,1293.0,4.0,0,56.0,2.0,3.0,7,4.0,2,10231.0,20364.0,3.0,0,0,14.0,3.0,4.0,80.0,0.0,23.0,3.0,4.0,21.0,7.0,15.0,17.0,0
36.0,2,429.0,1,2.0,4.0,1,1.0,1294.0,3.0,0,53.0,3.0,2.0,4,2.0,2,5410.0,2323.0,9.0,0,1,11.0,3.0,4.0,80.0,0.0,18.0,2.0,3.0,16.0,14.0,5.0,12.0,0
44.0,2,621.0,1,15.0,3.0,3,1.0,1295.0,1.0,0,73.0,3.0,3.0,0,4.0,1,7978.0,14075.0,1.0,0,0,11.0,3.0,4.0,80.0,1.0,10.0,2.0,3.0,10.0,7.0,0.0,5.0,1
28.0,1,193.0,1,2.0,3.0,1,1.0,1296.0,4.0,1,52.0,2.0,1.0,2,4.0,1,3867.0,14222.0,1.0,0,1,12.0,3.0,2.0,80.0,1.0,2.0,2.0,3.0,2.0,2.0,2.0,2.0,0
51.0,1,968.0,1,6.0,2.0,3,1.0,1297.0,2.0,0,40.0,2.0,1.0,2,3.0,2,2838.0,4257.0,0.0,0,0,14.0,3.0,2.0,80.0,0.0,8.0,6.0,2.0,7.0,0.0,7.0,7.0,0
30.0,0,879.0,1,9.0,2.0,3,1.0,1298.0,3.0,0,72.0,3.0,2.0,4,3.0,2,4695.0,12858.0,7.0,0,1,18.0,3.0,3.0,80.0,0.0,10.0,3.0,3.0,8.0,4.0,1.0,7.0,0
29.0,2,806.0,1,7.0,3.0,5,1.0,1299.0,2.0,0,39.0,3.0,1.0,2,3.0,0,3339.0,17285.0,3.0,0,1,13.0,3.0,1.0,80.0,2.0,10.0,2.0,3.0,7.0,7.0,7.0,7.0,1
28.0,2,640.0,1,1.0,3.0,5,1.0,1301.0,4.0,1,84.0,3.0,1.0,6,1.0,2,2080.0,4732.0,2.0,0,0,11.0,3.0,2.0,80.0,0.0,5.0,2.0,2.0,3.0,2.0,1.0,2.0,0
25.0,2,266.0,1,1.0,3.0,3,1.0,1303.0,4.0,0,40.0,3.0,1.0,6,2.0,2,2096.0,18830.0,1.0,0,0,18.0,3.0,4.0,80.0,0.0,2.0,3.0,2.0,2.0,2.0,2.0,1.0,0
32.0,2,604.0,2,8.0,3.0,3,1.0,1304.0,3.0,1,56.0,4.0,2.0,7,4.0,1,6209.0,11693.0,1.0,0,0,15.0,3.0,3.0,80.0,2.0,10.0,4.0,4.0,10.0,7.0,0.0,8.0,0
45.0,1,364.0,1,25.0,3.0,3,1.0,1306.0,2.0,0,83.0,3.0,5.0,3,2.0,2,18061.0,13035.0,3.0,0,0,22.0,4.0,3.0,80.0,0.0,22.0,4.0,3.0,0.0,0.0,0.0,0.0,0
39.0,2,412.0,1,13.0,4.0,3,1.0,1307.0,3.0,0,94.0,2.0,4.0,3,2.0,0,17123.0,17334.0,6.0,0,1,13.0,3.0,4.0,80.0,2.0,21.0,4.0,3.0,19.0,9.0,15.0,2.0,0
58.0,2,848.0,1,23.0,4.0,1,1.0,1308.0,1.0,1,88.0,3.0,1.0,6,3.0,0,2372.0,26076.0,1.0,0,0,12.0,3.0,4.0,80.0,2.0,2.0,3.0,3.0,2.0,2.0,2.0,2.0,0
32.0,2,1089.0,1,7.0,2.0,1,1.0,1309.0,4.0,1,79.0,3.0,2.0,2,3.0,1,4883.0,22845.0,1.0,0,0,18.0,3.0,1.0,80.0,1.0,10.0,3.0,3.0,10.0,4.0,1.0,1.0,1
39.0,2,360.0,1,23.0,3.0,3,1.0,1310.0,3.0,1,93.0,3.0,1.0,6,1.0,2,3904.0,22154.0,0.0,0,0,13.0,3.0,1.0,80.0,0.0,6.0,2.0,3.0,5.0,2.0,0.0,3.0,1
30.0,2,1138.0,1,6.0,3.0,5,1.0,1311.0,1.0,0,48.0,2.0,2.0,2,4.0,1,4627.0,23631.0,0.0,0,0,12.0,3.0,1.0,80.0,1.0,10.0,6.0,3.0,9.0,2.0,6.0,7.0,0
36.0,2,325.0,1,10.0,4.0,5,1.0,1312.0,4.0,0,63.0,3.0,3.0,0,3.0,1,7094.0,5747.0,3.0,0,0,12.0,3.0,1.0,80.0,0.0,10.0,0.0,3.0,7.0,7.0,1.0,7.0,0
46.0,2,991.0,0,1.0,2.0,1,1.0,1314.0,4.0,0,44.0,3.0,1.0,1,1.0,2,3423.0,22957.0,6.0,0,0,12.0,3.0,3.0,80.0,0.0,10.0,3.0,4.0,7.0,6.0,5.0,7.0,0
28.0,0,1476.0,1,1.0,3.0,1,1.0,1315.0,3.0,0,55.0,1.0,2.0,2,4.0,1,6674.0,16392.0,0.0,0,0,11.0,3.0,1.0,80.0,3.0,10.0,6.0,3.0,9.0,8.0,7.0,5.0,0
50.0,2,1322.0,1,28.0,3.0,1,1.0,1317.0,4.0,0,43.0,3.0,4.0,5,1.0,1,16880.0,22422.0,4.0,0,1,11.0,3.0,2.0,80.0,0.0,25.0,2.0,3.0,3.0,2.0,1.0,2.0,0
40.0,2,299.0,2,25.0,4.0,2,1.0,1318.0,4.0,1,57.0,2.0,3.0,7,2.0,2,9094.0,17235.0,2.0,0,1,12.0,3.0,3.0,80.0,0.0,9.0,2.0,3.0,5.0,4.0,1.0,0.0,1
52.0,2,1030.0,2,5.0,3.0,1,1.0,1319.0,2.0,1,64.0,3.0,3.0,7,2.0,2,8446.0,21534.0,9.0,0,1,19.0,3.0,3.0,80.0,0.0,10.0,2.0,2.0,8.0,7.0,7.0,7.0,1
30.0,2,634.0,1,17.0,4.0,3,1.0,1321.0,2.0,0,95.0,3.0,3.0,3,1.0,1,11916.0,25927.0,1.0,0,1,23.0,4.0,4.0,80.0,2.0,9.0,2.0,3.0,9.0,1.0,0.0,8.0,0
39.0,2,524.0,1,18.0,2.0,1,1.0,1322.0,1.0,1,32.0,3.0,2.0,4,3.0,2,4534.0,13352.0,0.0,0,0,11.0,3.0,1.0,80.0,0.0,9.0,6.0,3.0,8.0,7.0,1.0,7.0,0
31.0,0,587.0,2,2.0,4.0,1,1.0,1324.0,4.0,0,57.0,3.0,3.0,7,3.0,0,9852.0,8935.0,1.0,0,1,19.0,3.0,1.0,80.0,1.0,10.0,5.0,2.0,10.0,8.0,9.0,6.0,0
41.0,0,256.0,2,10.0,2.0,3,1.0,1329.0,3.0,1,40.0,1.0,2.0,7,2.0,2,6151.0,22074.0,1.0,0,0,13.0,3.0,1.0,80.0,0.0,19.0,4.0,3.0,19.0,2.0,11.0,9.0,0
31.0,1,1060.0,2,1.0,3.0,1,1.0,1331.0,4.0,0,54.0,3.0,1.0,8,2.0,2,2302.0,8319.0,1.0,0,1,11.0,3.0,1.0,80.0,0.0,3.0,2.0,4.0,3.0,2.0,2.0,2.0,1
44.0,2,935.0,1,3.0,3.0,1,1.0,1333.0,1.0,1,89.0,3.0,1.0,2,1.0,1,2362.0,14669.0,4.0,0,0,12.0,3.0,3.0,80.0,0.0,10.0,4.0,4.0,3.0,2.0,1.0,2.0,1
42.0,0,495.0,1,2.0,1.0,1,1.0,1334.0,3.0,1,37.0,3.0,4.0,3,3.0,1,17861.0,26582.0,0.0,0,1,13.0,3.0,4.0,80.0,0.0,21.0,3.0,2.0,20.0,8.0,2.0,10.0,0
55.0,2,282.0,1,2.0,2.0,3,1.0,1336.0,4.0,0,58.0,1.0,5.0,3,3.0,1,19187.0,6992.0,4.0,0,0,14.0,3.0,4.0,80.0,1.0,23.0,5.0,3.0,19.0,9.0,9.0,11.0,0
56.0,2,206.0,0,8.0,4.0,1,1.0,1338.0,4.0,1,99.0,3.0,5.0,3,2.0,2,19717.0,4022.0,6.0,0,0,14.0,3.0,1.0,80.0,0.0,36.0,4.0,3.0,7.0,3.0,7.0,7.0,0
40.0,0,458.0,1,16.0,2.0,1,1.0,1340.0,3.0,1,74.0,3.0,1.0,6,3.0,0,3544.0,8532.0,9.0,0,0,16.0,3.0,2.0,80.0,1.0,6.0,0.0,3.0,4.0,2.0,0.0,0.0,0
34.0,2,943.0,1,9.0,3.0,1,1.0,1344.0,4.0,1,86.0,3.0,3.0,0,4.0,0,8500.0,5494.0,0.0,0,0,11.0,3.0,4.0,80.0,1.0,10.0,0.0,2.0,9.0,7.0,1.0,6.0,0
40.0,2,523.0,1,2.0,3.0,1,1.0,1346.0,3.0,1,98.0,3.0,2.0,6,4.0,2,4661.0,22455.0,1.0,0,0,13.0,3.0,3.0,80.0,0.0,9.0,4.0,3.0,9.0,8.0,8.0,8.0,0
41.0,1,1018.0,2,1.0,3.0,2,1.0,1349.0,3.0,0,66.0,3.0,2.0,7,1.0,0,4103.0,4297.0,0.0,0,0,17.0,3.0,4.0,80.0,1.0,10.0,2.0,3.0,9.0,3.0,1.0,7.0,0
35.0,1,482.0,1,4.0,4.0,1,1.0,1350.0,3.0,1,87.0,3.0,2.0,6,3.0,2,4249.0,2690.0,1.0,0,1,11.0,3.0,2.0,80.0,0.0,9.0,3.0,3.0,9.0,6.0,1.0,1.0,0
51.0,2,770.0,0,5.0,3.0,1,1.0,1352.0,3.0,1,84.0,3.0,4.0,3,2.0,0,14026.0,17588.0,1.0,0,1,11.0,3.0,2.0,80.0,1.0,33.0,2.0,3.0,33.0,9.0,0.0,10.0,0
38.0,2,1009.0,2,2.0,2.0,1,1.0,1355.0,2.0,0,31.0,3.0,2.0,7,1.0,0,6893.0,19461.0,3.0,0,0,15.0,3.0,4.0,80.0,1.0,11.0,3.0,3.0,7.0,7.0,1.0,7.0,0
34.0,2,507.0,2,15.0,2.0,3,1.0,1356.0,3.0,0,66.0,3.0,2.0,7,1.0,2,6125.0,23553.0,1.0,0,0,12.0,3.0,4.0,80.0,0.0,10.0,6.0,4.0,10.0,8.0,9.0,6.0,0
25.0,2,882.0,1,19.0,1.0,3,1.0,1358.0,4.0,1,67.0,3.0,1.0,2,4.0,1,3669.0,9075.0,3.0,0,0,11.0,3.0,3.0,80.0,3.0,7.0,6.0,2.0,3.0,2.0,1.0,2.0,0
58.0,2,601.0,1,7.0,4.0,3,1.0,1360.0,3.0,0,53.0,2.0,3.0,4,1.0,1,10008.0,12023.0,7.0,0,1,14.0,3.0,4.0,80.0,0.0,31.0,0.0,2.0,10.0,9.0,5.0,9.0,1
40.0,2,329.0,1,1.0,4.0,1,1.0,1361.0,2.0,1,88.0,3.0,1.0,2,2.0,1,2387.0,6762.0,3.0,0,0,22.0,4.0,3.0,80.0,1.0,7.0,3.0,3.0,4.0,2.0,0.0,3.0,0
36.0,1,607.0,2,7.0,3.0,2,1.0,1362.0,1.0,0,83.0,4.0,2.0,7,1.0,1,4639.0,2261.0,2.0,0,0,16.0,3.0,4.0,80.0,1.0,17.0,2.0,2.0,15.0,7.0,6.0,13.0,0
48.0,2,855.0,1,4.0,3.0,1,1.0,1363.0,4.0,1,54.0,3.0,3.0,4,4.0,2,7898.0,18706.0,1.0,0,0,11.0,3.0,3.0,80.0,0.0,11.0,2.0,3.0,10.0,9.0,0.0,8.0,0
27.0,2,1291.0,2,11.0,3.0,3,1.0,1364.0,3.0,0,98.0,4.0,1.0,8,4.0,1,2534.0,6527.0,8.0,0,0,14.0,3.0,2.0,80.0,1.0,5.0,4.0,3.0,1.0,0.0,0.0,0.0,0
51.0,2,1405.0,1,11.0,2.0,5,1.0,1367.0,4.0,0,82.0,2.0,4.0,4,2.0,2,13142.0,24439.0,3.0,0,0,16.0,3.0,2.0,80.0,0.0,29.0,1.0,2.0,5.0,2.0,0.0,3.0,0
18.0,0,1124.0,1,1.0,3.0,1,1.0,1368.0,4.0,0,97.0,3.0,1.0,2,4.0,2,1611.0,19305.0,1.0,0,0,15.0,3.0,3.0,80.0,0.0,0.0,5.0,4.0,0.0,0.0,0.0,0.0,0
35.0,2,817.0,1,1.0,3.0,3,1.0,1369.0,4.0,0,60.0,2.0,2.0,2,4.0,1,5363.0,10846.0,0.0,0,0,12.0,3.0,2.0,80.0,1.0,10.0,0.0,3.0,9.0,7.0,0.0,0.0,0
27.0,1,793.0,2,2.0,1.0,1,1.0,1371.0,4.0,1,43.0,1.0,2.0,7,4.0,2,5071.0,20392.0,3.0,0,0,20.0,4.0,2.0,80.0,0.0,8.0,3.0,3.0,6.0,2.0,0.0,0.0,0
55.0,2,267.0,2,13.0,4.0,2,1.0,1372.0,1.0,1,85.0,4.0,4.0,7,3.0,2,13695.0,9277.0,6.0,0,1,17.0,3.0,3.0,80.0,0.0,24.0,2.0,2.0,19.0,7.0,3.0,8.0,1
56.0,2,1369.0,1,23.0,3.0,1,1.0,1373.0,4.0,1,68.0,3.0,4.0,4,2.0,1,13402.0,18235.0,4.0,0,1,12.0,3.0,1.0,80.0,1.0,33.0,0.0,3.0,19.0,16.0,15.0,9.0,0
34.0,0,999.0,1,26.0,1.0,5,1.0,1374.0,1.0,0,92.0,2.0,1.0,6,3.0,0,2029.0,15891.0,1.0,0,0,20.0,4.0,3.0,80.0,3.0,5.0,2.0,3.0,5.0,4.0,0.0,0.0,0
40.0,2,1202.0,1,2.0,1.0,3,1.0,1375.0,2.0,0,89.0,4.0,2.0,0,3.0,0,6377.0,13888.0,5.0,0,0,20.0,4.0,2.0,80.0,3.0,15.0,0.0,3.0,12.0,11.0,11.0,8.0,0
34.0,2,285.0,1,29.0,3.0,3,1.0,1377.0,2.0,1,86.0,3.0,2.0,2,3.0,1,5429.0,17491.0,4.0,0,0,13.0,3.0,1.0,80.0,2.0,10.0,1.0,3.0,8.0,7.0,7.0,7.0,0
31.0,1,703.0,2,2.0,3.0,1,1.0,1379.0,3.0,0,90.0,2.0,1.0,8,4.0,2,2785.0,11882.0,7.0,0,0,14.0,3.0,3.0,80.0,0.0,3.0,3.0,4.0,1.0,0.0,0.0,0.0,1
35.0,1,662.0,2,18.0,4.0,2,1.0,1380.0,4.0,0,67.0,3.0,2.0,7,3.0,1,4614.0,23288.0,0.0,0,1,18.0,3.0,3.0,80.0,1.0,5.0,0.0,2.0,4.0,2.0,3.0,2.0,1
38.0,1,693.0,1,7.0,3.0,1,1.0,1382.0,4.0,1,57.0,4.0,1.0,6,3.0,0,2610.0,15748.0,1.0,0,0,11.0,3.0,4.0,80.0,3.0,4.0,2.0,3.0,4.0,2.0,0.0,3.0,0
34.0,2,404.0,1,2.0,4.0,5,1.0,1383.0,3.0,0,98.0,3.0,2.0,0,4.0,2,6687.0,6163.0,1.0,0,0,11.0,3.0,4.0,80.0,0.0,14.0,2.0,4.0,14.0,11.0,4.0,11.0,0
28.0,2,736.0,2,26.0,3.0,1,1.0,1387.0,3.0,1,48.0,2.0,2.0,7,1.0,1,4724.0,24232.0,1.0,0,0,11.0,3.0,3.0,80.0,1.0,5.0,0.0,3.0,5.0,3.0,0.0,4.0,0
31.0,2,330.0,1,22.0,4.0,3,1.0,1389.0,4.0,1,98.0,3.0,2.0,4,3.0,1,6179.0,21057.0,1.0,0,1,15.0,3.0,4.0,80.0,2.0,10.0,3.0,2.0,10.0,2.0,6.0,7.0,1
39.0,2,1498.0,2,21.0,4.0,1,1.0,1390.0,1.0,1,44.0,2.0,2.0,7,4.0,1,6120.0,3567.0,3.0,0,1,12.0,3.0,4.0,80.0,2.0,8.0,2.0,4.0,5.0,4.0,1.0,4.0,0
51.0,1,541.0,2,2.0,3.0,2,1.0,1391.0,2.0,1,52.0,3.0,3.0,7,2.0,1,10596.0,15395.0,2.0,0,0,11.0,3.0,2.0,80.0,0.0,14.0,5.0,3.0,4.0,2.0,3.0,2.0,0
41.0,1,1200.0,1,22.0,3.0,1,1.0,1392.0,4.0,0,75.0,3.0,2.0,6,4.0,0,5467.0,13953.0,3.0,0,1,14.0,3.0,1.0,80.0,2.0,12.0,4.0,2.0,6.0,2.0,3.0,3.0,0
37.0,2,1439.0,1,4.0,1.0,1,1.0,1394.0,3.0,1,54.0,3.0,1.0,6,3.0,1,2996.0,5182.0,7.0,0,1,15.0,3.0,4.0,80.0,0.0,8.0,2.0,3.0,6.0,4.0,1.0,3.0,0
33.0,1,1111.0,2,5.0,1.0,1,1.0,1395.0,2.0,1,61.0,3.0,2.0,7,4.0,1,9998.0,19293.0,6.0,0,0,13.0,3.0,1.0,80.0,0.0,8.0,2.0,4.0,5.0,4.0,1.0,2.0,0
32.0,2,499.0,2,2.0,1.0,2,1.0,1396.0,3.0,1,36.0,3.0,2.0,7,2.0,1,4078.0,20497.0,0.0,0,1,13.0,3.0,1.0,80.0,3.0,4.0,3.0,2.0,3.0,2.0,1.0,2.0,0
39.0,0,1485.0,1,25.0,2.0,1,1.0,1397.0,3.0,1,71.0,3.0,3.0,0,3.0,1,10920.0,3449.0,3.0,0,0,21.0,4.0,2.0,80.0,1.0,13.0,2.0,3.0,6.0,4.0,0.0,5.0,0
25.0,2,1372.0,2,18.0,1.0,1,1.0,1399.0,1.0,1,93.0,4.0,2.0,7,3.0,1,6232.0,12477.0,2.0,0,0,11.0,3.0,2.0,80.0,0.0,6.0,3.0,2.0,3.0,2.0,1.0,2.0,0
52.0,1,322.0,1,28.0,2.0,3,1.0,1401.0,4.0,0,59.0,4.0,4.0,4,3.0,1,13247.0,9731.0,2.0,0,1,11.0,3.0,2.0,80.0,1.0,24.0,3.0,2.0,5.0,3.0,0.0,2.0,0
43.0,2,930.0,1,6.0,3.0,3,1.0,1402.0,1.0,0,73.0,2.0,2.0,6,3.0,2,4081.0,20003.0,1.0,0,1,14.0,3.0,1.0,80.0,0.0,20.0,3.0,1.0,20.0,7.0,1.0,8.0,0
27.0,2,205.0,2,10.0,3.0,2,1.0,1403.0,4.0,0,98.0,2.0,2.0,7,4.0,1,5769.0,7100.0,1.0,0,1,11.0,3.0,4.0,80.0,0.0,6.0,3.0,3.0,6.0,2.0,4.0,4.0,0
27.0,2,135.0,1,17.0,4.0,1,1.0,1405.0,4.0,0,51.0,3.0,1.0,6,3.0,2,2394.0,25681.0,1.0,0,1,13.0,3.0,4.0,80.0,0.0,8.0,2.0,3.0,8.0,2.0,7.0,7.0,1
26.0,2,683.0,1,2.0,1.0,3,1.0,1407.0,1.0,1,36.0,2.0,1.0,6,4.0,2,3904.0,4050.0,0.0,0,0,12.0,3.0,4.0,80.0,0.0,5.0,2.0,3.0,4.0,3.0,1.0,1.0,0
42.0,2,1147.0,0,10.0,3.0,0,1.0,1408.0,3.0,0,31.0,3.0,4.0,3,1.0,1,16799.0,16616.0,0.0,0,0,14.0,3.0,3.0,80.0,1.0,21.0,5.0,3.0,20.0,7.0,0.0,9.0,0
52.0,2,258.0,1,8.0,4.0,4,1.0,1409.0,3.0,0,54.0,3.0,1.0,2,1.0,1,2950.0,17363.0,9.0,0,0,13.0,3.0,3.0,80.0,0.0,12.0,2.0,1.0,5.0,4.0,0.0,4.0,0
37.0,2,1462.0,1,11.0,3.0,3,1.0,1411.0,1.0,0,94.0,3.0,1.0,2,3.0,2,3629.0,19106.0,4.0,0,0,18.0,3.0,1.0,80.0,0.0,8.0,6.0,3.0,3.0,2.0,0.0,2.0,0
35.0,1,200.0,1,18.0,2.0,1,1.0,1412.0,3.0,1,60.0,3.0,3.0,4,4.0,2,9362.0,19944.0,2.0,0,0,11.0,3.0,3.0,80.0,0.0,10.0,2.0,3.0,2.0,2.0,2.0,2.0,0
25.0,2,949.0,1,1.0,3.0,5,1.0,1415.0,1.0,1,81.0,3.0,1.0,2,4.0,1,3229.0,4910.0,4.0,0,0,11.0,3.0,2.0,80.0,1.0,7.0,2.0,2.0,3.0,2.0,0.0,2.0,0
26.0,2,652.0,1,7.0,3.0,4,1.0,1417.0,3.0,1,100.0,4.0,1.0,2,1.0,2,3578.0,23577.0,0.0,0,0,12.0,3.0,4.0,80.0,0.0,8.0,2.0,3.0,7.0,7.0,0.0,7.0,0
29.0,2,332.0,0,17.0,3.0,4,1.0,1419.0,2.0,1,51.0,2.0,3.0,1,1.0,2,7988.0,9769.0,1.0,0,0,13.0,3.0,1.0,80.0,0.0,10.0,3.0,2.0,10.0,9.0,0.0,9.0,0
49.0,1,1475.0,1,28.0,2.0,1,1.0,1420.0,1.0,1,97.0,2.0,2.0,2,1.0,2,4284.0,22710.0,3.0,0,0,20.0,4.0,1.0,80.0,0.0,20.0,2.0,3.0,4.0,3.0,1.0,3.0,1
29.0,1,337.0,1,14.0,1.0,4,1.0,1421.0,3.0,0,84.0,3.0,3.0,0,4.0,2,7553.0,22930.0,0.0,0,1,12.0,3.0,1.0,80.0,0.0,9.0,1.0,3.0,8.0,7.0,7.0,7.0,1
54.0,2,971.0,1,1.0,3.0,3,1.0,1422.0,4.0,0,54.0,3.0,4.0,5,4.0,2,17328.0,5652.0,6.0,0,0,19.0,3.0,4.0,80.0,0.0,29.0,3.0,2.0,20.0,7.0,12.0,7.0,0
58.0,2,1055.0,1,1.0,3.0,3,1.0,1423.0,4.0,0,76.0,3.0,5.0,5,1.0,1,19701.0,22456.0,3.0,0,1,21.0,4.0,3.0,80.0,1.0,32.0,3.0,3.0,9.0,8.0,1.0,5.0,0
55.0,2,1136.0,1,1.0,4.0,3,1.0,1424.0,2.0,1,81.0,4.0,4.0,5,4.0,0,14732.0,12414.0,2.0,0,0,13.0,3.0,4.0,80.0,2.0,31.0,4.0,4.0,7.0,7.0,0.0,0.0,0
36.0,2,1174.0,2,3.0,4.0,2,1.0,1425.0,1.0,0,99.0,3.0,2.0,7,2.0,2,9278.0,20763.0,3.0,0,1,16.0,3.0,4.0,80.0,0.0,15.0,3.0,3.0,5.0,4.0,0.0,1.0,0
31.0,1,667.0,2,1.0,4.0,1,1.0,1427.0,2.0,0,50.0,1.0,1.0,8,3.0,2,1359.0,16154.0,1.0,0,0,12.0,3.0,2.0,80.0,0.0,1.0,3.0,3.0,1.0,0.0,0.0,0.0,1
30.0,2,855.0,2,7.0,4.0,2,1.0,1428.0,4.0,0,73.0,3.0,2.0,7,1.0,0,4779.0,12761.0,7.0,0,0,14.0,3.0,2.0,80.0,2.0,8.0,3.0,3.0,3.0,2.0,0.0,2.0,0
31.0,2,182.0,1,8.0,5.0,1,1.0,1430.0,1.0,0,93.0,3.0,4.0,5,2.0,2,16422.0,8847.0,3.0,0,0,11.0,3.0,3.0,80.0,0.0,9.0,3.0,4.0,3.0,2.0,1.0,0.0,0
34.0,1,560.0,1,1.0,4.0,4,1.0,1431.0,4.0,1,91.0,3.0,1.0,6,1.0,0,2996.0,20284.0,5.0,0,0,14.0,3.0,3.0,80.0,2.0,10.0,2.0,3.0,4.0,3.0,1.0,3.0,0
31.0,2,202.0,1,8.0,3.0,1,1.0,1433.0,1.0,0,34.0,2.0,1.0,6,2.0,2,1261.0,22262.0,1.0,0,0,12.0,3.0,3.0,80.0,0.0,1.0,3.0,4.0,1.0,0.0,0.0,0.0,1
27.0,2,1377.0,1,11.0,1.0,1,1.0,1434.0,2.0,1,91.0,3.0,1.0,2,1.0,1,2099.0,7679.0,0.0,0,0,14.0,3.0,2.0,80.0,0.0,6.0,3.0,4.0,5.0,0.0,1.0,4.0,0
36.0,2,172.0,1,4.0,4.0,1,1.0,1435.0,1.0,1,37.0,2.0,2.0,2,4.0,2,5810.0,22604.0,1.0,0,0,16.0,3.0,3.0,80.0,0.0,10.0,2.0,2.0,10.0,4.0,1.0,8.0,0
36.0,2,329.0,2,16.0,4.0,2,1.0,1436.0,3.0,0,98.0,2.0,2.0,7,1.0,1,5647.0,13494.0,4.0,0,0,13.0,3.0,1.0,80.0,2.0,11.0,3.0,2.0,3.0,2.0,0.0,2.0,0
47.0,2,465.0,1,1.0,3.0,5,1.0,1438.0,1.0,1,74.0,3.0,1.0,6,4.0,1,3420.0,10205.0,7.0,0,0,12.0,3.0,3.0,80.0,1.0,17.0,2.0,2.0,6.0,5.0,1.0,2.0,0
25.0,2,383.0,2,9.0,2.0,1,1.0,1439.0,1.0,1,68.0,2.0,1.0,8,1.0,1,4400.0,15182.0,3.0,0,0,12.0,3.0,1.0,80.0,0.0,6.0,2.0,3.0,3.0,2.0,2.0,2.0,1
37.0,0,1413.0,1,5.0,2.0,5,1.0,1440.0,3.0,1,84.0,4.0,1.0,2,3.0,2,3500.0,25470.0,0.0,0,0,14.0,3.0,1.0,80.0,0.0,7.0,2.0,1.0,6.0,5.0,1.0,3.0,0
56.0,2,1255.0,1,1.0,2.0,1,1.0,1441.0,1.0,0,90.0,3.0,1.0,6,1.0,1,2066.0,10494.0,2.0,0,0,22.0,4.0,4.0,80.0,1.0,5.0,3.0,4.0,3.0,2.0,1.0,0.0,0
47.0,2,359.0,1,2.0,4.0,3,1.0,1443.0,1.0,0,82.0,3.0,4.0,5,3.0,1,17169.0,26703.0,3.0,0,0,19.0,3.0,2.0,80.0,2.0,26.0,2.0,4.0,20.0,17.0,5.0,6.0,0
24.0,2,1476.0,2,4.0,1.0,3,1.0,1445.0,4.0,0,42.0,3.0,2.0,7,3.0,1,4162.0,15211.0,1.0,0,1,12.0,3.0,3.0,80.0,2.0,5.0,3.0,3.0,5.0,4.0,0.0,3.0,0
32.0,2,601.0,2,7.0,5.0,2,1.0,1446.0,4.0,1,97.0,3.0,2.0,7,4.0,1,9204.0,23343.0,4.0,0,0,12.0,3.0,3.0,80.0,1.0,7.0,3.0,2.0,4.0,3.0,0.0,3.0,0
34.0,2,401.0,1,1.0,3.0,1,1.0,1447.0,4.0,0,86.0,2.0,1.0,2,2.0,1,3294.0,3708.0,5.0,0,0,17.0,3.0,1.0,80.0,1.0,7.0,2.0,2.0,5.0,4.0,0.0,2.0,0
41.0,2,1283.0,1,5.0,5.0,3,1.0,1448.0,2.0,1,90.0,4.0,1.0,6,3.0,1,2127.0,5561.0,2.0,0,1,12.0,3.0,1.0,80.0,0.0,7.0,5.0,2.0,4.0,2.0,0.0,3.0,0
40.0,0,663.0,1,9.0,4.0,4,1.0,1449.0,3.0,1,81.0,3.0,2.0,2,3.0,0,3975.0,23099.0,3.0,0,0,11.0,3.0,3.0,80.0,2.0,11.0,2.0,4.0,8.0,7.0,0.0,7.0,0
31.0,2,326.0,2,8.0,2.0,1,1.0,1453.0,1.0,1,31.0,3.0,3.0,7,4.0,0,10793.0,8386.0,1.0,0,0,18.0,3.0,1.0,80.0,1.0,13.0,5.0,3.0,13.0,7.0,9.0,9.0,0
46.0,2,377.0,2,9.0,3.0,2,1.0,1457.0,1.0,1,52.0,3.0,3.0,7,4.0,0,10096.0,15986.0,4.0,0,0,11.0,3.0,1.0,80.0,1.0,28.0,1.0,4.0,7.0,7.0,4.0,3.0,1
39.0,0,592.0,1,2.0,3.0,1,1.0,1458.0,1.0,0,54.0,2.0,1.0,2,1.0,2,3646.0,17181.0,2.0,0,1,23.0,4.0,2.0,80.0,0.0,11.0,2.0,4.0,1.0,0.0,0.0,0.0,1
31.0,1,1445.0,1,1.0,5.0,1,1.0,1459.0,3.0,0,100.0,4.0,3.0,4,2.0,2,7446.0,8931.0,1.0,0,0,11.0,3.0,1.0,80.0,0.0,10.0,2.0,3.0,10.0,8.0,4.0,7.0,1
45.0,2,1038.0,1,20.0,3.0,3,1.0,1460.0,2.0,1,95.0,1.0,3.0,0,1.0,0,10851.0,19863.0,2.0,0,1,18.0,3.0,2.0,80.0,1.0,24.0,2.0,3.0,7.0,7.0,0.0,7.0,0
31.0,2,1398.0,0,8.0,2.0,3,1.0,1461.0,4.0,0,96.0,4.0,1.0,1,2.0,2,2109.0,24609.0,9.0,0,0,18.0,3.0,4.0,80.0,0.0,8.0,3.0,3.0,3.0,2.0,0.0,2.0,0
31.0,1,523.0,1,2.0,3.0,1,1.0,1464.0,2.0,1,94.0,3.0,1.0,2,4.0,1,3722.0,21081.0,6.0,0,1,13.0,3.0,3.0,80.0,1.0,7.0,2.0,1.0,2.0,2.0,2.0,2.0,1
45.0,2,1448.0,1,29.0,3.0,5,1.0,1465.0,2.0,1,55.0,3.0,3.0,4,4.0,1,9380.0,14720.0,4.0,0,1,18.0,3.0,4.0,80.0,2.0,10.0,4.0,4.0,3.0,1.0,1.0,2.0,0
48.0,2,1221.0,2,7.0,3.0,2,1.0,1466.0,3.0,1,96.0,3.0,2.0,7,1.0,0,5486.0,24795.0,4.0,0,0,11.0,3.0,1.0,80.0,3.0,15.0,3.0,3.0,2.0,2.0,2.0,2.0,0
34.0,2,1107.0,0,9.0,4.0,5,1.0,1467.0,1.0,0,52.0,3.0,1.0,1,3.0,1,2742.0,3072.0,1.0,0,0,15.0,3.0,4.0,80.0,0.0,2.0,0.0,3.0,2.0,2.0,2.0,2.0,1
40.0,0,218.0,1,8.0,1.0,3,1.0,1468.0,4.0,1,55.0,2.0,3.0,5,2.0,0,13757.0,25178.0,2.0,0,0,11.0,3.0,3.0,80.0,1.0,16.0,5.0,3.0,9.0,8.0,4.0,8.0,0
28.0,2,866.0,2,5.0,3.0,3,1.0,1469.0,4.0,1,84.0,3.0,2.0,7,1.0,2,8463.0,23490.0,0.0,0,0,18.0,3.0,4.0,80.0,0.0,6.0,4.0,3.0,5.0,4.0,1.0,3.0,0
44.0,0,981.0,1,5.0,3.0,1,1.0,1471.0,3.0,1,90.0,2.0,1.0,2,3.0,2,3162.0,7973.0,3.0,0,0,14.0,3.0,4.0,80.0,0.0,7.0,5.0,3.0,5.0,2.0,0.0,3.0,0
53.0,2,447.0,1,2.0,3.0,3,1.0,1472.0,4.0,1,39.0,4.0,4.0,5,2.0,2,16598.0,19764.0,4.0,0,0,12.0,3.0,2.0,80.0,0.0,35.0,2.0,2.0,9.0,8.0,8.0,8.0,0
49.0,2,1495.0,1,5.0,4.0,5,1.0,1473.0,1.0,1,96.0,3.0,2.0,0,3.0,1,6651.0,21534.0,2.0,0,0,14.0,3.0,2.0,80.0,1.0,20.0,0.0,2.0,3.0,2.0,1.0,2.0,0
40.0,2,896.0,1,2.0,3.0,3,1.0,1474.0,3.0,1,68.0,3.0,1.0,6,3.0,0,2345.0,8045.0,2.0,0,0,14.0,3.0,3.0,80.0,1.0,8.0,3.0,4.0,3.0,1.0,1.0,2.0,0
44.0,2,1467.0,1,20.0,3.0,1,1.0,1475.0,4.0,1,49.0,3.0,1.0,6,2.0,2,3420.0,21158.0,1.0,0,0,13.0,3.0,3.0,80.0,0.0,6.0,3.0,2.0,5.0,2.0,1.0,3.0,0
33.0,1,430.0,2,7.0,3.0,3,1.0,1477.0,4.0,1,54.0,3.0,2.0,7,1.0,1,4373.0,17456.0,0.0,0,0,14.0,3.0,1.0,80.0,2.0,5.0,2.0,3.0,4.0,3.0,0.0,3.0,0
34.0,2,1326.0,2,3.0,3.0,4,1.0,1478.0,4.0,1,81.0,1.0,2.0,7,1.0,2,4759.0,15891.0,3.0,0,0,18.0,3.0,4.0,80.0,0.0,15.0,2.0,3.0,13.0,9.0,3.0,12.0,0
30.0,2,1358.0,2,16.0,1.0,1,1.0,1479.0,4.0,1,96.0,3.0,2.0,7,3.0,1,5301.0,2939.0,8.0,0,0,15.0,3.0,3.0,80.0,2.0,4.0,2.0,2.0,2.0,1.0,2.0,2.0,0
42.0,1,748.0,1,9.0,2.0,3,1.0,1480.0,1.0,0,74.0,3.0,1.0,2,4.0,2,3673.0,16458.0,1.0,0,0,13.0,3.0,3.0,80.0,0.0,12.0,3.0,3.0,12.0,9.0,5.0,8.0,0
44.0,1,383.0,2,1.0,5.0,2,1.0,1481.0,1.0,0,79.0,3.0,2.0,7,3.0,1,4768.0,9282.0,7.0,0,0,12.0,3.0,3.0,80.0,1.0,11.0,4.0,2.0,1.0,0.0,0.0,0.0,0
30.0,0,990.0,1,7.0,3.0,5,1.0,1482.0,3.0,1,64.0,3.0,1.0,6,3.0,0,1274.0,7152.0,1.0,0,0,13.0,3.0,2.0,80.0,2.0,1.0,2.0,2.0,1.0,0.0,0.0,0.0,0
57.0,2,405.0,1,1.0,2.0,1,1.0,1483.0,2.0,1,93.0,4.0,2.0,6,3.0,1,4900.0,2721.0,0.0,0,0,24.0,4.0,1.0,80.0,1.0,13.0,2.0,2.0,12.0,9.0,2.0,8.0,0
49.0,2,1490.0,1,7.0,4.0,1,1.0,1484.0,3.0,1,35.0,3.0,3.0,0,2.0,0,10466.0,20948.0,3.0,0,0,14.0,3.0,2.0,80.0,2.0,29.0,3.0,3.0,8.0,7.0,0.0,7.0,0
34.0,1,829.0,1,15.0,3.0,3,1.0,1485.0,2.0,1,71.0,3.0,4.0,5,1.0,0,17007.0,11929.0,7.0,0,0,14.0,3.0,4.0,80.0,2.0,16.0,3.0,2.0,14.0,8.0,6.0,9.0,0
28.0,1,1496.0,2,1.0,3.0,5,1.0,1486.0,1.0,1,92.0,3.0,1.0,8,3.0,1,2909.0,15747.0,3.0,0,0,15.0,3.0,4.0,80.0,1.0,5.0,3.0,4.0,3.0,2.0,1.0,2.0,1
29.0,1,115.0,2,13.0,3.0,5,1.0,1487.0,1.0,0,51.0,3.0,2.0,7,2.0,2,5765.0,17485.0,5.0,0,0,11.0,3.0,1.0,80.0,0.0,7.0,4.0,1.0,5.0,3.0,0.0,0.0,1
34.0,2,790.0,2,24.0,4.0,3,1.0,1489.0,1.0,0,40.0,2.0,2.0,7,2.0,2,4599.0,7815.0,0.0,0,1,23.0,4.0,3.0,80.0,0.0,16.0,2.0,4.0,15.0,9.0,10.0,10.0,1
35.0,2,660.0,2,7.0,1.0,1,1.0,1492.0,4.0,1,76.0,3.0,1.0,8,3.0,1,2404.0,16192.0,1.0,0,0,13.0,3.0,1.0,80.0,1.0,1.0,3.0,3.0,1.0,0.0,0.0,0.0,0
24.0,1,381.0,1,9.0,3.0,3,1.0,1494.0,2.0,1,89.0,3.0,1.0,2,1.0,2,3172.0,16998.0,2.0,0,1,11.0,3.0,3.0,80.0,0.0,4.0,2.0,2.0,0.0,0.0,0.0,0.0,1
24.0,0,830.0,2,13.0,2.0,1,1.0,1495.0,4.0,0,78.0,3.0,1.0,8,2.0,1,2033.0,7103.0,1.0,0,0,13.0,3.0,3.0,80.0,1.0,1.0,2.0,3.0,1.0,0.0,0.0,0.0,0
44.0,1,1193.0,1,2.0,1.0,3,1.0,1496.0,2.0,1,86.0,3.0,3.0,4,3.0,2,10209.0,19719.0,5.0,0,1,18.0,3.0,2.0,80.0,0.0,16.0,2.0,2.0,2.0,2.0,2.0,2.0,0
29.0,2,1246.0,2,19.0,3.0,1,1.0,1497.0,3.0,1,77.0,2.0,2.0,7,3.0,0,8620.0,23757.0,1.0,0,0,14.0,3.0,3.0,80.0,2.0,10.0,3.0,3.0,10.0,7.0,0.0,4.0,0
30.0,2,330.0,0,1.0,3.0,1,1.0,1499.0,3.0,1,46.0,3.0,1.0,1,3.0,0,2064.0,15428.0,0.0,0,0,21.0,4.0,1.0,80.0,1.0,6.0,3.0,4.0,5.0,3.0,1.0,3.0,0
55.0,2,1229.0,1,4.0,4.0,1,1.0,1501.0,4.0,1,30.0,3.0,2.0,0,3.0,1,4035.0,16143.0,0.0,0,1,16.0,3.0,2.0,80.0,0.0,4.0,2.0,3.0,3.0,2.0,1.0,2.0,0
33.0,2,1099.0,1,4.0,4.0,3,1.0,1502.0,1.0,0,82.0,2.0,1.0,2,2.0,1,3838.0,8192.0,8.0,0,0,11.0,3.0,4.0,80.0,0.0,8.0,5.0,3.0,5.0,4.0,0.0,2.0,0
47.0,2,571.0,2,14.0,3.0,3,1.0,1503.0,3.0,0,78.0,3.0,2.0,7,3.0,1,4591.0,24200.0,3.0,0,1,17.0,3.0,3.0,80.0,1.0,11.0,4.0,2.0,5.0,4.0,1.0,2.0,0
28.0,1,289.0,1,2.0,2.0,3,1.0,1504.0,3.0,1,38.0,2.0,1.0,2,1.0,2,2561.0,5355.0,7.0,0,0,11.0,3.0,3.0,80.0,0.0,8.0,2.0,2.0,0.0,0.0,0.0,0.0,1
28.0,2,1423.0,1,1.0,3.0,1,1.0,1506.0,1.0,1,72.0,2.0,1.0,6,3.0,0,1563.0,12530.0,1.0,0,0,14.0,3.0,4.0,80.0,1.0,1.0,2.0,1.0,1.0,0.0,0.0,0.0,0
28.0,1,467.0,2,7.0,3.0,1,1.0,1507.0,3.0,1,55.0,3.0,2.0,7,1.0,2,4898.0,11827.0,0.0,0,0,14.0,3.0,4.0,80.0,0.0,5.0,5.0,3.0,4.0,2.0,1.0,3.0,0
49.0,2,271.0,1,3.0,2.0,3,1.0,1509.0,3.0,0,43.0,2.0,2.0,2,1.0,1,4789.0,23070.0,4.0,0,0,25.0,4.0,1.0,80.0,1.0,10.0,3.0,3.0,3.0,2.0,1.0,2.0,0
29.0,1,410.0,1,2.0,1.0,1,1.0,1513.0,4.0,0,97.0,3.0,1.0,2,2.0,1,3180.0,4668.0,0.0,0,0,13.0,3.0,3.0,80.0,3.0,4.0,3.0,3.0,3.0,2.0,0.0,2.0,0
28.0,2,1083.0,1,29.0,1.0,1,1.0,1514.0,3.0,1,96.0,1.0,2.0,4,2.0,1,6549.0,3173.0,1.0,0,0,14.0,3.0,2.0,80.0,2.0,8.0,2.0,2.0,8.0,6.0,1.0,7.0,0
33.0,2,516.0,1,8.0,5.0,1,1.0,1515.0,4.0,1,69.0,3.0,2.0,0,3.0,2,6388.0,22049.0,2.0,0,1,17.0,3.0,1.0,80.0,0.0,14.0,6.0,3.0,0.0,0.0,0.0,0.0,0
32.0,2,495.0,1,10.0,3.0,3,1.0,1516.0,3.0,1,64.0,3.0,3.0,3,4.0,2,11244.0,21072.0,2.0,0,0,25.0,4.0,2.0,80.0,0.0,10.0,5.0,4.0,5.0,2.0,0.0,0.0,0
54.0,1,1050.0,1,11.0,4.0,3,1.0,1520.0,2.0,0,87.0,3.0,4.0,3,4.0,0,16032.0,24456.0,3.0,0,0,20.0,4.0,1.0,80.0,1.0,26.0,2.0,3.0,14.0,9.0,1.0,12.0,0
29.0,2,224.0,1,1.0,4.0,5,1.0,1522.0,1.0,1,100.0,2.0,1.0,6,1.0,2,2362.0,7568.0,6.0,0,0,13.0,3.0,3.0,80.0,0.0,11.0,2.0,1.0,9.0,7.0,0.0,7.0,1
44.0,2,136.0,1,28.0,3.0,1,1.0,1523.0,4.0,1,32.0,3.0,4.0,5,1.0,1,16328.0,22074.0,3.0,0,0,13.0,3.0,3.0,80.0,1.0,24.0,1.0,4.0,20.0,6.0,14.0,17.0,0
39.0,2,1089.0,1,6.0,3.0,1,1.0,1525.0,2.0,0,32.0,3.0,3.0,4,2.0,2,8376.0,9150.0,4.0,0,0,18.0,3.0,4.0,80.0,0.0,9.0,3.0,3.0,2.0,0.0,2.0,2.0,0
46.0,2,228.0,2,3.0,3.0,1,1.0,1527.0,3.0,0,51.0,3.0,4.0,3,2.0,1,16606.0,11380.0,8.0,0,0,12.0,3.0,4.0,80.0,1.0,23.0,2.0,4.0,13.0,12.0,5.0,1.0,0
35.0,2,1029.0,1,16.0,3.0,1,1.0,1529.0,4.0,0,91.0,2.0,3.0,0,2.0,2,8606.0,21195.0,1.0,0,0,19.0,3.0,4.0,80.0,0.0,11.0,3.0,1.0,11.0,8.0,3.0,3.0,0
23.0,2,507.0,1,20.0,1.0,1,1.0,1533.0,1.0,1,97.0,3.0,2.0,2,3.0,2,2272.0,24812.0,0.0,0,0,14.0,3.0,2.0,80.0,0.0,5.0,2.0,3.0,4.0,3.0,1.0,2.0,0
40.0,2,676.0,1,9.0,4.0,1,1.0,1534.0,4.0,1,86.0,3.0,1.0,2,1.0,2,2018.0,21831.0,3.0,0,0,14.0,3.0,2.0,80.0,0.0,15.0,3.0,1.0,5.0,4.0,1.0,0.0,1
34.0,2,971.0,2,1.0,3.0,5,1.0,1535.0,4.0,1,64.0,2.0,3.0,7,3.0,1,7083.0,12288.0,1.0,0,1,14.0,3.0,4.0,80.0,0.0,10.0,3.0,3.0,10.0,9.0,8.0,6.0,0
31.0,1,561.0,1,3.0,3.0,1,1.0,1537.0,4.0,0,33.0,3.0,1.0,6,3.0,2,4084.0,4156.0,1.0,0,0,12.0,3.0,1.0,80.0,0.0,7.0,2.0,1.0,7.0,2.0,7.0,7.0,1
50.0,1,333.0,1,22.0,5.0,3,1.0,1539.0,3.0,1,88.0,1.0,4.0,5,4.0,2,14411.0,24450.0,1.0,0,1,13.0,3.0,4.0,80.0,0.0,32.0,2.0,3.0,32.0,6.0,13.0,9.0,0
34.0,2,1440.0,2,7.0,2.0,5,1.0,1541.0,2.0,1,55.0,3.0,1.0,8,3.0,1,2308.0,4944.0,0.0,0,1,25.0,4.0,2.0,80.0,1.0,12.0,4.0,3.0,11.0,10.0,5.0,7.0,0
42.0,2,1210.0,1,2.0,3.0,3,1.0,1542.0,3.0,1,68.0,2.0,1.0,2,2.0,1,4841.0,24052.0,4.0,0,0,14.0,3.0,2.0,80.0,1.0,4.0,3.0,3.0,1.0,0.0,0.0,0.0,0
37.0,2,674.0,1,13.0,3.0,3,1.0,1543.0,1.0,1,47.0,3.0,2.0,6,4.0,1,4285.0,3031.0,1.0,0,0,17.0,3.0,1.0,80.0,0.0,10.0,2.0,3.0,10.0,8.0,3.0,7.0,0
29.0,2,441.0,1,8.0,1.0,4,1.0,1544.0,3.0,0,39.0,1.0,2.0,0,1.0,1,9715.0,7288.0,3.0,0,0,13.0,3.0,3.0,80.0,1.0,9.0,3.0,3.0,7.0,7.0,0.0,7.0,0
33.0,2,575.0,1,25.0,3.0,1,1.0,1545.0,4.0,1,44.0,2.0,2.0,4,2.0,2,4320.0,24152.0,1.0,0,0,13.0,3.0,4.0,80.0,0.0,5.0,2.0,3.0,5.0,3.0,0.0,2.0,0
45.0,2,950.0,1,28.0,3.0,5,1.0,1546.0,4.0,1,97.0,3.0,1.0,6,4.0,1,2132.0,4585.0,4.0,0,0,20.0,4.0,4.0,80.0,1.0,8.0,3.0,3.0,5.0,4.0,0.0,3.0,0
42.0,1,288.0,1,2.0,3.0,1,1.0,1547.0,4.0,1,40.0,3.0,3.0,0,4.0,1,10124.0,18611.0,2.0,0,1,14.0,3.0,3.0,80.0,1.0,24.0,3.0,1.0,20.0,8.0,13.0,9.0,0
40.0,2,1342.0,2,9.0,2.0,3,1.0,1548.0,1.0,1,47.0,3.0,2.0,7,1.0,1,5473.0,19345.0,0.0,0,0,12.0,3.0,4.0,80.0,0.0,9.0,5.0,4.0,8.0,4.0,7.0,1.0,0
33.0,2,589.0,1,28.0,4.0,1,1.0,1549.0,2.0,1,79.0,3.0,2.0,2,3.0,1,5207.0,22949.0,1.0,0,1,12.0,3.0,2.0,80.0,1.0,15.0,3.0,3.0,15.0,14.0,5.0,7.0,0
40.0,2,898.0,0,6.0,2.0,3,1.0,1550.0,3.0,1,38.0,3.0,4.0,3,4.0,2,16437.0,17381.0,1.0,0,1,21.0,4.0,4.0,80.0,0.0,21.0,2.0,3.0,21.0,7.0,7.0,7.0,0
24.0,2,350.0,1,21.0,2.0,5,1.0,1551.0,3.0,1,57.0,2.0,1.0,2,1.0,0,2296.0,10036.0,0.0,0,0,14.0,3.0,2.0,80.0,3.0,2.0,3.0,3.0,1.0,1.0,0.0,0.0,0
40.0,0,1142.0,1,8.0,2.0,1,1.0,1552.0,4.0,1,72.0,3.0,2.0,0,4.0,0,4069.0,8841.0,3.0,0,1,18.0,3.0,3.0,80.0,0.0,8.0,2.0,3.0,2.0,2.0,2.0,2.0,0
45.0,2,538.0,1,1.0,4.0,5,1.0,1553.0,1.0,1,66.0,3.0,3.0,0,2.0,0,7441.0,20933.0,1.0,0,0,12.0,3.0,1.0,80.0,3.0,10.0,4.0,3.0,10.0,8.0,7.0,7.0,0
35.0,2,1402.0,2,28.0,4.0,1,1.0,1554.0,2.0,0,98.0,2.0,1.0,8,3.0,1,2430.0,26204.0,0.0,0,0,23.0,4.0,1.0,80.0,2.0,6.0,5.0,3.0,5.0,3.0,4.0,2.0,0
32.0,2,824.0,1,5.0,2.0,1,1.0,1555.0,4.0,0,67.0,2.0,2.0,6,2.0,1,5878.0,15624.0,3.0,0,0,12.0,3.0,1.0,80.0,1.0,12.0,2.0,3.0,7.0,1.0,2.0,5.0,0
36.0,2,1157.0,2,2.0,4.0,1,1.0,1556.0,3.0,1,70.0,3.0,1.0,8,4.0,2,2644.0,17001.0,3.0,0,1,21.0,4.0,4.0,80.0,0.0,7.0,3.0,2.0,3.0,2.0,1.0,2.0,0
48.0,2,492.0,2,16.0,4.0,1,1.0,1557.0,3.0,0,96.0,3.0,2.0,7,3.0,0,6439.0,13693.0,8.0,0,0,14.0,3.0,3.0,80.0,1.0,18.0,2.0,3.0,8.0,7.0,7.0,7.0,0
29.0,2,598.0,1,9.0,3.0,1,1.0,1558.0,3.0,1,91.0,4.0,1.0,6,3.0,1,2451.0,22376.0,6.0,0,0,18.0,3.0,1.0,80.0,2.0,5.0,2.0,2.0,1.0,0.0,0.0,0.0,0
33.0,2,1242.0,2,8.0,4.0,1,1.0,1560.0,1.0,1,46.0,3.0,2.0,7,1.0,1,6392.0,10589.0,2.0,0,0,13.0,3.0,4.0,80.0,1.0,8.0,6.0,1.0,2.0,2.0,2.0,2.0,0
30.0,2,740.0,2,1.0,3.0,1,1.0,1562.0,2.0,1,64.0,2.0,2.0,7,1.0,1,9714.0,5323.0,1.0,0,0,11.0,3.0,4.0,80.0,1.0,10.0,4.0,3.0,10.0,8.0,6.0,7.0,1
38.0,1,888.0,0,10.0,4.0,0,1.0,1563.0,3.0,1,71.0,3.0,2.0,1,3.0,1,6077.0,14814.0,3.0,0,0,11.0,3.0,3.0,80.0,0.0,10.0,2.0,3.0,6.0,3.0,1.0,2.0,0
35.0,2,992.0,1,1.0,3.0,3,1.0,1564.0,4.0,1,68.0,2.0,1.0,2,1.0,2,2450.0,21731.0,1.0,0,0,19.0,3.0,2.0,80.0,0.0,3.0,3.0,3.0,3.0,0.0,1.0,2.0,0
30.0,2,1288.0,2,29.0,4.0,5,1.0,1568.0,3.0,1,33.0,3.0,3.0,7,2.0,1,9250.0,17799.0,3.0,0,0,12.0,3.0,2.0,80.0,1.0,9.0,3.0,3.0,4.0,2.0,1.0,3.0,0
35.0,2,104.0,1,2.0,3.0,1,1.0,1569.0,1.0,0,69.0,3.0,1.0,2,1.0,0,2074.0,26619.0,1.0,0,1,12.0,3.0,4.0,80.0,1.0,1.0,2.0,3.0,1.0,0.0,0.0,0.0,1
53.0,2,607.0,1,2.0,5.0,5,1.0,1572.0,3.0,0,78.0,2.0,3.0,4,4.0,1,10169.0,14618.0,0.0,0,0,16.0,3.0,2.0,80.0,1.0,34.0,4.0,3.0,33.0,7.0,1.0,9.0,1
38.0,2,903.0,1,2.0,3.0,3,1.0,1573.0,3.0,1,81.0,3.0,2.0,4,2.0,1,4855.0,7653.0,4.0,0,0,11.0,3.0,1.0,80.0,2.0,7.0,2.0,3.0,5.0,2.0,1.0,4.0,1
32.0,0,1200.0,1,1.0,4.0,5,1.0,1574.0,4.0,1,62.0,3.0,2.0,6,1.0,1,4087.0,25174.0,4.0,0,0,14.0,3.0,2.0,80.0,1.0,9.0,3.0,2.0,6.0,5.0,1.0,2.0,0
48.0,2,1108.0,1,15.0,4.0,4,1.0,1576.0,3.0,0,65.0,3.0,1.0,6,1.0,1,2367.0,16530.0,8.0,0,0,12.0,3.0,4.0,80.0,1.0,10.0,3.0,2.0,8.0,2.0,7.0,6.0,0
34.0,2,479.0,1,7.0,4.0,3,1.0,1577.0,1.0,1,35.0,3.0,1.0,6,4.0,2,2972.0,22061.0,1.0,0,0,13.0,3.0,3.0,80.0,0.0,1.0,4.0,1.0,1.0,0.0,0.0,0.0,0
55.0,2,685.0,2,26.0,5.0,2,1.0,1578.0,3.0,1,60.0,2.0,5.0,3,4.0,1,19586.0,23037.0,1.0,0,0,21.0,4.0,3.0,80.0,1.0,36.0,3.0,3.0,36.0,6.0,2.0,13.0,0
34.0,2,1351.0,1,1.0,4.0,1,1.0,1580.0,2.0,1,45.0,3.0,2.0,6,4.0,1,5484.0,13008.0,9.0,0,0,17.0,3.0,2.0,80.0,1.0,9.0,3.0,2.0,2.0,2.0,2.0,1.0,0
26.0,2,474.0,1,3.0,3.0,1,1.0,1581.0,1.0,0,89.0,3.0,1.0,6,4.0,1,2061.0,11133.0,1.0,0,0,21.0,4.0,1.0,80.0,0.0,1.0,5.0,3.0,1.0,0.0,0.0,0.0,0
38.0,2,1245.0,2,14.0,3.0,1,1.0,1582.0,3.0,1,80.0,3.0,2.0,7,2.0,1,9924.0,12355.0,0.0,0,0,11.0,3.0,4.0,80.0,1.0,10.0,3.0,3.0,9.0,8.0,7.0,7.0,0
38.0,2,437.0,2,16.0,3.0,1,1.0,1583.0,2.0,0,90.0,3.0,2.0,7,2.0,2,4198.0,16379.0,2.0,0,0,12.0,3.0,2.0,80.0,0.0,8.0,5.0,4.0,3.0,2.0,1.0,2.0,0
36.0,2,884.0,2,1.0,4.0,1,1.0,1585.0,2.0,0,73.0,3.0,2.0,7,3.0,2,6815.0,21447.0,6.0,0,0,13.0,3.0,1.0,80.0,0.0,15.0,5.0,3.0,1.0,0.0,0.0,0.0,0
29.0,2,1370.0,1,3.0,1.0,3,1.0,1586.0,2.0,1,87.0,3.0,1.0,2,1.0,2,4723.0,16213.0,1.0,0,1,18.0,3.0,4.0,80.0,0.0,10.0,3.0,3.0,10.0,9.0,1.0,5.0,0
35.0,2,670.0,1,10.0,4.0,3,1.0,1587.0,1.0,0,51.0,3.0,2.0,0,3.0,2,6142.0,4223.0,3.0,0,1,16.0,3.0,3.0,80.0,0.0,10.0,4.0,3.0,5.0,2.0,0.0,4.0,0
39.0,2,1462.0,2,6.0,3.0,3,1.0,1588.0,4.0,1,38.0,4.0,3.0,7,3.0,1,8237.0,4658.0,2.0,0,0,11.0,3.0,1.0,80.0,1.0,11.0,3.0,3.0,7.0,6.0,7.0,6.0,0
29.0,1,995.0,1,2.0,1.0,1,1.0,1590.0,1.0,1,87.0,3.0,2.0,0,4.0,0,8853.0,24483.0,1.0,0,0,19.0,3.0,4.0,80.0,1.0,6.0,0.0,4.0,6.0,4.0,1.0,3.0,0
50.0,2,264.0,2,9.0,3.0,2,1.0,1591.0,3.0,1,59.0,3.0,5.0,3,3.0,1,19331.0,19519.0,4.0,0,1,16.0,3.0,3.0,80.0,1.0,27.0,2.0,3.0,1.0,0.0,0.0,0.0,0
23.0,2,977.0,1,10.0,3.0,5,1.0,1592.0,4.0,1,45.0,4.0,1.0,6,3.0,1,2073.0,12826.0,2.0,0,0,16.0,3.0,4.0,80.0,1.0,4.0,2.0,3.0,2.0,2.0,2.0,2.0,0
36.0,1,1302.0,1,6.0,4.0,1,1.0,1594.0,1.0,1,80.0,4.0,2.0,2,1.0,1,5562.0,19711.0,3.0,0,1,13.0,3.0,4.0,80.0,1.0,9.0,3.0,3.0,3.0,2.0,0.0,2.0,0
42.0,2,1059.0,1,9.0,2.0,4,1.0,1595.0,4.0,1,93.0,2.0,5.0,3,4.0,2,19613.0,26362.0,8.0,0,0,22.0,4.0,4.0,80.0,0.0,24.0,2.0,3.0,1.0,0.0,0.0,1.0,0
35.0,2,750.0,1,28.0,3.0,1,1.0,1596.0,2.0,1,46.0,4.0,2.0,2,3.0,1,3407.0,25348.0,1.0,0,0,17.0,3.0,4.0,80.0,2.0,10.0,3.0,2.0,10.0,9.0,6.0,8.0,0
34.0,1,653.0,1,10.0,4.0,5,1.0,1597.0,4.0,1,92.0,2.0,2.0,0,3.0,1,5063.0,15332.0,1.0,0,0,14.0,3.0,2.0,80.0,1.0,8.0,3.0,2.0,8.0,2.0,7.0,7.0,0
40.0,2,118.0,2,14.0,2.0,1,1.0,1598.0,4.0,0,84.0,3.0,2.0,7,1.0,1,4639.0,11262.0,1.0,0,0,15.0,3.0,3.0,80.0,1.0,5.0,2.0,3.0,5.0,4.0,1.0,2.0,0
43.0,2,990.0,1,27.0,3.0,5,1.0,1599.0,4.0,1,87.0,4.0,1.0,2,2.0,0,4876.0,5855.0,5.0,0,0,12.0,3.0,3.0,80.0,1.0,8.0,0.0,3.0,6.0,4.0,0.0,2.0,0
35.0,2,1349.0,1,7.0,2.0,1,1.0,1601.0,3.0,1,63.0,2.0,1.0,2,4.0,1,2690.0,7713.0,1.0,0,0,18.0,3.0,4.0,80.0,1.0,1.0,5.0,2.0,1.0,0.0,0.0,1.0,0
46.0,2,563.0,2,1.0,4.0,1,1.0,1602.0,4.0,1,56.0,4.0,4.0,3,1.0,2,17567.0,3156.0,1.0,0,0,15.0,3.0,2.0,80.0,0.0,27.0,5.0,1.0,26.0,0.0,0.0,12.0,0
28.0,2,329.0,1,24.0,3.0,3,1.0,1604.0,3.0,1,51.0,3.0,1.0,2,2.0,1,2408.0,7324.0,1.0,0,1,17.0,3.0,3.0,80.0,3.0,1.0,3.0,3.0,1.0,1.0,0.0,0.0,1
22.0,0,457.0,1,26.0,2.0,4,1.0,1605.0,2.0,0,85.0,2.0,1.0,6,3.0,1,2814.0,10293.0,1.0,0,1,14.0,3.0,2.0,80.0,0.0,4.0,2.0,2.0,4.0,2.0,1.0,3.0,0
50.0,1,1234.0,1,20.0,5.0,3,1.0,1606.0,2.0,1,41.0,3.0,4.0,0,3.0,1,11245.0,20689.0,2.0,0,1,15.0,3.0,3.0,80.0,1.0,32.0,3.0,3.0,30.0,8.0,12.0,13.0,0
32.0,2,634.0,1,5.0,4.0,4,1.0,1607.0,2.0,0,35.0,4.0,1.0,6,4.0,1,3312.0,18783.0,3.0,0,0,17.0,3.0,4.0,80.0,2.0,6.0,3.0,3.0,3.0,2.0,0.0,2.0,0
44.0,2,1313.0,1,7.0,3.0,3,1.0,1608.0,2.0,0,31.0,3.0,5.0,5,4.0,0,19049.0,3549.0,0.0,0,1,14.0,3.0,4.0,80.0,1.0,23.0,4.0,2.0,22.0,7.0,1.0,10.0,0
30.0,2,241.0,1,7.0,3.0,3,1.0,1609.0,2.0,1,48.0,2.0,1.0,6,2.0,1,2141.0,5348.0,1.0,0,0,12.0,3.0,2.0,80.0,1.0,6.0,3.0,2.0,6.0,4.0,1.0,1.0,0
45.0,2,1015.0,1,5.0,5.0,3,1.0,1611.0,3.0,0,50.0,1.0,2.0,2,1.0,2,5769.0,23447.0,1.0,0,1,14.0,3.0,1.0,80.0,0.0,10.0,3.0,3.0,10.0,7.0,1.0,4.0,0
45.0,0,336.0,2,26.0,3.0,2,1.0,1612.0,1.0,1,52.0,2.0,2.0,7,1.0,1,4385.0,24162.0,1.0,0,0,15.0,3.0,1.0,80.0,1.0,10.0,2.0,3.0,10.0,7.0,4.0,5.0,0
31.0,1,715.0,2,2.0,4.0,4,1.0,1613.0,4.0,1,54.0,3.0,2.0,7,1.0,2,5332.0,21602.0,7.0,0,0,13.0,3.0,4.0,80.0,0.0,10.0,3.0,3.0,5.0,2.0,0.0,3.0,0
36.0,2,559.0,1,12.0,4.0,1,1.0,1614.0,3.0,0,76.0,3.0,2.0,4,3.0,1,4663.0,12421.0,9.0,0,1,12.0,3.0,2.0,80.0,2.0,7.0,2.0,3.0,3.0,2.0,1.0,1.0,0
34.0,1,426.0,1,10.0,4.0,1,1.0,1615.0,3.0,1,42.0,4.0,2.0,4,4.0,0,4724.0,17000.0,1.0,0,0,13.0,3.0,1.0,80.0,1.0,9.0,3.0,3.0,9.0,7.0,7.0,2.0,0
49.0,2,722.0,1,25.0,4.0,1,1.0,1617.0,3.0,0,84.0,3.0,1.0,2,1.0,1,3211.0,22102.0,1.0,0,0,14.0,3.0,4.0,80.0,1.0,10.0,3.0,2.0,9.0,6.0,1.0,4.0,0
39.0,2,1387.0,1,10.0,5.0,3,1.0,1618.0,2.0,1,76.0,3.0,2.0,4,1.0,1,5377.0,3835.0,2.0,0,0,13.0,3.0,4.0,80.0,3.0,10.0,3.0,3.0,7.0,7.0,7.0,7.0,0
27.0,2,1302.0,1,19.0,3.0,4,1.0,1619.0,4.0,1,67.0,2.0,1.0,2,1.0,0,4066.0,16290.0,1.0,0,0,11.0,3.0,1.0,80.0,2.0,7.0,3.0,3.0,7.0,7.0,0.0,7.0,0
35.0,2,819.0,1,18.0,5.0,1,1.0,1621.0,2.0,1,48.0,4.0,2.0,6,1.0,1,5208.0,26312.0,1.0,0,0,11.0,3.0,4.0,80.0,0.0,16.0,2.0,3.0,16.0,15.0,1.0,10.0,0
28.0,2,580.0,1,27.0,3.0,3,1.0,1622.0,2.0,0,39.0,1.0,2.0,4,1.0,0,4877.0,20460.0,0.0,0,0,21.0,4.0,2.0,80.0,1.0,6.0,5.0,2.0,5.0,3.0,0.0,0.0,0
21.0,2,546.0,1,5.0,1.0,3,1.0,1623.0,3.0,1,97.0,3.0,1.0,6,4.0,2,3117.0,26009.0,1.0,0,0,18.0,3.0,3.0,80.0,0.0,3.0,2.0,3.0,2.0,2.0,2.0,2.0,0
18.0,1,544.0,2,3.0,2.0,3,1.0,1624.0,2.0,0,70.0,3.0,1.0,8,4.0,2,1569.0,18420.0,1.0,0,1,12.0,3.0,3.0,80.0,0.0,0.0,2.0,4.0,0.0,0.0,0.0,0.0,1
47.0,2,1176.0,0,26.0,4.0,1,1.0,1625.0,4.0,0,98.0,3.0,5.0,3,3.0,1,19658.0,5220.0,3.0,0,0,11.0,3.0,3.0,80.0,1.0,27.0,2.0,3.0,5.0,2.0,1.0,0.0,0
39.0,2,170.0,1,3.0,2.0,3,1.0,1627.0,3.0,1,76.0,2.0,2.0,2,3.0,0,3069.0,10302.0,0.0,0,0,15.0,3.0,4.0,80.0,1.0,11.0,3.0,3.0,10.0,8.0,0.0,7.0,0
40.0,2,884.0,1,15.0,3.0,1,1.0,1628.0,1.0,0,80.0,2.0,3.0,4,3.0,1,10435.0,25800.0,1.0,0,0,13.0,3.0,4.0,80.0,2.0,18.0,2.0,3.0,18.0,15.0,14.0,12.0,0
35.0,0,208.0,1,8.0,4.0,1,1.0,1630.0,3.0,0,52.0,3.0,2.0,0,3.0,1,4148.0,12250.0,1.0,0,0,12.0,3.0,4.0,80.0,1.0,15.0,5.0,3.0,14.0,11.0,2.0,9.0,0
37.0,2,671.0,1,19.0,3.0,1,1.0,1631.0,3.0,1,85.0,3.0,2.0,4,3.0,1,5768.0,26493.0,3.0,0,0,17.0,3.0,1.0,80.0,3.0,9.0,2.0,2.0,4.0,3.0,0.0,2.0,0
39.0,1,711.0,1,4.0,3.0,3,1.0,1633.0,1.0,0,81.0,3.0,2.0,4,3.0,2,5042.0,3140.0,0.0,0,0,13.0,3.0,4.0,80.0,0.0,10.0,2.0,1.0,9.0,2.0,3.0,8.0,0
45.0,2,1329.0,1,2.0,2.0,4,1.0,1635.0,4.0,0,59.0,2.0,2.0,4,4.0,0,5770.0,5388.0,1.0,0,0,19.0,3.0,1.0,80.0,2.0,10.0,3.0,3.0,10.0,7.0,3.0,9.0,0
38.0,2,397.0,1,2.0,2.0,3,1.0,1638.0,4.0,0,54.0,2.0,3.0,4,3.0,1,7756.0,14199.0,3.0,0,1,19.0,3.0,4.0,80.0,1.0,10.0,6.0,4.0,5.0,4.0,0.0,2.0,0
35.0,2,737.0,2,10.0,3.0,3,1.0,1639.0,4.0,1,55.0,2.0,3.0,7,1.0,1,10306.0,21530.0,9.0,0,0,17.0,3.0,3.0,80.0,0.0,15.0,3.0,3.0,13.0,12.0,6.0,0.0,1
37.0,2,1470.0,1,10.0,3.0,3,1.0,1640.0,2.0,0,71.0,3.0,1.0,6,2.0,1,3936.0,9953.0,1.0,0,0,11.0,3.0,1.0,80.0,1.0,8.0,2.0,1.0,8.0,4.0,7.0,7.0,0
40.0,2,448.0,1,16.0,3.0,1,1.0,1641.0,3.0,0,84.0,3.0,3.0,4,4.0,2,7945.0,19948.0,6.0,0,1,15.0,3.0,4.0,80.0,0.0,18.0,2.0,2.0,4.0,2.0,3.0,3.0,0
44.0,1,602.0,0,1.0,5.0,0,1.0,1642.0,1.0,1,37.0,3.0,2.0,1,4.0,1,5743.0,10503.0,4.0,0,1,11.0,3.0,3.0,80.0,0.0,14.0,3.0,3.0,10.0,7.0,0.0,2.0,0
48.0,1,365.0,1,4.0,5.0,3,1.0,1644.0,3.0,1,89.0,2.0,4.0,3,4.0,1,15202.0,5602.0,2.0,0,0,25.0,4.0,2.0,80.0,1.0,23.0,3.0,3.0,2.0,2.0,2.0,2.0,0
35.0,2,763.0,2,15.0,2.0,3,1.0,1645.0,1.0,1,59.0,1.0,2.0,7,4.0,0,5440.0,22098.0,6.0,0,1,14.0,3.0,4.0,80.0,2.0,7.0,2.0,2.0,2.0,2.0,2.0,2.0,1
24.0,1,567.0,1,2.0,1.0,5,1.0,1646.0,1.0,0,32.0,3.0,1.0,6,4.0,2,3760.0,17218.0,1.0,0,1,13.0,3.0,3.0,80.0,0.0,6.0,2.0,3.0,6.0,3.0,1.0,3.0,0
27.0,2,486.0,1,8.0,3.0,3,1.0,1647.0,2.0,0,86.0,4.0,1.0,6,3.0,1,3517.0,22490.0,7.0,0,0,17.0,3.0,1.0,80.0,0.0,5.0,0.0,3.0,3.0,2.0,0.0,2.0,0
27.0,1,591.0,1,2.0,3.0,3,1.0,1648.0,4.0,1,87.0,3.0,1.0,6,4.0,2,2580.0,6297.0,2.0,0,0,13.0,3.0,3.0,80.0,0.0,6.0,0.0,2.0,4.0,2.0,1.0,2.0,0
40.0,2,1329.0,1,7.0,3.0,1,1.0,1649.0,1.0,1,73.0,3.0,1.0,2,1.0,2,2166.0,3339.0,3.0,0,1,14.0,3.0,2.0,80.0,0.0,10.0,3.0,1.0,4.0,2.0,0.0,3.0,1
29.0,2,469.0,2,10.0,3.0,3,1.0,1650.0,3.0,1,42.0,2.0,2.0,7,3.0,2,5869.0,23413.0,9.0,0,0,11.0,3.0,3.0,80.0,0.0,8.0,2.0,3.0,5.0,2.0,1.0,4.0,0
36.0,2,711.0,1,5.0,4.0,1,1.0,1651.0,2.0,0,42.0,3.0,3.0,0,1.0,1,8008.0,22792.0,4.0,0,0,12.0,3.0,3.0,80.0,2.0,9.0,6.0,3.0,3.0,2.0,0.0,2.0,0
25.0,1,772.0,1,2.0,1.0,1,1.0,1653.0,4.0,1,77.0,4.0,2.0,4,3.0,0,5206.0,4973.0,1.0,0,0,17.0,3.0,3.0,80.0,2.0,7.0,6.0,3.0,7.0,7.0,0.0,7.0,0
39.0,2,492.0,1,12.0,3.0,3,1.0,1654.0,4.0,1,66.0,3.0,2.0,4,2.0,1,5295.0,7693.0,4.0,0,0,21.0,4.0,3.0,80.0,0.0,7.0,3.0,3.0,5.0,4.0,1.0,0.0,0
49.0,2,301.0,1,22.0,4.0,4,1.0,1655.0,1.0,0,72.0,3.0,4.0,5,2.0,1,16413.0,3498.0,3.0,0,0,16.0,3.0,2.0,80.0,2.0,27.0,2.0,3.0,4.0,2.0,1.0,2.0,0
50.0,2,813.0,1,17.0,5.0,1,1.0,1656.0,4.0,0,50.0,2.0,3.0,5,1.0,0,13269.0,21981.0,5.0,0,0,15.0,3.0,3.0,80.0,3.0,19.0,3.0,3.0,14.0,11.0,1.0,11.0,0
20.0,2,1141.0,2,2.0,3.0,3,1.0,1657.0,3.0,0,31.0,3.0,1.0,8,3.0,2,2783.0,13251.0,1.0,0,0,19.0,3.0,1.0,80.0,0.0,2.0,3.0,3.0,2.0,2.0,2.0,2.0,0
34.0,2,1130.0,1,3.0,3.0,1,1.0,1658.0,4.0,0,66.0,3.0,2.0,6,2.0,0,5433.0,19332.0,1.0,0,0,12.0,3.0,3.0,80.0,1.0,11.0,2.0,3.0,11.0,8.0,7.0,9.0,0
36.0,2,311.0,1,7.0,3.0,1,1.0,1659.0,1.0,1,77.0,3.0,1.0,2,2.0,2,2013.0,10950.0,2.0,0,0,11.0,3.0,3.0,80.0,0.0,15.0,4.0,3.0,4.0,3.0,1.0,3.0,0
49.0,2,465.0,1,6.0,1.0,1,1.0,1661.0,3.0,0,41.0,2.0,4.0,0,3.0,1,13966.0,11652.0,2.0,0,1,19.0,3.0,2.0,80.0,1.0,30.0,3.0,3.0,15.0,11.0,2.0,12.0,0
36.0,0,894.0,1,1.0,4.0,3,1.0,1662.0,4.0,0,33.0,2.0,2.0,4,3.0,1,4374.0,15411.0,0.0,0,0,15.0,3.0,3.0,80.0,0.0,4.0,6.0,3.0,3.0,2.0,1.0,2.0,0
36.0,2,1040.0,1,3.0,2.0,1,1.0,1664.0,4.0,1,79.0,4.0,2.0,0,1.0,0,6842.0,26308.0,6.0,0,0,20.0,4.0,1.0,80.0,1.0,13.0,3.0,3.0,5.0,4.0,0.0,4.0,0
54.0,2,584.0,1,22.0,5.0,3,1.0,1665.0,2.0,0,91.0,3.0,4.0,3,3.0,1,17426.0,18685.0,3.0,0,0,25.0,4.0,3.0,80.0,1.0,36.0,6.0,3.0,10.0,8.0,4.0,7.0,0
43.0,2,1291.0,1,15.0,2.0,1,1.0,1666.0,3.0,1,65.0,2.0,4.0,5,3.0,1,17603.0,3525.0,1.0,0,0,24.0,4.0,1.0,80.0,1.0,14.0,3.0,3.0,14.0,10.0,6.0,11.0,0
35.0,1,880.0,2,12.0,4.0,4,1.0,1667.0,4.0,1,36.0,3.0,2.0,7,4.0,2,4581.0,10414.0,3.0,0,1,24.0,4.0,1.0,80.0,0.0,13.0,2.0,4.0,11.0,9.0,6.0,7.0,1
38.0,1,1189.0,1,1.0,3.0,1,1.0,1668.0,4.0,1,90.0,3.0,2.0,6,4.0,1,4735.0,9867.0,7.0,0,0,15.0,3.0,4.0,80.0,2.0,19.0,4.0,4.0,13.0,11.0,2.0,9.0,0
29.0,2,991.0,2,5.0,3.0,3,1.0,1669.0,1.0,1,43.0,2.0,2.0,7,2.0,0,4187.0,3356.0,1.0,0,1,13.0,3.0,2.0,80.0,1.0,10.0,3.0,2.0,10.0,0.0,0.0,9.0,0
33.0,2,392.0,2,2.0,4.0,3,1.0,1670.0,4.0,1,93.0,3.0,2.0,7,4.0,0,5505.0,3921.0,1.0,0,0,14.0,3.0,3.0,80.0,2.0,6.0,5.0,3.0,6.0,2.0,0.0,4.0,0
32.0,2,977.0,1,2.0,3.0,3,1.0,1671.0,4.0,1,45.0,3.0,2.0,6,2.0,0,5470.0,25518.0,0.0,0,0,13.0,3.0,3.0,80.0,2.0,10.0,4.0,2.0,9.0,5.0,1.0,6.0,0
31.0,2,1112.0,2,5.0,4.0,1,1.0,1673.0,1.0,0,67.0,3.0,2.0,7,4.0,1,5476.0,22589.0,1.0,0,0,11.0,3.0,1.0,80.0,2.0,10.0,2.0,3.0,10.0,0.0,0.0,2.0,0
49.0,2,464.0,1,16.0,3.0,3,1.0,1674.0,4.0,0,74.0,3.0,1.0,2,1.0,0,2587.0,24941.0,4.0,0,1,16.0,3.0,2.0,80.0,1.0,17.0,2.0,2.0,2.0,2.0,2.0,2.0,0
38.0,1,148.0,1,2.0,3.0,3,1.0,1675.0,4.0,0,42.0,2.0,1.0,2,2.0,2,2440.0,23826.0,1.0,0,0,22.0,4.0,2.0,80.0,0.0,4.0,3.0,3.0,4.0,3.0,3.0,3.0,0
47.0,2,1225.0,2,2.0,4.0,1,1.0,1676.0,2.0,0,47.0,4.0,4.0,3,2.0,0,15972.0,21086.0,6.0,0,0,14.0,3.0,3.0,80.0,3.0,29.0,2.0,3.0,3.0,2.0,1.0,2.0,0
49.0,2,809.0,1,1.0,3.0,1,1.0,1677.0,3.0,1,36.0,3.0,4.0,3,3.0,2,15379.0,22384.0,4.0,0,0,14.0,3.0,1.0,80.0,0.0,23.0,2.0,3.0,8.0,7.0,0.0,0.0,0
41.0,2,1206.0,2,23.0,2.0,1,1.0,1678.0,4.0,1,80.0,3.0,3.0,7,3.0,2,7082.0,11591.0,3.0,0,1,16.0,3.0,4.0,80.0,0.0,21.0,2.0,3.0,2.0,0.0,0.0,2.0,0
20.0,2,727.0,2,9.0,1.0,1,1.0,1680.0,4.0,1,54.0,3.0,1.0,8,1.0,2,2728.0,21082.0,1.0,0,0,11.0,3.0,1.0,80.0,0.0,2.0,3.0,3.0,2.0,2.0,0.0,2.0,0
33.0,0,530.0,2,16.0,3.0,1,1.0,1681.0,3.0,0,36.0,3.0,2.0,7,4.0,0,5368.0,16130.0,1.0,0,1,25.0,4.0,3.0,80.0,1.0,7.0,2.0,3.0,6.0,5.0,1.0,2.0,0
36.0,2,1351.0,1,26.0,4.0,1,1.0,1682.0,1.0,1,80.0,3.0,2.0,0,3.0,1,5347.0,7419.0,6.0,0,0,14.0,3.0,2.0,80.0,2.0,10.0,2.0,2.0,3.0,2.0,0.0,2.0,0
44.0,2,528.0,0,1.0,3.0,1,1.0,1683.0,3.0,0,44.0,3.0,1.0,1,4.0,0,3195.0,4167.0,4.0,0,1,18.0,3.0,1.0,80.0,3.0,8.0,2.0,3.0,2.0,2.0,2.0,2.0,0
23.0,2,1320.0,1,8.0,1.0,3,1.0,1684.0,4.0,1,93.0,2.0,1.0,2,3.0,2,3989.0,20586.0,1.0,0,1,11.0,3.0,1.0,80.0,0.0,5.0,2.0,3.0,5.0,4.0,1.0,2.0,1
38.0,2,1495.0,1,4.0,2.0,3,1.0,1687.0,4.0,0,87.0,3.0,1.0,2,3.0,1,3306.0,26176.0,7.0,0,0,19.0,3.0,4.0,80.0,1.0,7.0,5.0,2.0,0.0,0.0,0.0,0.0,0
53.0,2,1395.0,1,24.0,4.0,3,1.0,1689.0,2.0,1,48.0,4.0,3.0,0,4.0,1,7005.0,3458.0,3.0,0,0,15.0,3.0,3.0,80.0,0.0,11.0,2.0,3.0,4.0,3.0,1.0,2.0,0
48.0,1,708.0,2,7.0,2.0,3,1.0,1691.0,4.0,0,95.0,3.0,1.0,8,3.0,1,2655.0,11740.0,2.0,0,1,11.0,3.0,3.0,80.0,2.0,19.0,3.0,3.0,9.0,7.0,7.0,7.0,1
32.0,2,1259.0,1,2.0,4.0,1,1.0,1692.0,4.0,1,95.0,3.0,1.0,2,2.0,2,1393.0,24852.0,1.0,0,0,12.0,3.0,1.0,80.0,0.0,1.0,2.0,3.0,1.0,0.0,0.0,0.0,1
26.0,0,786.0,1,7.0,3.0,3,1.0,1693.0,4.0,1,76.0,3.0,1.0,2,4.0,2,2570.0,11925.0,1.0,0,0,20.0,4.0,3.0,80.0,0.0,7.0,5.0,3.0,7.0,7.0,5.0,7.0,0
55.0,2,1441.0,1,22.0,3.0,5,1.0,1694.0,1.0,1,94.0,2.0,1.0,6,2.0,0,3537.0,23737.0,5.0,0,0,12.0,3.0,4.0,80.0,1.0,8.0,1.0,3.0,4.0,2.0,1.0,2.0,0
34.0,2,1157.0,1,5.0,2.0,3,1.0,1696.0,2.0,1,57.0,2.0,2.0,2,4.0,1,3986.0,11912.0,1.0,0,0,14.0,3.0,3.0,80.0,1.0,15.0,3.0,4.0,15.0,10.0,4.0,13.0,0
60.0,2,370.0,1,1.0,4.0,3,1.0,1697.0,3.0,1,92.0,1.0,3.0,0,4.0,0,10883.0,20467.0,3.0,0,0,20.0,4.0,3.0,80.0,1.0,19.0,2.0,4.0,1.0,0.0,0.0,0.0,0
33.0,2,267.0,1,21.0,3.0,3,1.0,1698.0,2.0,1,79.0,4.0,1.0,2,2.0,1,2028.0,13637.0,1.0,0,0,18.0,3.0,4.0,80.0,3.0,14.0,6.0,3.0,14.0,11.0,2.0,13.0,0
37.0,1,1278.0,2,1.0,4.0,3,1.0,1700.0,3.0,1,31.0,1.0,2.0,7,4.0,0,9525.0,7677.0,1.0,0,0,14.0,3.0,3.0,80.0,2.0,6.0,2.0,2.0,6.0,3.0,1.0,3.0,0
34.0,2,678.0,1,19.0,3.0,1,1.0,1701.0,2.0,0,35.0,2.0,1.0,6,4.0,1,2929.0,20338.0,1.0,0,0,12.0,3.0,2.0,80.0,0.0,10.0,3.0,3.0,10.0,9.0,8.0,7.0,0
23.0,2,427.0,2,7.0,3.0,1,1.0,1702.0,3.0,1,99.0,3.0,1.0,8,4.0,0,2275.0,25103.0,1.0,0,1,21.0,4.0,2.0,80.0,1.0,3.0,2.0,3.0,3.0,2.0,0.0,2.0,1
44.0,2,921.0,1,2.0,3.0,1,1.0,1703.0,3.0,0,96.0,4.0,3.0,0,4.0,1,7879.0,14810.0,1.0,0,1,19.0,3.0,2.0,80.0,1.0,9.0,2.0,3.0,8.0,7.0,6.0,7.0,0
35.0,1,146.0,1,2.0,4.0,3,1.0,1704.0,1.0,1,79.0,2.0,1.0,6,4.0,2,4930.0,13970.0,0.0,0,1,14.0,3.0,3.0,80.0,0.0,6.0,2.0,4.0,5.0,4.0,1.0,4.0,0
43.0,2,1179.0,2,2.0,3.0,3,1.0,1706.0,4.0,1,73.0,3.0,2.0,7,4.0,1,7847.0,6069.0,1.0,0,1,17.0,3.0,1.0,80.0,1.0,10.0,3.0,3.0,10.0,9.0,8.0,8.0,0
24.0,2,581.0,1,9.0,3.0,3,1.0,1707.0,3.0,1,62.0,4.0,1.0,6,3.0,1,4401.0,17616.0,1.0,0,0,16.0,3.0,4.0,80.0,1.0,5.0,1.0,3.0,5.0,3.0,0.0,4.0,0
41.0,2,918.0,2,6.0,3.0,2,1.0,1708.0,4.0,1,35.0,3.0,3.0,7,3.0,2,9241.0,15869.0,1.0,0,0,12.0,3.0,2.0,80.0,0.0,10.0,3.0,3.0,10.0,8.0,8.0,7.0,0
29.0,2,1082.0,1,9.0,4.0,3,1.0,1709.0,4.0,0,43.0,3.0,1.0,2,3.0,1,2974.0,25412.0,9.0,0,0,17.0,3.0,3.0,80.0,1.0,9.0,2.0,3.0,5.0,3.0,1.0,2.0,0
36.0,2,530.0,2,2.0,4.0,1,1.0,1710.0,3.0,0,51.0,3.0,2.0,8,4.0,2,4502.0,7439.0,3.0,0,0,15.0,3.0,3.0,80.0,0.0,17.0,2.0,2.0,13.0,7.0,6.0,7.0,0
45.0,0,1238.0,1,1.0,1.0,1,1.0,1712.0,3.0,1,74.0,2.0,3.0,0,3.0,1,10748.0,3395.0,3.0,0,0,23.0,4.0,4.0,80.0,1.0,25.0,3.0,2.0,23.0,15.0,14.0,4.0,0
24.0,2,240.0,0,22.0,1.0,0,1.0,1714.0,4.0,1,58.0,1.0,1.0,1,3.0,1,1555.0,11585.0,1.0,0,0,11.0,3.0,3.0,80.0,1.0,1.0,2.0,3.0,1.0,0.0,0.0,0.0,1
47.0,1,1093.0,2,9.0,3.0,1,1.0,1716.0,3.0,1,82.0,1.0,4.0,7,3.0,1,12936.0,24164.0,7.0,0,0,11.0,3.0,3.0,80.0,0.0,25.0,3.0,1.0,23.0,5.0,14.0,10.0,1
26.0,2,390.0,1,17.0,4.0,3,1.0,1718.0,4.0,1,62.0,1.0,1.0,2,3.0,1,2305.0,6217.0,1.0,0,0,15.0,3.0,3.0,80.0,3.0,3.0,3.0,4.0,3.0,2.0,0.0,2.0,0
45.0,2,1005.0,1,28.0,2.0,5,1.0,1719.0,4.0,0,48.0,2.0,4.0,5,2.0,2,16704.0,17119.0,1.0,0,0,11.0,3.0,3.0,80.0,0.0,21.0,2.0,3.0,21.0,6.0,8.0,6.0,0
32.0,1,585.0,1,10.0,3.0,1,1.0,1720.0,1.0,1,56.0,3.0,1.0,6,3.0,1,3433.0,17360.0,6.0,0,0,13.0,3.0,1.0,80.0,1.0,10.0,3.0,2.0,5.0,2.0,1.0,3.0,0
31.0,2,741.0,1,2.0,4.0,1,1.0,1721.0,2.0,1,69.0,3.0,1.0,2,3.0,1,3477.0,18103.0,1.0,0,0,14.0,3.0,4.0,80.0,1.0,6.0,2.0,4.0,5.0,2.0,0.0,3.0,0
41.0,0,552.0,0,4.0,3.0,0,1.0,1722.0,3.0,1,60.0,1.0,2.0,1,2.0,1,6430.0,20794.0,6.0,0,0,19.0,3.0,2.0,80.0,1.0,10.0,4.0,3.0,3.0,2.0,1.0,2.0,0
40.0,2,369.0,1,8.0,2.0,1,1.0,1724.0,2.0,0,92.0,3.0,2.0,4,1.0,1,6516.0,5041.0,2.0,0,1,16.0,3.0,2.0,80.0,1.0,18.0,3.0,3.0,1.0,0.0,0.0,0.0,0
24.0,2,506.0,1,29.0,1.0,3,1.0,1725.0,2.0,1,91.0,3.0,1.0,2,1.0,0,3907.0,3622.0,1.0,0,0,13.0,3.0,2.0,80.0,3.0,6.0,2.0,4.0,6.0,2.0,1.0,2.0,0
46.0,2,717.0,1,13.0,4.0,1,1.0,1727.0,3.0,1,34.0,3.0,2.0,0,2.0,2,5562.0,9697.0,6.0,0,0,14.0,3.0,4.0,80.0,0.0,19.0,3.0,3.0,10.0,7.0,0.0,9.0,0
35.0,2,1370.0,1,27.0,4.0,1,1.0,1728.0,4.0,1,49.0,3.0,2.0,4,3.0,1,6883.0,5151.0,2.0,0,0,16.0,3.0,2.0,80.0,1.0,17.0,3.0,3.0,7.0,7.0,0.0,7.0,0
30.0,2,793.0,1,16.0,1.0,1,1.0,1729.0,2.0,1,33.0,3.0,1.0,6,4.0,1,2862.0,3811.0,1.0,0,0,12.0,3.0,2.0,80.0,1.0,10.0,2.0,2.0,10.0,0.0,0.0,8.0,0
47.0,0,543.0,2,2.0,4.0,2,1.0,1731.0,3.0,1,87.0,3.0,2.0,7,2.0,1,4978.0,3536.0,7.0,0,0,11.0,3.0,4.0,80.0,1.0,4.0,3.0,1.0,1.0,0.0,0.0,0.0,0
46.0,2,1277.0,2,2.0,3.0,1,1.0,1732.0,3.0,1,74.0,3.0,3.0,7,4.0,0,10368.0,5596.0,4.0,0,1,12.0,3.0,2.0,80.0,1.0,13.0,5.0,2.0,10.0,6.0,0.0,3.0,0
36.0,2,1456.0,2,13.0,5.0,2,1.0,1733.0,2.0,1,96.0,2.0,2.0,7,1.0,0,6134.0,8658.0,5.0,0,1,13.0,3.0,2.0,80.0,3.0,16.0,3.0,3.0,2.0,2.0,2.0,2.0,1
32.0,2,964.0,2,1.0,2.0,1,1.0,1734.0,1.0,1,34.0,1.0,2.0,7,2.0,2,6735.0,12147.0,6.0,0,0,15.0,3.0,2.0,80.0,0.0,10.0,2.0,3.0,0.0,0.0,0.0,0.0,1
23.0,2,160.0,1,4.0,1.0,3,1.0,1735.0,3.0,0,51.0,3.0,1.0,2,2.0,2,3295.0,12862.0,1.0,0,0,13.0,3.0,3.0,80.0,0.0,3.0,3.0,1.0,3.0,2.0,1.0,2.0,0
31.0,1,163.0,1,24.0,1.0,5,1.0,1736.0,4.0,0,30.0,3.0,2.0,4,4.0,2,5238.0,6670.0,2.0,0,0,20.0,4.0,4.0,80.0,0.0,9.0,3.0,2.0,5.0,4.0,1.0,4.0,0
39.0,0,792.0,1,1.0,3.0,1,1.0,1737.0,4.0,1,77.0,3.0,2.0,2,4.0,1,6472.0,8989.0,1.0,0,1,15.0,3.0,4.0,80.0,1.0,9.0,2.0,3.0,9.0,8.0,5.0,8.0,0
32.0,2,371.0,2,19.0,3.0,1,1.0,1739.0,4.0,1,80.0,1.0,3.0,7,3.0,1,9610.0,3840.0,3.0,0,0,13.0,3.0,3.0,80.0,1.0,10.0,2.0,1.0,4.0,3.0,0.0,2.0,0
40.0,2,611.0,2,7.0,4.0,3,1.0,1740.0,2.0,1,88.0,3.0,5.0,3,2.0,2,19833.0,4349.0,1.0,0,0,14.0,3.0,2.0,80.0,0.0,21.0,3.0,2.0,21.0,8.0,12.0,8.0,0
45.0,2,176.0,0,4.0,3.0,1,1.0,1744.0,3.0,0,56.0,1.0,3.0,1,3.0,1,9756.0,6595.0,4.0,0,0,21.0,4.0,3.0,80.0,2.0,9.0,2.0,4.0,5.0,0.0,0.0,3.0,0
30.0,1,1312.0,1,2.0,4.0,5,1.0,1745.0,4.0,0,78.0,2.0,1.0,6,1.0,2,4968.0,26427.0,0.0,0,0,16.0,3.0,4.0,80.0,0.0,10.0,2.0,3.0,9.0,7.0,0.0,7.0,0
24.0,1,897.0,0,10.0,3.0,3,1.0,1746.0,1.0,1,59.0,3.0,1.0,1,4.0,1,2145.0,2097.0,0.0,0,0,14.0,3.0,4.0,80.0,1.0,3.0,2.0,3.0,2.0,2.0,2.0,1.0,0
30.0,1,600.0,0,8.0,3.0,0,1.0,1747.0,3.0,0,66.0,2.0,1.0,1,4.0,0,2180.0,9732.0,6.0,0,0,11.0,3.0,3.0,80.0,1.0,6.0,0.0,2.0,4.0,2.0,1.0,2.0,1
31.0,2,1003.0,2,5.0,3.0,5,1.0,1749.0,1.0,1,51.0,3.0,2.0,7,3.0,1,8346.0,20943.0,1.0,0,0,19.0,3.0,3.0,80.0,1.0,6.0,3.0,3.0,5.0,2.0,0.0,2.0,0
27.0,2,1054.0,1,8.0,3.0,3,1.0,1751.0,3.0,0,67.0,3.0,1.0,6,4.0,2,3445.0,6152.0,1.0,0,0,11.0,3.0,3.0,80.0,0.0,6.0,5.0,2.0,6.0,2.0,1.0,4.0,0
29.0,2,428.0,2,9.0,3.0,2,1.0,1752.0,2.0,0,52.0,1.0,1.0,8,2.0,2,2760.0,14630.0,1.0,0,0,13.0,3.0,3.0,80.0,0.0,2.0,3.0,3.0,2.0,2.0,2.0,2.0,1
29.0,1,461.0,1,1.0,3.0,1,1.0,1753.0,4.0,1,70.0,4.0,2.0,0,3.0,2,6294.0,23060.0,8.0,0,1,12.0,3.0,4.0,80.0,0.0,10.0,5.0,4.0,3.0,2.0,0.0,2.0,0
30.0,2,979.0,2,15.0,2.0,2,1.0,1754.0,3.0,1,94.0,2.0,3.0,7,1.0,0,7140.0,3088.0,2.0,0,0,11.0,3.0,1.0,80.0,1.0,12.0,2.0,3.0,7.0,7.0,1.0,7.0,0
34.0,2,181.0,1,2.0,4.0,3,1.0,1755.0,4.0,1,97.0,4.0,1.0,6,4.0,1,2932.0,5586.0,0.0,0,1,14.0,3.0,1.0,80.0,3.0,6.0,3.0,3.0,5.0,0.0,1.0,2.0,0
33.0,0,1283.0,2,2.0,3.0,2,1.0,1756.0,4.0,0,62.0,3.0,2.0,7,2.0,2,5147.0,10697.0,8.0,0,0,15.0,3.0,4.0,80.0,0.0,13.0,2.0,2.0,11.0,7.0,1.0,7.0,0
49.0,2,1313.0,2,11.0,4.0,2,1.0,1757.0,4.0,0,80.0,3.0,2.0,7,4.0,2,4507.0,8191.0,3.0,0,0,12.0,3.0,3.0,80.0,0.0,8.0,1.0,4.0,5.0,1.0,0.0,4.0,0
33.0,2,211.0,2,16.0,3.0,1,1.0,1758.0,1.0,0,74.0,3.0,3.0,7,1.0,2,8564.0,10092.0,2.0,0,1,20.0,4.0,3.0,80.0,0.0,11.0,2.0,2.0,0.0,0.0,0.0,0.0,1
38.0,1,594.0,1,2.0,2.0,3,1.0,1760.0,3.0,0,75.0,2.0,1.0,2,2.0,1,2468.0,15963.0,4.0,0,0,14.0,3.0,2.0,80.0,1.0,9.0,4.0,2.0,6.0,1.0,0.0,5.0,0
31.0,2,1079.0,2,16.0,4.0,2,1.0,1761.0,1.0,1,70.0,3.0,3.0,7,3.0,1,8161.0,19002.0,2.0,0,0,13.0,3.0,1.0,80.0,3.0,10.0,2.0,3.0,1.0,0.0,0.0,0.0,1
29.0,2,590.0,1,4.0,3.0,5,1.0,1762.0,4.0,0,91.0,2.0,1.0,6,1.0,0,2109.0,10007.0,1.0,0,0,13.0,3.0,3.0,80.0,1.0,1.0,2.0,3.0,1.0,0.0,0.0,0.0,0
30.0,2,305.0,1,16.0,3.0,1,1.0,1763.0,3.0,1,58.0,4.0,2.0,0,3.0,1,5294.0,9128.0,3.0,0,0,16.0,3.0,3.0,80.0,1.0,10.0,3.0,3.0,7.0,0.0,1.0,7.0,0
32.0,0,953.0,1,5.0,4.0,5,1.0,1764.0,2.0,1,65.0,3.0,1.0,6,2.0,2,2718.0,17674.0,2.0,0,0,14.0,3.0,2.0,80.0,0.0,12.0,3.0,3.0,7.0,7.0,0.0,7.0,0
38.0,2,833.0,1,18.0,3.0,3,1.0,1766.0,2.0,1,60.0,1.0,2.0,0,4.0,1,5811.0,24539.0,3.0,0,1,16.0,3.0,3.0,80.0,1.0,15.0,2.0,3.0,1.0,0.0,1.0,0.0,0
43.0,1,807.0,1,17.0,3.0,5,1.0,1767.0,3.0,1,38.0,2.0,1.0,6,3.0,1,2437.0,15587.0,9.0,0,1,16.0,3.0,4.0,80.0,1.0,6.0,4.0,3.0,1.0,0.0,0.0,0.0,1
42.0,2,855.0,1,12.0,3.0,3,1.0,1768.0,2.0,1,57.0,3.0,1.0,2,2.0,0,2766.0,8952.0,8.0,0,0,22.0,4.0,2.0,80.0,3.0,7.0,6.0,2.0,5.0,3.0,0.0,4.0,0
55.0,2,478.0,1,2.0,3.0,3,1.0,1770.0,3.0,1,60.0,2.0,5.0,5,1.0,1,19038.0,19805.0,8.0,0,0,12.0,3.0,2.0,80.0,3.0,34.0,2.0,3.0,1.0,0.0,0.0,0.0,0
33.0,0,775.0,1,4.0,3.0,5,1.0,1771.0,4.0,1,90.0,3.0,2.0,6,2.0,0,3055.0,6194.0,5.0,0,0,15.0,3.0,4.0,80.0,2.0,11.0,2.0,2.0,9.0,8.0,1.0,7.0,0
41.0,2,548.0,1,9.0,4.0,1,1.0,1772.0,3.0,1,94.0,3.0,1.0,2,1.0,0,2289.0,20520.0,1.0,0,0,20.0,4.0,2.0,80.0,2.0,5.0,2.0,3.0,5.0,3.0,0.0,4.0,0
34.0,0,1375.0,2,10.0,3.0,1,1.0,1774.0,4.0,1,87.0,3.0,2.0,7,3.0,0,4001.0,12313.0,1.0,0,1,14.0,3.0,3.0,80.0,1.0,15.0,3.0,3.0,15.0,14.0,0.0,7.0,0
53.0,0,661.0,1,1.0,4.0,3,1.0,1775.0,1.0,0,60.0,2.0,4.0,4,3.0,1,12965.0,22308.0,4.0,0,1,20.0,4.0,4.0,80.0,3.0,27.0,2.0,2.0,3.0,2.0,0.0,2.0,0
43.0,2,244.0,0,2.0,3.0,1,1.0,1778.0,2.0,1,97.0,3.0,1.0,1,4.0,2,3539.0,5033.0,0.0,0,0,13.0,3.0,2.0,80.0,0.0,10.0,5.0,3.0,9.0,7.0,1.0,8.0,0
34.0,2,511.0,2,3.0,2.0,1,1.0,1779.0,4.0,0,32.0,1.0,2.0,7,4.0,2,6029.0,25353.0,5.0,0,0,12.0,3.0,1.0,80.0,0.0,6.0,3.0,3.0,2.0,2.0,2.0,2.0,0
21.0,2,337.0,2,7.0,1.0,2,1.0,1780.0,2.0,1,31.0,3.0,1.0,8,2.0,2,2679.0,4567.0,1.0,0,0,13.0,3.0,2.0,80.0,0.0,1.0,3.0,3.0,1.0,0.0,1.0,0.0,1
38.0,2,1153.0,1,6.0,2.0,4,1.0,1782.0,4.0,0,40.0,2.0,1.0,2,3.0,1,3702.0,16376.0,1.0,0,0,11.0,3.0,2.0,80.0,1.0,5.0,3.0,3.0,5.0,4.0,0.0,4.0,0
22.0,2,1294.0,1,8.0,1.0,3,1.0,1783.0,3.0,0,79.0,3.0,1.0,2,1.0,1,2398.0,15999.0,1.0,0,1,17.0,3.0,3.0,80.0,0.0,1.0,6.0,3.0,1.0,0.0,0.0,0.0,1
31.0,2,196.0,2,29.0,4.0,2,1.0,1784.0,1.0,0,91.0,2.0,2.0,7,4.0,1,5468.0,13402.0,1.0,0,0,14.0,3.0,1.0,80.0,2.0,13.0,3.0,3.0,12.0,7.0,5.0,7.0,0
51.0,2,942.0,1,3.0,3.0,5,1.0,1786.0,1.0,0,53.0,3.0,3.0,3,3.0,1,13116.0,22984.0,2.0,0,0,11.0,3.0,4.0,80.0,0.0,15.0,2.0,3.0,2.0,2.0,2.0,2.0,0
37.0,2,589.0,2,9.0,2.0,2,1.0,1787.0,2.0,1,46.0,2.0,2.0,7,2.0,1,4189.0,8800.0,1.0,0,0,14.0,3.0,1.0,80.0,2.0,5.0,2.0,3.0,5.0,2.0,0.0,3.0,0
46.0,2,734.0,1,2.0,4.0,3,1.0,1789.0,3.0,1,46.0,3.0,5.0,5,4.0,0,19328.0,14218.0,7.0,0,1,17.0,3.0,3.0,80.0,1.0,24.0,3.0,3.0,2.0,1.0,2.0,2.0,0
36.0,2,1383.0,1,10.0,3.0,1,1.0,1790.0,4.0,1,90.0,3.0,3.0,0,1.0,1,8321.0,25949.0,7.0,0,1,13.0,3.0,4.0,80.0,1.0,15.0,1.0,3.0,12.0,8.0,5.0,7.0,0
44.0,1,429.0,1,1.0,2.0,3,1.0,1792.0,3.0,1,99.0,3.0,1.0,6,2.0,0,2342.0,11092.0,1.0,0,1,12.0,3.0,3.0,80.0,3.0,6.0,2.0,2.0,5.0,3.0,2.0,3.0,1
37.0,2,1239.0,0,8.0,2.0,4,1.0,1794.0,3.0,1,89.0,3.0,2.0,1,2.0,0,4071.0,12832.0,2.0,0,0,13.0,3.0,3.0,80.0,0.0,19.0,4.0,2.0,10.0,0.0,4.0,7.0,0
35.0,2,303.0,2,27.0,3.0,1,1.0,1797.0,3.0,1,84.0,3.0,2.0,7,4.0,2,5813.0,13492.0,1.0,0,1,18.0,3.0,4.0,80.0,0.0,10.0,2.0,3.0,10.0,7.0,7.0,7.0,1
33.0,2,867.0,1,8.0,4.0,1,1.0,1798.0,4.0,1,90.0,4.0,1.0,6,1.0,1,3143.0,6076.0,6.0,0,0,19.0,3.0,2.0,80.0,1.0,14.0,1.0,3.0,10.0,8.0,7.0,6.0,0
28.0,2,1181.0,1,1.0,3.0,1,1.0,1799.0,3.0,1,82.0,3.0,1.0,6,4.0,1,2044.0,5531.0,1.0,0,0,11.0,3.0,3.0,80.0,1.0,5.0,6.0,4.0,5.0,3.0,0.0,3.0,0
39.0,2,1253.0,1,10.0,1.0,3,1.0,1800.0,3.0,1,65.0,3.0,3.0,5,3.0,2,13464.0,7914.0,7.0,0,0,21.0,4.0,3.0,80.0,0.0,9.0,3.0,3.0,4.0,3.0,2.0,2.0,0
46.0,0,849.0,2,26.0,2.0,1,1.0,1801.0,2.0,1,98.0,2.0,2.0,7,2.0,2,7991.0,25166.0,8.0,0,0,15.0,3.0,3.0,80.0,0.0,6.0,3.0,3.0,2.0,2.0,2.0,2.0,0
40.0,2,616.0,1,2.0,2.0,1,1.0,1802.0,3.0,0,99.0,3.0,1.0,2,1.0,1,3377.0,25605.0,4.0,0,0,17.0,3.0,4.0,80.0,1.0,7.0,5.0,2.0,4.0,3.0,0.0,2.0,0
42.0,2,1128.0,1,13.0,3.0,3,1.0,1803.0,2.0,1,95.0,4.0,2.0,0,1.0,1,5538.0,5696.0,5.0,0,0,18.0,3.0,3.0,80.0,2.0,10.0,2.0,2.0,0.0,0.0,0.0,0.0,0
35.0,0,1180.0,1,2.0,2.0,3,1.0,1804.0,2.0,1,90.0,3.0,2.0,4,4.0,0,5762.0,24442.0,2.0,0,0,14.0,3.0,3.0,80.0,1.0,15.0,6.0,3.0,7.0,7.0,1.0,7.0,0
38.0,0,1336.0,0,2.0,3.0,0,1.0,1805.0,1.0,1,100.0,3.0,1.0,1,2.0,0,2592.0,7129.0,5.0,0,0,13.0,3.0,4.0,80.0,3.0,13.0,3.0,3.0,11.0,10.0,3.0,8.0,0
34.0,1,234.0,1,9.0,4.0,1,1.0,1807.0,4.0,1,93.0,3.0,2.0,2,1.0,1,5346.0,6208.0,4.0,0,0,17.0,3.0,3.0,80.0,1.0,11.0,3.0,2.0,7.0,1.0,0.0,7.0,1
37.0,2,370.0,1,10.0,4.0,3,1.0,1809.0,4.0,1,58.0,3.0,2.0,4,1.0,2,4213.0,4992.0,1.0,0,0,15.0,3.0,2.0,80.0,0.0,10.0,4.0,1.0,10.0,3.0,0.0,8.0,1
39.0,1,766.0,2,20.0,3.0,1,1.0,1812.0,3.0,1,83.0,3.0,2.0,7,4.0,0,4127.0,19188.0,2.0,0,0,18.0,3.0,4.0,80.0,1.0,7.0,6.0,3.0,2.0,1.0,2.0,2.0,0
43.0,0,343.0,1,9.0,3.0,1,1.0,1813.0,1.0,1,52.0,3.0,1.0,6,3.0,2,2438.0,24978.0,4.0,0,0,13.0,3.0,3.0,80.0,0.0,7.0,2.0,2.0,3.0,2.0,1.0,2.0,0
41.0,2,447.0,1,5.0,3.0,1,1.0,1814.0,2.0,1,85.0,4.0,2.0,0,2.0,2,6870.0,15530.0,3.0,0,0,12.0,3.0,1.0,80.0,0.0,11.0,3.0,1.0,3.0,2.0,1.0,2.0,0
41.0,2,796.0,2,4.0,1.0,2,1.0,1815.0,3.0,0,81.0,3.0,3.0,7,3.0,0,10447.0,26458.0,0.0,0,1,13.0,3.0,4.0,80.0,1.0,23.0,3.0,4.0,22.0,14.0,13.0,5.0,0
30.0,2,1092.0,1,10.0,3.0,3,1.0,1816.0,1.0,0,64.0,3.0,3.0,4,3.0,2,9667.0,2739.0,9.0,0,0,14.0,3.0,2.0,80.0,0.0,9.0,3.0,3.0,7.0,7.0,0.0,2.0,0
26.0,2,920.0,0,20.0,2.0,3,1.0,1818.0,4.0,0,69.0,3.0,1.0,1,2.0,1,2148.0,6889.0,0.0,0,1,11.0,3.0,3.0,80.0,0.0,6.0,3.0,3.0,5.0,1.0,1.0,4.0,1
46.0,2,261.0,1,21.0,2.0,3,1.0,1821.0,4.0,0,66.0,3.0,2.0,0,2.0,1,8926.0,10842.0,4.0,0,0,22.0,4.0,4.0,80.0,1.0,13.0,2.0,4.0,9.0,7.0,3.0,7.0,1
40.0,2,1194.0,1,1.0,3.0,1,1.0,1822.0,3.0,0,52.0,3.0,2.0,0,4.0,0,6513.0,9060.0,4.0,0,0,17.0,3.0,4.0,80.0,1.0,12.0,3.0,3.0,5.0,3.0,0.0,3.0,0
34.0,2,810.0,2,8.0,2.0,5,1.0,1823.0,2.0,1,92.0,4.0,2.0,7,3.0,1,6799.0,22128.0,1.0,0,0,21.0,4.0,3.0,80.0,2.0,10.0,5.0,3.0,10.0,8.0,4.0,8.0,0
58.0,0,350.0,2,2.0,3.0,3,1.0,1824.0,2.0,1,52.0,3.0,4.0,3,2.0,0,16291.0,22577.0,4.0,0,0,22.0,4.0,4.0,80.0,1.0,37.0,0.0,2.0,16.0,9.0,14.0,14.0,0
35.0,2,185.0,1,23.0,4.0,3,1.0,1826.0,2.0,1,91.0,1.0,1.0,2,3.0,1,2705.0,9696.0,0.0,0,0,16.0,3.0,2.0,80.0,1.0,6.0,2.0,4.0,5.0,4.0,0.0,3.0,0
47.0,2,1001.0,1,4.0,3.0,1,1.0,1827.0,3.0,0,92.0,2.0,3.0,4,2.0,0,10333.0,19271.0,8.0,0,1,12.0,3.0,3.0,80.0,1.0,28.0,4.0,3.0,22.0,11.0,14.0,10.0,0
40.0,2,750.0,1,12.0,3.0,1,1.0,1829.0,2.0,0,47.0,3.0,2.0,0,1.0,0,4448.0,10748.0,2.0,0,0,12.0,3.0,2.0,80.0,1.0,15.0,3.0,3.0,7.0,4.0,7.0,7.0,0
54.0,2,431.0,1,7.0,4.0,3,1.0,1830.0,4.0,0,68.0,3.0,2.0,6,4.0,1,6854.0,15696.0,4.0,0,0,15.0,3.0,2.0,80.0,1.0,14.0,2.0,2.0,7.0,1.0,1.0,7.0,0
31.0,1,1125.0,2,7.0,4.0,2,1.0,1833.0,1.0,0,68.0,3.0,3.0,7,1.0,1,9637.0,8277.0,2.0,0,0,14.0,3.0,4.0,80.0,2.0,9.0,3.0,3.0,3.0,2.0,2.0,2.0,0
28.0,2,1217.0,1,1.0,3.0,3,1.0,1834.0,3.0,0,67.0,3.0,1.0,6,1.0,1,3591.0,12719.0,1.0,0,0,25.0,4.0,3.0,80.0,1.0,3.0,3.0,3.0,3.0,2.0,1.0,2.0,0
38.0,2,723.0,2,2.0,4.0,2,1.0,1835.0,2.0,0,77.0,1.0,2.0,8,4.0,1,5405.0,4244.0,2.0,0,1,20.0,4.0,1.0,80.0,2.0,20.0,4.0,2.0,4.0,2.0,0.0,3.0,0
26.0,2,572.0,2,10.0,3.0,3,1.0,1836.0,3.0,1,46.0,3.0,2.0,7,4.0,2,4684.0,9125.0,1.0,0,0,13.0,3.0,1.0,80.0,0.0,5.0,4.0,3.0,5.0,3.0,1.0,2.0,0
58.0,1,1216.0,1,15.0,4.0,1,1.0,1837.0,1.0,1,87.0,3.0,4.0,5,3.0,1,15787.0,21624.0,2.0,0,1,14.0,3.0,2.0,80.0,0.0,23.0,3.0,3.0,2.0,2.0,2.0,2.0,0
18.0,0,1431.0,1,14.0,3.0,3,1.0,1839.0,2.0,0,33.0,3.0,1.0,6,3.0,2,1514.0,8018.0,1.0,0,0,16.0,3.0,3.0,80.0,0.0,0.0,4.0,1.0,0.0,0.0,0.0,0.0,0
31.0,2,359.0,0,18.0,5.0,0,1.0,1842.0,4.0,1,89.0,4.0,1.0,1,1.0,1,2956.0,21495.0,0.0,0,0,17.0,3.0,3.0,80.0,0.0,2.0,4.0,3.0,1.0,0.0,0.0,0.0,1
29.0,2,350.0,0,13.0,3.0,0,1.0,1844.0,1.0,1,56.0,2.0,1.0,1,1.0,0,2335.0,3157.0,4.0,0,1,15.0,3.0,4.0,80.0,3.0,4.0,3.0,3.0,2.0,2.0,2.0,0.0,1
45.0,0,589.0,2,2.0,4.0,1,1.0,1845.0,3.0,0,67.0,3.0,2.0,7,3.0,1,5154.0,19665.0,4.0,0,0,22.0,4.0,2.0,80.0,2.0,10.0,3.0,4.0,8.0,7.0,5.0,7.0,0
36.0,2,430.0,1,2.0,4.0,4,1.0,1847.0,4.0,0,73.0,3.0,2.0,6,2.0,1,6962.0,19573.0,4.0,0,1,22.0,4.0,4.0,80.0,1.0,15.0,2.0,3.0,1.0,0.0,0.0,0.0,0
43.0,1,1422.0,2,2.0,4.0,1,1.0,1849.0,1.0,1,92.0,3.0,2.0,7,4.0,1,5675.0,19246.0,1.0,0,0,20.0,4.0,3.0,80.0,1.0,7.0,5.0,3.0,7.0,7.0,7.0,7.0,0
27.0,1,1297.0,1,5.0,2.0,1,1.0,1850.0,4.0,0,53.0,3.0,1.0,2,4.0,2,2379.0,19826.0,0.0,0,1,14.0,3.0,3.0,80.0,0.0,6.0,3.0,2.0,5.0,4.0,0.0,2.0,0
29.0,1,574.0,1,20.0,1.0,3,1.0,1852.0,4.0,1,40.0,3.0,1.0,2,4.0,1,3812.0,7003.0,1.0,0,0,13.0,3.0,2.0,80.0,0.0,11.0,3.0,4.0,11.0,8.0,3.0,10.0,0
32.0,1,1318.0,2,10.0,4.0,2,1.0,1853.0,4.0,1,79.0,3.0,2.0,7,4.0,2,4648.0,26075.0,8.0,0,0,13.0,3.0,3.0,80.0,0.0,4.0,2.0,4.0,0.0,0.0,0.0,0.0,0
42.0,0,355.0,1,10.0,4.0,5,1.0,1854.0,3.0,1,38.0,3.0,1.0,6,3.0,1,2936.0,6161.0,3.0,0,0,22.0,4.0,2.0,80.0,2.0,10.0,1.0,2.0,6.0,3.0,3.0,3.0,0
47.0,2,207.0,1,9.0,4.0,1,1.0,1856.0,2.0,0,64.0,3.0,1.0,2,3.0,2,2105.0,5411.0,4.0,0,0,12.0,3.0,3.0,80.0,0.0,7.0,2.0,3.0,2.0,2.0,2.0,0.0,0
46.0,2,706.0,1,2.0,2.0,1,1.0,1857.0,4.0,1,82.0,3.0,3.0,4,4.0,0,8578.0,19989.0,3.0,0,0,14.0,3.0,3.0,80.0,1.0,12.0,4.0,2.0,9.0,8.0,4.0,7.0,0
28.0,0,280.0,0,1.0,2.0,1,1.0,1858.0,3.0,1,43.0,3.0,1.0,1,4.0,0,2706.0,10494.0,1.0,0,0,15.0,3.0,2.0,80.0,1.0,3.0,2.0,3.0,3.0,2.0,2.0,2.0,0
29.0,2,726.0,1,29.0,1.0,1,1.0,1859.0,4.0,1,93.0,1.0,2.0,0,3.0,0,6384.0,21143.0,8.0,0,0,17.0,3.0,4.0,80.0,2.0,11.0,3.0,3.0,7.0,0.0,1.0,6.0,0
42.0,2,1142.0,1,8.0,3.0,1,1.0,1860.0,4.0,1,81.0,3.0,1.0,2,3.0,2,3968.0,13624.0,4.0,0,0,13.0,3.0,4.0,80.0,0.0,8.0,3.0,3.0,0.0,0.0,0.0,0.0,0
32.0,2,414.0,2,2.0,4.0,2,1.0,1862.0,3.0,1,82.0,2.0,2.0,7,2.0,2,9907.0,26186.0,7.0,0,1,12.0,3.0,3.0,80.0,0.0,7.0,3.0,2.0,2.0,2.0,2.0,2.0,1
46.0,2,1319.0,2,3.0,3.0,5,1.0,1863.0,1.0,0,45.0,4.0,4.0,7,1.0,0,13225.0,7739.0,2.0,0,0,12.0,3.0,4.0,80.0,1.0,25.0,5.0,3.0,19.0,17.0,2.0,8.0,0
27.0,2,728.0,2,23.0,1.0,3,1.0,1864.0,2.0,0,36.0,2.0,2.0,8,3.0,1,3540.0,7018.0,1.0,0,0,21.0,4.0,4.0,80.0,1.0,9.0,5.0,3.0,9.0,8.0,5.0,8.0,0
29.0,2,352.0,0,6.0,1.0,3,1.0,1865.0,4.0,1,87.0,2.0,1.0,1,2.0,1,2804.0,15434.0,1.0,0,0,11.0,3.0,4.0,80.0,0.0,1.0,3.0,3.0,1.0,0.0,0.0,0.0,0
43.0,2,823.0,1,6.0,3.0,3,1.0,1866.0,1.0,0,81.0,2.0,5.0,3,3.0,1,19392.0,22539.0,7.0,0,0,13.0,3.0,4.0,80.0,0.0,21.0,2.0,3.0,16.0,12.0,6.0,14.0,0
48.0,2,1224.0,1,10.0,3.0,1,1.0,1867.0,4.0,1,91.0,2.0,5.0,5,2.0,1,19665.0,13583.0,4.0,0,0,12.0,3.0,4.0,80.0,0.0,29.0,3.0,3.0,22.0,10.0,12.0,9.0,0
29.0,1,459.0,1,24.0,2.0,1,1.0,1868.0,4.0,1,73.0,2.0,1.0,6,4.0,2,2439.0,14753.0,1.0,0,1,24.0,4.0,2.0,80.0,0.0,1.0,3.0,2.0,1.0,0.0,1.0,0.0,1
46.0,2,1254.0,2,10.0,3.0,1,1.0,1869.0,3.0,0,64.0,3.0,3.0,7,2.0,1,7314.0,14011.0,5.0,0,0,21.0,4.0,3.0,80.0,3.0,14.0,2.0,3.0,8.0,7.0,0.0,7.0,1
27.0,1,1131.0,1,15.0,3.0,1,1.0,1870.0,4.0,0,77.0,2.0,1.0,6,1.0,1,4774.0,23844.0,0.0,0,0,19.0,3.0,4.0,80.0,1.0,8.0,2.0,2.0,7.0,6.0,7.0,3.0,0
39.0,2,835.0,1,19.0,4.0,4,1.0,1871.0,4.0,1,41.0,3.0,2.0,6,4.0,0,3902.0,5141.0,8.0,0,0,14.0,3.0,2.0,80.0,3.0,7.0,2.0,3.0,2.0,2.0,2.0,2.0,0
55.0,2,836.0,1,2.0,4.0,5,1.0,1873.0,2.0,1,98.0,2.0,1.0,6,4.0,1,2662.0,7975.0,8.0,0,0,20.0,4.0,2.0,80.0,1.0,19.0,2.0,4.0,5.0,2.0,0.0,4.0,0
28.0,2,1172.0,2,3.0,3.0,3,1.0,1875.0,2.0,0,78.0,3.0,1.0,8,2.0,1,2856.0,3692.0,1.0,0,0,19.0,3.0,4.0,80.0,1.0,1.0,3.0,3.0,1.0,0.0,0.0,0.0,0
30.0,2,945.0,2,9.0,3.0,3,1.0,1876.0,2.0,1,89.0,3.0,1.0,8,4.0,2,1081.0,16019.0,1.0,0,0,13.0,3.0,3.0,80.0,0.0,1.0,3.0,2.0,1.0,0.0,0.0,0.0,1
22.0,2,391.0,1,7.0,1.0,1,1.0,1878.0,4.0,1,75.0,3.0,1.0,6,2.0,2,2472.0,26092.0,1.0,0,1,23.0,4.0,1.0,80.0,0.0,1.0,2.0,3.0,1.0,0.0,0.0,0.0,1
36.0,2,1266.0,2,10.0,4.0,5,1.0,1880.0,2.0,0,63.0,2.0,2.0,7,3.0,1,5673.0,6060.0,1.0,0,1,13.0,3.0,1.0,80.0,1.0,10.0,4.0,3.0,10.0,9.0,1.0,7.0,0
31.0,2,311.0,1,20.0,3.0,1,1.0,1881.0,2.0,1,89.0,3.0,2.0,2,3.0,0,4197.0,18624.0,1.0,0,0,11.0,3.0,1.0,80.0,1.0,10.0,2.0,3.0,10.0,8.0,0.0,2.0,0
34.0,2,1480.0,2,4.0,3.0,1,1.0,1882.0,3.0,1,64.0,3.0,3.0,7,4.0,1,9713.0,24444.0,2.0,0,1,13.0,3.0,4.0,80.0,3.0,9.0,3.0,3.0,5.0,3.0,1.0,0.0,0
29.0,2,592.0,1,7.0,3.0,1,1.0,1883.0,4.0,1,59.0,3.0,1.0,2,1.0,2,2062.0,19384.0,3.0,0,0,14.0,3.0,2.0,80.0,0.0,11.0,2.0,3.0,3.0,2.0,1.0,2.0,0
37.0,2,783.0,1,7.0,4.0,3,1.0,1885.0,4.0,1,78.0,3.0,2.0,6,1.0,1,4284.0,13588.0,5.0,0,1,22.0,4.0,3.0,80.0,1.0,16.0,2.0,3.0,5.0,3.0,0.0,4.0,0
35.0,2,219.0,1,16.0,2.0,4,1.0,1886.0,4.0,0,44.0,2.0,2.0,4,2.0,1,4788.0,25388.0,0.0,0,1,11.0,3.0,4.0,80.0,0.0,4.0,2.0,3.0,3.0,2.0,0.0,2.0,0
45.0,2,556.0,1,25.0,2.0,1,1.0,1888.0,2.0,0,93.0,2.0,2.0,4,4.0,1,5906.0,23888.0,0.0,0,0,13.0,3.0,4.0,80.0,2.0,10.0,2.0,2.0,9.0,8.0,3.0,8.0,0
36.0,1,1213.0,0,2.0,1.0,0,1.0,1890.0,2.0,1,94.0,2.0,2.0,1,4.0,2,3886.0,4223.0,1.0,0,0,21.0,4.0,4.0,80.0,0.0,10.0,2.0,2.0,10.0,1.0,0.0,8.0,0
40.0,2,1137.0,1,1.0,4.0,1,1.0,1892.0,1.0,1,98.0,3.0,4.0,3,1.0,0,16823.0,18991.0,2.0,0,0,11.0,3.0,1.0,80.0,1.0,22.0,3.0,3.0,19.0,7.0,11.0,16.0,0
26.0,2,482.0,1,1.0,2.0,1,1.0,1893.0,2.0,0,90.0,2.0,1.0,6,3.0,1,2933.0,14908.0,1.0,0,1,13.0,3.0,3.0,80.0,1.0,1.0,3.0,2.0,1.0,0.0,1.0,0.0,0
27.0,2,511.0,2,2.0,2.0,3,1.0,1898.0,1.0,0,89.0,4.0,2.0,7,3.0,2,6500.0,26997.0,0.0,0,0,14.0,3.0,2.0,80.0,0.0,9.0,5.0,2.0,8.0,7.0,0.0,7.0,0
48.0,1,117.0,1,22.0,3.0,3,1.0,1900.0,4.0,0,58.0,3.0,4.0,3,4.0,0,17174.0,2437.0,3.0,0,0,11.0,3.0,2.0,80.0,1.0,24.0,3.0,3.0,22.0,17.0,4.0,7.0,0
44.0,2,170.0,1,1.0,4.0,1,1.0,1903.0,2.0,1,78.0,4.0,2.0,0,1.0,1,5033.0,9364.0,2.0,0,0,15.0,3.0,4.0,80.0,1.0,10.0,5.0,3.0,2.0,0.0,2.0,2.0,0
34.0,0,967.0,1,16.0,4.0,5,1.0,1905.0,4.0,1,85.0,1.0,1.0,6,1.0,1,2307.0,14460.0,1.0,0,1,23.0,4.0,2.0,80.0,1.0,5.0,2.0,3.0,5.0,2.0,3.0,0.0,1
56.0,2,1162.0,1,24.0,2.0,1,1.0,1907.0,1.0,1,97.0,3.0,1.0,2,4.0,2,2587.0,10261.0,1.0,0,0,16.0,3.0,4.0,80.0,0.0,5.0,3.0,3.0,4.0,2.0,1.0,0.0,1
36.0,2,335.0,2,17.0,2.0,2,1.0,1908.0,3.0,1,33.0,2.0,2.0,7,2.0,1,5507.0,16822.0,2.0,0,0,16.0,3.0,3.0,80.0,2.0,12.0,1.0,1.0,4.0,2.0,1.0,3.0,0
41.0,2,337.0,2,8.0,3.0,2,1.0,1909.0,3.0,0,54.0,3.0,2.0,7,2.0,1,4393.0,26841.0,5.0,0,0,21.0,4.0,3.0,80.0,1.0,14.0,3.0,3.0,5.0,4.0,1.0,4.0,0
42.0,2,1396.0,1,6.0,3.0,3,1.0,1911.0,3.0,1,83.0,3.0,3.0,5,1.0,1,13348.0,14842.0,9.0,0,0,13.0,3.0,2.0,80.0,1.0,18.0,3.0,4.0,13.0,7.0,5.0,7.0,0
31.0,2,1079.0,2,10.0,2.0,3,1.0,1912.0,3.0,0,86.0,3.0,2.0,7,4.0,0,6583.0,20115.0,2.0,0,1,11.0,3.0,4.0,80.0,1.0,8.0,2.0,3.0,5.0,2.0,1.0,4.0,0
34.0,2,735.0,2,3.0,1.0,3,1.0,1915.0,4.0,0,75.0,2.0,2.0,7,4.0,1,8103.0,16495.0,3.0,0,1,12.0,3.0,3.0,80.0,0.0,9.0,3.0,2.0,4.0,2.0,0.0,1.0,0
31.0,2,471.0,1,4.0,3.0,3,1.0,1916.0,1.0,0,62.0,4.0,1.0,2,3.0,0,3978.0,16031.0,8.0,0,0,12.0,3.0,2.0,80.0,1.0,4.0,0.0,2.0,2.0,2.0,2.0,2.0,0
26.0,1,1096.0,1,6.0,3.0,4,1.0,1918.0,3.0,1,61.0,4.0,1.0,2,4.0,1,2544.0,7102.0,0.0,0,0,18.0,3.0,1.0,80.0,1.0,8.0,3.0,3.0,7.0,7.0,7.0,7.0,0
45.0,1,1297.0,1,1.0,4.0,3,1.0,1922.0,2.0,1,44.0,3.0,2.0,0,3.0,2,5399.0,14511.0,4.0,0,0,12.0,3.0,3.0,80.0,0.0,12.0,3.0,3.0,4.0,2.0,0.0,3.0,0
33.0,2,217.0,2,10.0,4.0,2,1.0,1924.0,2.0,1,43.0,3.0,2.0,7,3.0,2,5487.0,10410.0,1.0,0,0,14.0,3.0,2.0,80.0,0.0,10.0,2.0,2.0,10.0,4.0,0.0,9.0,0
28.0,1,783.0,2,1.0,2.0,1,1.0,1927.0,3.0,1,42.0,2.0,2.0,7,4.0,1,6834.0,19255.0,1.0,0,1,12.0,3.0,3.0,80.0,1.0,7.0,2.0,3.0,7.0,7.0,0.0,7.0,0
29.0,1,746.0,2,24.0,3.0,5,1.0,1928.0,3.0,1,45.0,4.0,1.0,8,1.0,2,1091.0,10642.0,1.0,0,0,17.0,3.0,4.0,80.0,0.0,1.0,3.0,3.0,1.0,0.0,0.0,0.0,1
39.0,0,1251.0,2,21.0,4.0,1,1.0,1929.0,1.0,0,32.0,1.0,2.0,7,3.0,1,5736.0,3987.0,6.0,0,0,19.0,3.0,3.0,80.0,1.0,10.0,1.0,3.0,3.0,2.0,1.0,2.0,0
27.0,2,1354.0,1,2.0,4.0,5,1.0,1931.0,2.0,1,41.0,3.0,1.0,6,2.0,1,2226.0,6073.0,1.0,0,0,11.0,3.0,3.0,80.0,1.0,6.0,3.0,2.0,5.0,3.0,1.0,2.0,0
34.0,1,735.0,1,22.0,4.0,4,1.0,1932.0,3.0,1,86.0,2.0,2.0,6,4.0,1,5747.0,26496.0,1.0,0,1,15.0,3.0,2.0,80.0,0.0,16.0,3.0,3.0,15.0,10.0,6.0,11.0,0
28.0,2,1475.0,2,13.0,2.0,2,1.0,1933.0,4.0,0,84.0,3.0,2.0,7,3.0,2,9854.0,23352.0,3.0,0,1,11.0,3.0,4.0,80.0,0.0,6.0,0.0,3.0,2.0,0.0,2.0,2.0,1
47.0,0,1169.0,1,14.0,4.0,5,1.0,1934.0,3.0,1,64.0,3.0,2.0,6,2.0,1,5467.0,2125.0,8.0,0,0,18.0,3.0,3.0,80.0,1.0,16.0,4.0,4.0,8.0,7.0,1.0,7.0,0
56.0,2,1443.0,2,11.0,5.0,2,1.0,1935.0,4.0,0,89.0,2.0,2.0,7,1.0,1,5380.0,20328.0,4.0,0,0,16.0,3.0,3.0,80.0,1.0,6.0,3.0,3.0,0.0,0.0,0.0,0.0,0
39.0,2,867.0,1,9.0,2.0,3,1.0,1936.0,1.0,1,87.0,3.0,2.0,4,1.0,1,5151.0,12315.0,1.0,0,0,25.0,4.0,4.0,80.0,1.0,10.0,3.0,3.0,10.0,0.0,7.0,9.0,0
38.0,1,1394.0,1,8.0,3.0,3,1.0,1937.0,4.0,0,58.0,2.0,2.0,6,2.0,0,2133.0,18115.0,1.0,0,1,16.0,3.0,3.0,80.0,1.0,20.0,3.0,3.0,20.0,11.0,0.0,7.0,0
58.0,2,605.0,2,21.0,3.0,1,1.0,1938.0,4.0,0,72.0,3.0,4.0,3,4.0,1,17875.0,11761.0,4.0,0,1,13.0,3.0,3.0,80.0,1.0,29.0,2.0,2.0,1.0,0.0,0.0,0.0,0
32.0,1,238.0,1,5.0,2.0,1,1.0,1939.0,1.0,0,47.0,4.0,1.0,6,3.0,2,2432.0,15318.0,3.0,0,1,14.0,3.0,1.0,80.0,0.0,8.0,2.0,3.0,4.0,1.0,0.0,3.0,1
38.0,2,1206.0,1,9.0,2.0,1,1.0,1940.0,2.0,1,71.0,3.0,1.0,6,4.0,0,4771.0,14293.0,2.0,0,0,19.0,3.0,4.0,80.0,2.0,10.0,0.0,4.0,5.0,2.0,0.0,3.0,0
49.0,1,1064.0,1,2.0,1.0,1,1.0,1941.0,2.0,1,42.0,3.0,5.0,5,4.0,1,19161.0,13738.0,3.0,0,0,15.0,3.0,4.0,80.0,0.0,28.0,3.0,3.0,5.0,4.0,4.0,3.0,0
42.0,2,419.0,2,12.0,4.0,2,1.0,1943.0,2.0,1,77.0,3.0,2.0,7,4.0,0,5087.0,2900.0,3.0,0,1,12.0,3.0,3.0,80.0,2.0,14.0,4.0,3.0,0.0,0.0,0.0,0.0,0
27.0,1,1337.0,0,22.0,3.0,0,1.0,1944.0,1.0,0,58.0,2.0,1.0,1,2.0,1,2863.0,19555.0,1.0,0,0,12.0,3.0,1.0,80.0,0.0,1.0,2.0,3.0,1.0,0.0,0.0,0.0,1
35.0,2,682.0,2,18.0,4.0,3,1.0,1945.0,2.0,1,71.0,3.0,2.0,7,1.0,1,5561.0,15975.0,0.0,0,0,16.0,3.0,4.0,80.0,1.0,6.0,2.0,1.0,5.0,3.0,0.0,4.0,0
28.0,0,1103.0,1,16.0,3.0,3,1.0,1947.0,3.0,1,49.0,3.0,1.0,6,3.0,2,2144.0,2122.0,1.0,0,0,14.0,3.0,3.0,80.0,0.0,5.0,3.0,2.0,5.0,3.0,1.0,4.0,0
31.0,0,976.0,1,3.0,2.0,3,1.0,1948.0,3.0,1,48.0,3.0,1.0,6,1.0,0,3065.0,3995.0,1.0,0,1,13.0,3.0,4.0,80.0,1.0,4.0,3.0,4.0,4.0,2.0,2.0,3.0,0
36.0,0,1351.0,1,9.0,4.0,1,1.0,1949.0,1.0,1,66.0,4.0,1.0,2,2.0,1,2810.0,9238.0,1.0,0,0,22.0,4.0,2.0,80.0,0.0,5.0,3.0,3.0,5.0,4.0,0.0,2.0,0
34.0,2,937.0,2,1.0,3.0,2,1.0,1950.0,1.0,1,32.0,3.0,3.0,7,4.0,2,9888.0,6770.0,1.0,0,0,21.0,4.0,1.0,80.0,0.0,14.0,3.0,2.0,14.0,8.0,2.0,1.0,0
34.0,2,1239.0,2,13.0,4.0,3,1.0,1951.0,4.0,1,39.0,3.0,3.0,7,3.0,0,8628.0,22914.0,1.0,0,0,18.0,3.0,3.0,80.0,1.0,9.0,2.0,2.0,8.0,7.0,1.0,1.0,0
26.0,2,157.0,1,1.0,3.0,3,1.0,1952.0,3.0,1,95.0,3.0,1.0,2,1.0,2,2867.0,20006.0,0.0,0,0,13.0,3.0,4.0,80.0,0.0,8.0,6.0,2.0,7.0,7.0,7.0,6.0,0
29.0,2,136.0,1,1.0,3.0,1,1.0,1954.0,1.0,1,89.0,3.0,2.0,0,1.0,1,5373.0,6225.0,0.0,0,0,12.0,3.0,1.0,80.0,1.0,6.0,5.0,2.0,5.0,3.0,0.0,2.0,0
32.0,0,1146.0,1,15.0,4.0,3,1.0,1955.0,3.0,0,34.0,3.0,2.0,0,4.0,0,6667.0,16542.0,5.0,0,0,18.0,3.0,2.0,80.0,1.0,9.0,6.0,3.0,5.0,1.0,1.0,2.0,0
31.0,1,1125.0,1,1.0,3.0,1,1.0,1956.0,4.0,1,48.0,1.0,2.0,6,1.0,1,5003.0,5771.0,1.0,0,0,21.0,4.0,2.0,80.0,0.0,10.0,6.0,3.0,10.0,8.0,8.0,7.0,0
28.0,2,1404.0,1,17.0,3.0,5,1.0,1960.0,3.0,1,32.0,2.0,1.0,2,4.0,0,2367.0,18779.0,5.0,0,0,12.0,3.0,1.0,80.0,1.0,6.0,2.0,2.0,4.0,1.0,0.0,3.0,1
38.0,2,1404.0,2,1.0,3.0,1,1.0,1961.0,1.0,1,59.0,2.0,1.0,8,1.0,2,2858.0,11473.0,4.0,0,0,14.0,3.0,1.0,80.0,0.0,20.0,3.0,2.0,1.0,0.0,0.0,0.0,0
35.0,2,1224.0,2,7.0,4.0,1,1.0,1962.0,3.0,0,55.0,3.0,2.0,7,4.0,1,5204.0,13586.0,1.0,0,1,11.0,3.0,4.0,80.0,0.0,10.0,2.0,3.0,10.0,8.0,0.0,9.0,0
27.0,2,954.0,2,9.0,3.0,2,1.0,1965.0,4.0,1,44.0,3.0,2.0,7,4.0,2,4105.0,5099.0,1.0,0,0,14.0,3.0,1.0,80.0,0.0,7.0,5.0,3.0,7.0,7.0,0.0,7.0,0
32.0,2,1373.0,1,5.0,4.0,1,1.0,1966.0,4.0,1,56.0,2.0,2.0,4,4.0,2,9679.0,10138.0,8.0,0,0,24.0,4.0,2.0,80.0,0.0,8.0,1.0,3.0,1.0,0.0,0.0,0.0,0
31.0,1,754.0,2,26.0,4.0,2,1.0,1967.0,1.0,1,63.0,3.0,2.0,7,4.0,1,5617.0,21075.0,1.0,0,1,11.0,3.0,3.0,80.0,0.0,10.0,4.0,3.0,10.0,7.0,0.0,8.0,1
53.0,2,1168.0,2,24.0,4.0,1,1.0,1968.0,1.0,1,66.0,3.0,3.0,7,1.0,2,10448.0,5843.0,6.0,0,1,13.0,3.0,2.0,80.0,0.0,15.0,2.0,2.0,2.0,2.0,2.0,2.0,1
54.0,2,155.0,1,9.0,2.0,1,1.0,1969.0,1.0,0,67.0,3.0,2.0,6,3.0,1,2897.0,22474.0,3.0,0,0,11.0,3.0,3.0,80.0,2.0,9.0,6.0,2.0,4.0,3.0,2.0,3.0,0
33.0,1,1303.0,1,7.0,2.0,1,1.0,1970.0,4.0,1,36.0,3.0,2.0,0,3.0,0,5968.0,18079.0,1.0,0,0,20.0,4.0,3.0,80.0,3.0,9.0,2.0,3.0,9.0,7.0,2.0,8.0,0
43.0,2,574.0,1,11.0,3.0,1,1.0,1971.0,1.0,1,30.0,3.0,3.0,0,3.0,1,7510.0,16873.0,1.0,0,0,17.0,3.0,2.0,80.0,1.0,10.0,1.0,3.0,10.0,9.0,0.0,9.0,0
38.0,1,1444.0,0,1.0,4.0,4,1.0,1972.0,4.0,1,88.0,3.0,1.0,1,2.0,1,2991.0,5224.0,0.0,0,1,11.0,3.0,2.0,80.0,1.0,7.0,2.0,3.0,6.0,2.0,1.0,2.0,0
55.0,2,189.0,0,26.0,4.0,0,1.0,1973.0,3.0,1,71.0,4.0,5.0,3,2.0,1,19636.0,25811.0,4.0,0,1,18.0,3.0,1.0,80.0,1.0,35.0,0.0,3.0,10.0,9.0,1.0,4.0,0
31.0,2,1276.0,1,2.0,1.0,3,1.0,1974.0,4.0,0,59.0,1.0,1.0,2,4.0,0,1129.0,17536.0,1.0,0,1,11.0,3.0,3.0,80.0,3.0,1.0,4.0,3.0,1.0,0.0,0.0,0.0,0
39.0,2,119.0,2,15.0,4.0,2,1.0,1975.0,2.0,1,77.0,3.0,4.0,7,1.0,2,13341.0,25098.0,0.0,0,0,12.0,3.0,1.0,80.0,0.0,21.0,3.0,3.0,20.0,8.0,11.0,10.0,0
42.0,0,335.0,1,23.0,2.0,1,1.0,1976.0,4.0,1,37.0,2.0,2.0,6,3.0,2,4332.0,14811.0,1.0,0,0,12.0,3.0,4.0,80.0,0.0,20.0,2.0,3.0,20.0,9.0,3.0,7.0,0
31.0,0,697.0,1,10.0,3.0,3,1.0,1979.0,3.0,0,40.0,3.0,3.0,5,3.0,1,11031.0,26862.0,4.0,0,0,20.0,4.0,3.0,80.0,1.0,13.0,2.0,4.0,11.0,7.0,4.0,8.0,0
54.0,2,157.0,1,10.0,3.0,3,1.0,1980.0,3.0,0,77.0,3.0,2.0,4,1.0,2,4440.0,25198.0,6.0,0,1,19.0,3.0,4.0,80.0,0.0,9.0,3.0,3.0,5.0,2.0,1.0,4.0,0
24.0,2,771.0,1,1.0,2.0,1,1.0,1981.0,2.0,1,45.0,2.0,2.0,0,3.0,2,4617.0,14120.0,1.0,0,0,12.0,3.0,2.0,80.0,0.0,4.0,2.0,2.0,4.0,3.0,1.0,2.0,0
23.0,2,571.0,1,12.0,2.0,4,1.0,1982.0,4.0,1,78.0,3.0,1.0,2,4.0,2,2647.0,13672.0,1.0,0,0,13.0,3.0,3.0,80.0,0.0,5.0,6.0,4.0,5.0,2.0,1.0,4.0,0
40.0,1,692.0,1,11.0,3.0,5,1.0,1985.0,4.0,0,73.0,3.0,2.0,2,3.0,1,6323.0,26849.0,1.0,0,0,11.0,3.0,1.0,80.0,1.0,10.0,2.0,4.0,10.0,9.0,9.0,4.0,0
40.0,2,444.0,2,2.0,2.0,2,1.0,1986.0,2.0,0,92.0,3.0,2.0,7,2.0,1,5677.0,4258.0,3.0,0,0,14.0,3.0,3.0,80.0,1.0,15.0,4.0,3.0,11.0,8.0,5.0,10.0,0
25.0,2,309.0,0,2.0,3.0,0,1.0,1987.0,3.0,0,82.0,3.0,1.0,1,2.0,1,2187.0,19655.0,4.0,0,0,14.0,3.0,3.0,80.0,0.0,6.0,3.0,3.0,2.0,0.0,1.0,2.0,0
30.0,2,911.0,1,1.0,2.0,3,1.0,1989.0,4.0,1,76.0,3.0,1.0,2,2.0,1,3748.0,4077.0,1.0,0,0,13.0,3.0,3.0,80.0,0.0,12.0,6.0,2.0,12.0,8.0,1.0,7.0,0
25.0,2,977.0,1,2.0,1.0,4,1.0,1992.0,4.0,1,57.0,3.0,1.0,2,3.0,0,3977.0,7298.0,6.0,0,1,19.0,3.0,3.0,80.0,1.0,7.0,2.0,2.0,2.0,2.0,0.0,2.0,0
47.0,2,1180.0,1,25.0,3.0,3,1.0,1993.0,1.0,1,84.0,3.0,3.0,0,3.0,2,8633.0,13084.0,2.0,0,0,23.0,4.0,2.0,80.0,0.0,25.0,3.0,3.0,17.0,14.0,12.0,11.0,0
33.0,0,1313.0,1,1.0,2.0,3,1.0,1994.0,2.0,1,59.0,2.0,1.0,2,3.0,0,2008.0,20439.0,1.0,0,0,12.0,3.0,3.0,80.0,3.0,1.0,2.0,2.0,1.0,1.0,0.0,0.0,0
38.0,2,1321.0,2,1.0,4.0,1,1.0,1995.0,4.0,1,86.0,3.0,2.0,7,2.0,1,4440.0,7636.0,0.0,0,0,15.0,3.0,1.0,80.0,2.0,16.0,3.0,3.0,15.0,13.0,5.0,8.0,0
31.0,2,1154.0,2,2.0,2.0,1,1.0,1996.0,1.0,1,54.0,3.0,1.0,8,3.0,1,3067.0,6393.0,0.0,0,0,19.0,3.0,3.0,80.0,1.0,3.0,1.0,3.0,2.0,2.0,1.0,2.0,0
38.0,1,508.0,1,6.0,4.0,1,1.0,1997.0,1.0,1,72.0,2.0,2.0,4,3.0,1,5321.0,14284.0,2.0,0,0,11.0,3.0,4.0,80.0,1.0,10.0,1.0,3.0,8.0,3.0,7.0,7.0,0
42.0,2,557.0,1,18.0,4.0,1,1.0,1998.0,4.0,1,35.0,3.0,2.0,6,1.0,0,5410.0,11189.0,6.0,0,1,17.0,3.0,3.0,80.0,1.0,9.0,3.0,2.0,4.0,3.0,1.0,2.0,0
41.0,2,642.0,1,1.0,3.0,1,1.0,1999.0,4.0,1,76.0,3.0,1.0,6,4.0,1,2782.0,21412.0,3.0,0,0,22.0,4.0,1.0,80.0,1.0,12.0,3.0,3.0,5.0,3.0,1.0,0.0,0
47.0,0,1162.0,1,1.0,1.0,3,1.0,2000.0,3.0,0,98.0,3.0,3.0,5,2.0,1,11957.0,17231.0,0.0,0,0,18.0,3.0,1.0,80.0,2.0,14.0,3.0,1.0,13.0,8.0,5.0,12.0,0
35.0,2,1490.0,1,11.0,4.0,3,1.0,2003.0,4.0,1,43.0,3.0,1.0,2,3.0,1,2660.0,20232.0,7.0,0,1,11.0,3.0,3.0,80.0,1.0,5.0,3.0,3.0,2.0,2.0,2.0,2.0,0
22.0,2,581.0,1,1.0,2.0,1,1.0,2007.0,4.0,1,63.0,3.0,1.0,6,3.0,2,3375.0,17624.0,0.0,0,0,12.0,3.0,4.0,80.0,0.0,4.0,2.0,4.0,3.0,2.0,1.0,2.0,0
35.0,2,1395.0,1,9.0,4.0,3,1.0,2008.0,2.0,1,48.0,3.0,2.0,6,3.0,2,5098.0,18698.0,1.0,0,0,19.0,3.0,2.0,80.0,0.0,10.0,5.0,3.0,10.0,7.0,0.0,8.0,0
33.0,2,501.0,1,15.0,2.0,3,1.0,2009.0,2.0,0,95.0,3.0,2.0,0,4.0,1,4878.0,21653.0,0.0,0,1,13.0,3.0,1.0,80.0,1.0,10.0,6.0,3.0,9.0,7.0,8.0,1.0,0
32.0,2,267.0,1,29.0,4.0,1,1.0,2010.0,3.0,0,49.0,2.0,1.0,2,2.0,2,2837.0,15919.0,1.0,0,0,13.0,3.0,3.0,80.0,0.0,6.0,3.0,3.0,6.0,2.0,4.0,1.0,0
40.0,2,543.0,1,1.0,4.0,1,1.0,2012.0,1.0,1,83.0,3.0,1.0,2,4.0,1,2406.0,4060.0,8.0,0,0,19.0,3.0,3.0,80.0,2.0,8.0,3.0,2.0,1.0,0.0,0.0,0.0,0
32.0,2,234.0,2,1.0,4.0,3,1.0,2013.0,2.0,1,68.0,2.0,1.0,8,2.0,1,2269.0,18024.0,0.0,0,0,14.0,3.0,2.0,80.0,1.0,3.0,2.0,3.0,2.0,2.0,2.0,2.0,0
39.0,2,116.0,1,24.0,1.0,1,1.0,2014.0,1.0,1,52.0,3.0,2.0,6,4.0,2,4108.0,5340.0,7.0,0,0,13.0,3.0,1.0,80.0,0.0,18.0,2.0,3.0,7.0,7.0,1.0,7.0,0
38.0,2,201.0,1,10.0,3.0,3,1.0,2015.0,2.0,0,99.0,1.0,3.0,5,3.0,1,13206.0,3376.0,3.0,0,0,12.0,3.0,1.0,80.0,1.0,20.0,3.0,3.0,18.0,16.0,1.0,11.0,0
32.0,2,801.0,2,1.0,4.0,2,1.0,2016.0,3.0,0,48.0,3.0,3.0,7,4.0,1,10422.0,24032.0,1.0,0,0,19.0,3.0,3.0,80.0,2.0,14.0,3.0,3.0,14.0,10.0,5.0,7.0,0
37.0,2,161.0,1,10.0,3.0,1,1.0,2017.0,3.0,0,42.0,4.0,3.0,5,4.0,1,13744.0,15471.0,1.0,0,1,25.0,4.0,1.0,80.0,1.0,16.0,2.0,3.0,16.0,11.0,6.0,8.0,0
25.0,2,1382.0,2,8.0,2.0,4,1.0,2018.0,1.0,0,85.0,3.0,2.0,7,3.0,0,4907.0,13684.0,0.0,0,1,22.0,4.0,2.0,80.0,1.0,6.0,3.0,2.0,5.0,3.0,0.0,4.0,0
52.0,0,585.0,2,29.0,4.0,1,1.0,2019.0,1.0,1,40.0,3.0,1.0,8,4.0,0,3482.0,19788.0,2.0,0,0,15.0,3.0,2.0,80.0,2.0,16.0,3.0,2.0,9.0,8.0,0.0,0.0,0
44.0,2,1037.0,1,1.0,3.0,3,1.0,2020.0,2.0,1,42.0,3.0,1.0,6,4.0,2,2436.0,13422.0,6.0,0,1,12.0,3.0,3.0,80.0,0.0,6.0,2.0,3.0,4.0,3.0,1.0,2.0,0
21.0,2,501.0,2,5.0,1.0,3,1.0,2021.0,3.0,1,58.0,3.0,1.0,8,1.0,2,2380.0,25479.0,1.0,0,1,11.0,3.0,4.0,80.0,0.0,2.0,6.0,3.0,2.0,2.0,1.0,2.0,0
39.0,0,105.0,1,9.0,3.0,1,1.0,2022.0,4.0,1,87.0,3.0,5.0,3,4.0,2,19431.0,15302.0,2.0,0,0,13.0,3.0,3.0,80.0,0.0,21.0,3.0,2.0,6.0,0.0,1.0,3.0,0
23.0,1,638.0,2,9.0,3.0,2,1.0,2023.0,4.0,1,33.0,3.0,1.0,8,1.0,1,1790.0,26956.0,1.0,0,0,19.0,3.0,1.0,80.0,1.0,1.0,3.0,2.0,1.0,0.0,1.0,0.0,1
36.0,2,557.0,2,3.0,3.0,3,1.0,2024.0,1.0,0,94.0,2.0,3.0,7,4.0,1,7644.0,12695.0,0.0,0,0,19.0,3.0,3.0,80.0,2.0,10.0,2.0,3.0,9.0,7.0,3.0,4.0,0
36.0,1,688.0,1,4.0,2.0,1,1.0,2025.0,4.0,0,97.0,3.0,2.0,4,2.0,0,5131.0,9192.0,7.0,0,0,13.0,3.0,2.0,80.0,3.0,18.0,3.0,3.0,4.0,2.0,0.0,2.0,0
56.0,0,667.0,1,1.0,4.0,1,1.0,2026.0,3.0,1,57.0,3.0,2.0,0,3.0,0,6306.0,26236.0,1.0,0,0,21.0,4.0,1.0,80.0,1.0,13.0,2.0,2.0,13.0,12.0,1.0,9.0,0
29.0,2,1092.0,1,1.0,4.0,3,1.0,2027.0,1.0,1,36.0,3.0,1.0,6,4.0,1,4787.0,26124.0,9.0,0,1,14.0,3.0,2.0,80.0,3.0,4.0,3.0,4.0,2.0,2.0,2.0,2.0,1
42.0,2,300.0,1,2.0,3.0,1,1.0,2031.0,1.0,1,56.0,3.0,5.0,3,3.0,1,18880.0,17312.0,5.0,0,0,11.0,3.0,1.0,80.0,0.0,24.0,2.0,2.0,22.0,6.0,4.0,14.0,0
56.0,2,310.0,1,7.0,2.0,5,1.0,2032.0,4.0,1,72.0,3.0,1.0,2,3.0,1,2339.0,3666.0,8.0,0,0,11.0,3.0,4.0,80.0,1.0,14.0,4.0,1.0,10.0,9.0,9.0,8.0,1
41.0,2,582.0,1,28.0,4.0,1,1.0,2034.0,1.0,0,60.0,2.0,4.0,4,2.0,1,13570.0,5640.0,0.0,0,0,23.0,4.0,3.0,80.0,1.0,21.0,3.0,3.0,20.0,7.0,0.0,10.0,0
34.0,2,704.0,2,28.0,3.0,2,1.0,2035.0,4.0,0,95.0,2.0,2.0,7,3.0,1,6712.0,8978.0,1.0,0,0,21.0,4.0,4.0,80.0,2.0,8.0,2.0,3.0,8.0,7.0,1.0,7.0,0
36.0,0,301.0,2,15.0,4.0,2,1.0,2036.0,4.0,1,88.0,1.0,2.0,7,4.0,0,5406.0,10436.0,1.0,0,0,24.0,4.0,1.0,80.0,1.0,15.0,4.0,2.0,15.0,12.0,11.0,11.0,0
41.0,2,930.0,2,3.0,3.0,1,1.0,2037.0,3.0,1,57.0,2.0,2.0,7,2.0,0,8938.0,12227.0,2.0,0,0,11.0,3.0,3.0,80.0,1.0,14.0,5.0,3.0,5.0,4.0,0.0,4.0,0
32.0,2,529.0,1,2.0,3.0,5,1.0,2038.0,4.0,1,78.0,3.0,1.0,6,1.0,2,2439.0,11288.0,1.0,0,0,14.0,3.0,4.0,80.0,0.0,4.0,4.0,3.0,4.0,2.0,1.0,2.0,0
35.0,2,1146.0,0,26.0,4.0,1,1.0,2040.0,3.0,0,31.0,3.0,3.0,1,4.0,2,8837.0,16642.0,1.0,0,1,16.0,3.0,3.0,80.0,0.0,9.0,2.0,3.0,9.0,0.0,1.0,7.0,0
38.0,2,345.0,2,10.0,2.0,1,1.0,2041.0,1.0,0,100.0,3.0,2.0,7,4.0,1,5343.0,5982.0,1.0,0,0,11.0,3.0,3.0,80.0,1.0,10.0,1.0,3.0,10.0,7.0,1.0,9.0,0
50.0,1,878.0,2,1.0,4.0,1,1.0,2044.0,2.0,1,94.0,3.0,2.0,7,3.0,0,6728.0,14255.0,7.0,0,0,12.0,3.0,4.0,80.0,2.0,12.0,3.0,3.0,6.0,3.0,0.0,1.0,1
36.0,2,1120.0,2,11.0,4.0,2,1.0,2045.0,2.0,0,100.0,2.0,2.0,7,4.0,1,6652.0,14369.0,4.0,0,0,13.0,3.0,1.0,80.0,1.0,8.0,2.0,2.0,6.0,3.0,0.0,0.0,0
45.0,2,374.0,2,20.0,3.0,1,1.0,2046.0,4.0,0,50.0,3.0,2.0,7,3.0,2,4850.0,23333.0,8.0,0,0,15.0,3.0,3.0,80.0,0.0,8.0,3.0,3.0,5.0,3.0,0.0,1.0,0
40.0,2,1322.0,1,2.0,4.0,1,1.0,2048.0,3.0,1,52.0,2.0,1.0,6,3.0,2,2809.0,2725.0,2.0,0,0,14.0,3.0,4.0,80.0,0.0,8.0,2.0,3.0,2.0,2.0,2.0,2.0,0
35.0,1,1199.0,1,18.0,4.0,1,1.0,2049.0,3.0,1,80.0,3.0,2.0,0,3.0,1,5689.0,24594.0,1.0,0,1,14.0,3.0,4.0,80.0,2.0,10.0,2.0,4.0,10.0,2.0,0.0,2.0,0
40.0,2,1194.0,1,2.0,4.0,3,1.0,2051.0,3.0,0,98.0,3.0,1.0,6,3.0,1,2001.0,12549.0,2.0,0,0,14.0,3.0,2.0,80.0,3.0,20.0,2.0,3.0,5.0,3.0,0.0,2.0,0
35.0,2,287.0,1,1.0,4.0,1,1.0,2052.0,3.0,0,62.0,1.0,1.0,6,4.0,1,2977.0,8952.0,1.0,0,0,12.0,3.0,4.0,80.0,1.0,4.0,5.0,3.0,4.0,3.0,1.0,1.0,0
29.0,2,1378.0,1,13.0,2.0,4,1.0,2053.0,4.0,1,46.0,2.0,2.0,2,2.0,1,4025.0,23679.0,4.0,0,1,13.0,3.0,1.0,80.0,1.0,10.0,2.0,3.0,4.0,3.0,0.0,3.0,0
29.0,2,468.0,1,28.0,4.0,3,1.0,2054.0,4.0,0,73.0,2.0,1.0,6,1.0,2,3785.0,8489.0,1.0,0,0,14.0,3.0,2.0,80.0,0.0,5.0,3.0,1.0,5.0,4.0,0.0,4.0,0
50.0,2,410.0,2,28.0,3.0,2,1.0,2055.0,4.0,1,39.0,2.0,3.0,7,1.0,0,10854.0,16586.0,4.0,0,1,13.0,3.0,2.0,80.0,1.0,20.0,3.0,3.0,3.0,2.0,2.0,0.0,1
39.0,2,722.0,2,24.0,1.0,2,1.0,2056.0,2.0,0,60.0,2.0,4.0,7,4.0,1,12031.0,8828.0,0.0,0,0,11.0,3.0,1.0,80.0,1.0,21.0,2.0,2.0,20.0,9.0,9.0,6.0,0
31.0,0,325.0,1,5.0,3.0,3,1.0,2057.0,2.0,1,74.0,3.0,2.0,4,1.0,2,9936.0,3787.0,0.0,0,0,19.0,3.0,2.0,80.0,0.0,10.0,2.0,3.0,9.0,4.0,1.0,7.0,0
26.0,2,1167.0,2,5.0,3.0,4,1.0,2060.0,4.0,0,30.0,2.0,1.0,8,3.0,2,2966.0,21378.0,0.0,0,0,18.0,3.0,4.0,80.0,0.0,5.0,2.0,3.0,4.0,2.0,0.0,0.0,0
36.0,1,884.0,1,23.0,2.0,3,1.0,2061.0,3.0,1,41.0,4.0,2.0,2,4.0,1,2571.0,12290.0,4.0,0,0,17.0,3.0,3.0,80.0,1.0,17.0,3.0,3.0,5.0,2.0,0.0,3.0,0
39.0,2,613.0,1,6.0,1.0,3,1.0,2062.0,4.0,1,42.0,2.0,3.0,0,1.0,1,9991.0,21457.0,4.0,0,0,15.0,3.0,1.0,80.0,1.0,9.0,5.0,3.0,7.0,7.0,1.0,7.0,0
27.0,2,155.0,1,4.0,3.0,1,1.0,2064.0,2.0,1,87.0,4.0,2.0,4,2.0,1,6142.0,5174.0,1.0,0,1,20.0,4.0,2.0,80.0,1.0,6.0,0.0,3.0,6.0,2.0,0.0,3.0,0
49.0,1,1023.0,2,2.0,3.0,3,1.0,2065.0,4.0,1,63.0,2.0,2.0,7,2.0,1,5390.0,13243.0,2.0,0,0,14.0,3.0,4.0,80.0,0.0,17.0,3.0,2.0,9.0,6.0,0.0,8.0,0
34.0,2,628.0,1,8.0,3.0,3,1.0,2068.0,2.0,1,82.0,4.0,2.0,2,3.0,1,4404.0,10228.0,2.0,0,0,12.0,3.0,1.0,80.0,0.0,6.0,3.0,4.0,4.0,3.0,1.0,2.0,0
