Age,TotalWorkingYears,MonthlyIncome,YearsAtCompany,KMeansPlusPlus_Cluster
0.4463504035345031,-0.4216424583593375,-0.1083495135106711,-0.1646131090542286,1
1.3223652142096962,-0.1645114009902331,-0.2917185899565742,0.4885077284888646,1
0.0083429981969065,-0.5502079870438897,-0.9376536912260358,-1.1442943653688686,1
-0.42966440714069,-0.4216424583593375,-0.7636336754564013,0.161947309717318,1
-1.0866755151470848,-0.678773515728442,-0.6448581091374443,-0.8177339465973219,1
-0.5391662584750891,-0.4216424583593375,-0.7298495698307945,-0.0013328996684553,1
2.4173837275536876,0.0926196563788712,-0.814416073220678,-0.9810141559830952,1
-0.7581699611438873,-1.3216011591512031,-0.8095290642308104,-0.9810141559830952,1
0.1178448495313057,-0.1645114009902331,0.6423375630633446,0.3252275191030913,1
-0.1011588531374925,0.7354472998016324,-0.2689833742211031,-0.0013328996684553,1
-0.2106607044718917,-0.678773515728442,-0.8662608642436216,-0.3278933184400019,1
-0.8676718124782865,-0.1645114009902331,-0.4908110866307471,0.3252275191030913,1
-0.6486681098094882,-0.8073390444129942,-0.7632087181529345,-0.3278933184400019,1
-0.3201625558062908,-1.0644701017820986,-0.8163283810862784,-0.8177339465973219,1
-0.9771736638126856,-0.678773515728442,-0.9508273676335052,-0.4911735278257753,1
-0.8676718124782865,-0.1645114009902331,0.738802870950297,0.4885077284888646,1
-0.5391662584750891,-0.5502079870438897,-0.6809794799321182,-0.1646131090542286,1
-1.6341847718190805,-1.3216011591512031,-0.7581092305113335,-0.9810141559830952,1
1.7603726195472926,2.535364701385363,1.8961740869419936,2.9377108692754645,2
0.1178448495313057,-0.678773515728442,-0.5437182709123576,-0.6544537372115486,1
-1.4151810691502822,-0.8073390444129942,-0.5294822012462215,-0.4911735278257753,1
-0.1011588531374925,-0.1645114009902331,-0.6578193068931802,-0.3278933184400019,1
-0.3201625558062908,0.2211851850634235,1.1667348755413154,0.8150681472604113,1
-1.7436866231534796,-1.4501666878357553,-1.119960374413272,-1.1442943653688686,1
-0.3201625558062908,-0.4216424583593375,-0.7527972642179991,-0.4911735278257753,1
1.7603726195472926,1.8925370579626024,2.6753333028482813,1.141628566031958,2
-0.5391662584750891,-0.1645114009902331,-0.549030237205692,0.4885077284888646,1
0.5558522548689022,-0.1645114009902331,0.0684327247314972,0.3252275191030913,1
0.7748559575377005,1.6354060005934978,0.7957471496148416,2.447870241118145,2
0.9938596602064989,1.3782749432243937,2.644098941043475,-0.8177339465973219,2
-0.42966440714069,-0.5502079870438897,-0.8513873586222853,-0.9810141559830952,1
0.7748559575377005,-0.2930769296747854,-0.0080595898925179,-0.4911735278257753,1
-0.7581699611438873,-0.1645114009902331,-0.9130061676249642,0.4885077284888646,1
0.2273467008657048,0.9925783571707368,-0.9385036058329692,-0.9810141559830952,1
-1.4151810691502822,-0.678773515728442,-0.8945205249241606,-0.8177339465973219,1
0.6653541062033014,-0.678773515728442,-0.8197280395140124,-0.3278933184400019,1
1.4318670655440953,-1.0644701017820986,-0.8116538507481441,-0.6544537372115486,1
-0.2106607044718917,-1.193035630466651,-0.9538020687577724,-0.8177339465973219,1
-0.1011588531374925,-0.678773515728442,-0.6552695630723797,-0.9810141559830952,1
-0.42966440714069,-0.1645114009902331,-0.2394488416301638,-0.3278933184400019,1
-0.2106607044718917,-1.3216011591512031,-0.967188223816975,-0.9810141559830952,1
-1.0866755151470848,-1.3216011591512031,-0.8843215496409585,-0.9810141559830952,1
-1.196177366481484,-1.3216011591512031,-0.8945205249241606,-0.9810141559830952,1
-1.0866755151470848,-0.2930769296747854,0.4723546416766441,0.3252275191030913,1
-0.7581699611438873,0.0926196563788712,-0.5294822012462215,0.8150681472604113,1
0.4463504035345031,1.5068404719089457,2.7711611747800338,2.447870241118145,2
-0.3201625558062908,-0.1645114009902331,-0.4111315922307312,0.3252275191030913,1
0.0083429981969065,-0.4216424583593375,-0.7396235878105298,-0.9810141559830952,1
0.9938596602064989,0.3497507137479757,-0.1553072955437471,0.3252275191030913,1
-0.2106607044718917,-1.3216011591512031,-0.8996200125657616,-0.9810141559830952,1
1.2128633628752972,1.5068404719089457,-0.2383864483714969,-0.9810141559830952,1
-0.9771736638126856,-1.193035630466651,-0.6505950327342455,-0.8177339465973219,1
0.7748559575377005,-0.2930769296747854,-0.2228755067949605,-0.4911735278257753,1
-0.2106607044718917,-0.1645114009902331,0.7184049203838929,-0.4911735278257753,1
-1.196177366481484,-0.8073390444129942,-0.4984603180931486,-0.8177339465973219,1
-0.42966440714069,0.4783162424325279,1.477803621678977,1.304908775417731,2
-0.2106607044718917,-0.2930769296747854,0.5452348192211919,0.3252275191030913,1
-0.2106607044718917,-0.9359045730975464,-0.5288447652910213,-0.8177339465973219,1
-0.6486681098094882,-0.1645114009902331,-0.1249228483458744,-0.0013328996684553,1
0.0083429981969065,-0.5502079870438897,-0.1083495135106711,-0.0013328996684553,1
-0.5391662584750891,-0.2930769296747854,-0.0724406213677307,0.3252275191030913,1
0.1178448495313057,-0.1645114009902331,-0.8705104372782891,0.4885077284888646,1
1.4318670655440953,2.2782336440162587,2.6001158601346663,3.264271288047011,2
2.4173837275536876,2.1496681153317065,0.2409653899389981,2.284590031732371,2
-0.1011588531374925,0.7354472998016324,0.7634503945513685,1.6314691941892778,2
1.979376322216091,1.2497094145398413,1.7536009116288984,-0.3278933184400019,2
-0.1011588531374925,-0.678773515728442,-0.0008353157335831,-0.1646131090542286,1
0.8843578088720997,1.76397152927805,0.6844083361065528,-0.9810141559830952,2
-0.2106607044718917,-0.8073390444129942,-0.9155559114457648,-0.6544537372115486,1
-0.1011588531374925,-1.193035630466651,-0.6618564012761143,-0.9810141559830952,1
2.4173837275536876,1.121143885855289,-0.2188384124120264,-0.4911735278257753,2
-0.8676718124782865,-0.678773515728442,-0.8074042777134766,-0.3278933184400019,1
-0.6486681098094882,-1.3216011591512031,-0.8503249653636185,-0.9810141559830952,1
-0.5391662584750891,-0.1645114009902331,-0.0601168595671949,0.4885077284888646,1
-0.1011588531374925,-0.8073390444129942,-0.7362239293827958,-0.9810141559830952,1
-0.6486681098094882,-0.0359458723056809,-0.4417285180803373,0.651787937874638,1
-0.2106607044718917,0.6068817711170802,-0.4655261270744754,1.304908775417731,1
0.8843578088720997,0.7354472998016324,1.432545668859768,-1.1442943653688686,2
0.0083429981969065,0.6068817711170802,1.5215742239360524,-0.3278933184400019,2
0.9938596602064989,0.6068817711170802,-0.3148787629955121,-0.4911735278257753,1
-0.7581699611438873,-0.1645114009902331,-0.2925685045635077,0.4885077284888646,1
-0.2106607044718917,-0.678773515728442,-0.77425760804307,-0.1646131090542286,1
1.979376322216091,1.6354060005934978,0.7938348417492412,-0.9810141559830952,2
0.1178448495313057,0.7354472998016324,-0.2494353382616325,0.9783483566461848,1
-0.3201625558062908,-0.8073390444129942,-0.4627639046019415,-0.3278933184400019,1
2.08887817355049,3.3067578734926766,0.1608609382355156,-0.1646131090542286,2
-1.5246829204846812,-1.0644701017820986,-0.8883586440238926,-1.1442943653688686,1
1.5413689168784943,-0.1645114009902331,-0.9408408710020364,-0.4911735278257753,1
-0.7581699611438873,-0.0359458723056809,-0.4995227113518155,0.651787937874638,1
0.9938596602064989,-0.2930769296747854,0.6620980776745484,0.3252275191030913,1
0.3368485522001039,1.3782749432243937,1.487365161006979,2.447870241118145,2
1.5413689168784943,-0.0359458723056809,-0.2256377292674944,0.4885077284888646,1
-0.7581699611438873,-0.0359458723056809,-0.2749327764696376,0.651787937874638,1
0.9938596602064989,1.2497094145398413,0.8860505766015262,0.4885077284888646,2
-0.5391662584750891,0.0926196563788712,-0.3172160281645793,0.651787937874638,1
1.869874470881692,0.6068817711170802,1.497139178986714,-0.4911735278257753,2
-1.4151810691502822,-0.9359045730975464,-0.3195532933336464,-0.6544537372115486,1
-0.9771736638126856,-0.8073390444129942,-0.4848616843822125,-0.3278933184400019,1
2.3078818762192883,3.4353234021772288,1.5657697834965945,4.897073381904744,2
0.7748559575377005,0.7354472998016324,-0.9478526665092378,-0.6544537372115486,1
0.0083429981969065,-0.5502079870438897,-0.9412658283055032,-0.6544537372115486,1
-0.5391662584750891,-1.3216011591512031,-0.7536471788249326,-0.9810141559830952,1
-1.8531884744878788,-1.3216011591512031,-0.7600215383769339,-0.9810141559830952,1
-0.3201625558062908,0.6068817711170802,-0.3599242371629877,1.4681889848035046,1
0.0083429981969065,0.7354472998016324,-0.2847067944493728,-0.9810141559830952,1
2.4173837275536876,2.406799172700811,2.6222136399149374,-0.6544537372115486,2
1.4318670655440953,2.1496681153317065,2.4794279859501094,0.161947309717318,2
-1.3056792178158831,-0.678773515728442,-0.1612566977922816,-0.1646131090542286,1
-1.3056792178158831,-1.193035630466651,-0.7678832484910688,-0.8177339465973219,1
-1.6341847718190805,-1.3216011591512031,-0.7717078642222696,-1.1442943653688686,1
1.5413689168784943,1.5068404719089457,0.2084561562237917,0.9783483566461848,2
-0.3201625558062908,-0.2930769296747854,-0.0911387427202677,0.3252275191030913,1
1.869874470881692,1.5068404719089457,2.3000960038871403,-0.3278933184400019,2
-1.4151810691502822,-0.678773515728442,-0.7923182934404069,-0.3278933184400019,1
-0.3201625558062908,0.0926196563788712,-0.4245177472899339,-0.9810141559830952,1
0.0083429981969065,0.0926196563788712,0.1965573517267227,-0.3278933184400019,1
-0.3201625558062908,0.3497507137479757,1.0896051249621,0.651787937874638,1
-0.1011588531374925,-0.1645114009902331,0.6873830372308202,0.3252275191030913,1
-0.1011588531374925,-0.5502079870438897,-0.779357095684671,-0.9810141559830952,1
0.6653541062033014,1.76397152927805,2.2216913813975245,2.9377108692754645,2
-0.7581699611438873,-0.1645114009902331,-0.8265273563694804,0.4885077284888646,1
-0.42966440714069,-0.4216424583593375,-0.0758402797954647,-0.0013328996684553,1
2.08887817355049,-0.5502079870438897,-0.3272025247960479,-0.3278933184400019,1
1.5413689168784943,1.5068404719089457,2.769461345566167,2.1213098223465976,2
-0.6486681098094882,0.0926196563788712,-0.0703158348503969,-0.0013328996684553,1
-1.196177366481484,-0.8073390444129942,-0.8785846260441574,-0.3278933184400019,1
2.3078818762192883,3.692454459546333,0.8093457833257777,5.386914010062064,2
-1.962690325822278,-1.4501666878357553,-1.0258323316953866,-1.1442943653688686,1
-1.6341847718190805,-1.0644701017820986,-0.8456504350254842,-0.8177339465973219,1
1.3223652142096962,0.6068817711170802,0.0136132325842863,1.304908775417731,2
0.6653541062033014,0.8640128284861845,-0.374797742784324,-0.6544537372115486,1
1.4318670655440953,0.6068817711170802,0.5747693518121311,-0.8177339465973219,1
-0.6486681098094882,-0.9359045730975464,-0.4130439000963316,-0.8177339465973219,1
0.4463504035345031,0.0926196563788712,0.3582536056958214,0.3252275191030913,1
-1.196177366481484,-0.4216424583593375,-0.7566218799491998,0.161947309717318,1
-0.1011588531374925,-0.5502079870438897,-0.3318770551341822,-0.6544537372115486,1
1.5413689168784943,0.8640128284861845,0.8811635676116586,-0.4911735278257753,2
0.2273467008657048,0.7354472998016324,-0.1276850708184083,1.304908775417731,1
-1.3056792178158831,-0.678773515728442,0.4538689989758404,-0.8177339465973219,1
-0.7581699611438873,0.0926196563788712,-0.0331320707970562,0.651787937874638,1
-0.5391662584750891,-0.1645114009902331,-0.4893237360686134,-0.3278933184400019,1
0.8843578088720997,-0.2930769296747854,-0.6482577675651784,-0.1646131090542286,1
0.1178448495313057,0.9925783571707368,-0.4644637338158085,-0.6544537372115486,1
-0.7581699611438873,-0.8073390444129942,-0.8224902619865463,-0.3278933184400019,1
-0.5391662584750891,-0.2930769296747854,-0.3898837270573937,0.161947309717318,1
-0.7581699611438873,-0.4216424583593375,-0.7009524731950555,-0.6544537372115486,1
-0.7581699611438873,-0.678773515728442,-0.8037921406340092,-0.3278933184400019,1
0.4463504035345031,1.2497094145398413,2.268861642082334,-0.0013328996684553,2
0.4463504035345031,-0.5502079870438897,-0.9062068507694964,-0.3278933184400019,1
-1.962690325822278,-1.3216011591512031,-1.0666282328281946,-0.9810141559830952,1
0.3368485522001039,1.121143885855289,-0.1907912303832208,2.1213098223465976,2
-0.2106607044718917,-0.1645114009902331,0.1682976910461837,0.4885077284888646,1
1.7603726195472926,0.2211851850634235,-0.8917583024516267,-0.0013328996684553,1
0.8843578088720997,1.121143885855289,-0.8828341990788249,1.6314691941892778,2
-0.5391662584750891,-0.2930769296747854,0.5301488349481223,0.3252275191030913,1
-0.8676718124782865,-0.1645114009902331,-0.4640387765123417,0.4885077284888646,1
1.5413689168784943,-0.1645114009902331,-0.0788149809197319,-0.9810141559830952,1
2.3078818762192883,-0.2930769296747854,-0.6707805046489161,-0.9810141559830952,1
0.3368485522001039,0.4783162424325279,0.9247216912170004,0.8150681472604113,2
-0.3201625558062908,-0.678773515728442,-0.9076942013316298,-0.4911735278257753,1
-1.6341847718190805,-1.193035630466651,-0.8881461653721593,-0.8177339465973219,1
-1.0866755151470848,-0.678773515728442,-0.9516772822404386,-0.8177339465973219,1
-0.9771736638126856,-0.8073390444129942,-0.8052794911961428,-0.3278933184400019,1
2.1983800248848895,0.0926196563788712,0.6238519203625409,-0.3278933184400019,2
-1.0866755151470848,-1.3216011591512031,-0.836513853000949,-0.9810141559830952,1
1.4318670655440953,1.2497094145398413,2.8521155410904497,-0.3278933184400019,2
0.4463504035345031,0.2211851850634235,-0.8609488979502873,0.3252275191030913,1
-0.7581699611438873,0.0926196563788712,0.6196023473278733,0.4885077284888646,1
0.1178448495313057,0.0926196563788712,0.4638554956073091,0.161947309717318,1
-0.5391662584750891,-0.4216424583593375,-0.7362239293827958,-0.3278933184400019,1
-1.0866755151470848,-0.678773515728442,-0.7319743563481284,-0.3278933184400019,1
-1.962690325822278,-1.3216011591512031,-0.8877212080686926,-1.1442943653688686,1
-0.1011588531374925,0.2211851850634235,-0.9380786485295024,0.161947309717318,1
-0.7581699611438873,0.0926196563788712,-0.728999655223861,0.8150681472604113,1
0.8843578088720997,-0.2930769296747854,-0.3180659427715128,-0.3278933184400019,1
2.08887817355049,0.9925783571707368,-0.477212452919811,-0.8177339465973219,1
-0.42966440714069,-0.9359045730975464,-0.8505374440153518,-0.6544537372115486,1
-1.962690325822278,-1.3216011591512031,-1.1475825991386108,-0.9810141559830952,1
0.9938596602064989,1.6354060005934978,0.8393052732201837,2.774430659889691,2
0.1178448495313057,-1.193035630466651,-0.8955829181828274,-0.8177339465973219,1
-0.6486681098094882,-0.5502079870438897,-0.5469054506883583,-0.4911735278257753,1
-0.3201625558062908,-0.2930769296747854,-0.8906959091929598,-0.6544537372115486,1
0.4463504035345031,-0.9359045730975464,-0.7145511069059916,-0.4911735278257753,1
1.4318670655440953,-0.8073390444129942,-0.597687848452635,-0.6544537372115486,1
1.7603726195472926,-0.8073390444129942,-0.4362040731352696,-0.4911735278257753,1
-0.42966440714069,-0.4216424583593375,-0.7961429091716077,0.161947309717318,1
0.3368485522001039,1.2497094145398413,2.6623721050925453,2.1213098223465976,2
1.979376322216091,3.1781923448081244,2.596291244403466,2.774430659889691,2
-0.3201625558062908,-0.1645114009902331,0.6467996147497455,0.4885077284888646,1
1.5413689168784943,1.2497094145398413,1.5364477295573886,-0.0013328996684553,2
1.6508707682128936,2.9210612874390196,2.8676264826669864,4.243952544361651,2
-1.0866755151470848,-0.5502079870438897,-0.8974952260484278,-0.0013328996684553,1
-0.2106607044718917,-0.4216424583593375,-0.124710369694141,-0.9810141559830952,1
0.6653541062033014,-0.5502079870438897,-0.9378661698777692,-0.3278933184400019,1
0.8843578088720997,1.3782749432243937,2.186207446558051,2.1213098223465976,2
0.0083429981969065,-0.4216424583593375,-0.6244601585710403,0.161947309717318,1
-0.2106607044718917,-0.1645114009902331,-0.4415160394286039,-0.1646131090542286,1
0.5558522548689022,-0.0359458723056809,-0.2630339719725685,-0.3278933184400019,1
0.1178448495313057,0.3497507137479757,0.0106385314600191,-0.9810141559830952,1
0.1178448495313057,-0.2930769296747854,-0.0514052348461265,-0.0013328996684553,1
-1.0866755151470848,-0.678773515728442,-0.4685008281987426,-0.8177339465973219,1
1.3223652142096962,-0.5502079870438897,0.0639706730450963,-0.0013328996684553,1
-0.3201625558062908,-0.8073390444129942,-0.571128016985963,-0.3278933184400019,1
0.3368485522001039,0.4783162424325279,-0.7993300889476084,-0.0013328996684553,1
0.1178448495313057,0.7354472998016324,0.0361359696680241,-0.9810141559830952,1
-0.8676718124782865,-0.1645114009902331,0.2413903472424649,0.4885077284888646,1
-1.6341847718190805,-0.9359045730975464,-0.8870837721134924,-0.4911735278257753,1
-0.1011588531374925,-0.4216424583593375,-0.9242675361668332,0.161947309717318,1
0.3368485522001039,-0.8073390444129942,-0.3456881674968516,-0.6544537372115486,1
0.9938596602064989,0.7354472998016324,0.6147153383380057,-0.4911735278257753,1
-0.5391662584750891,0.3497507137479757,0.8280439046783147,1.141628566031958,1
-0.7581699611438873,0.0926196563788712,0.4188100214398335,0.651787937874638,1
-1.0866755151470848,-0.5502079870438897,0.7390153496020304,-0.0013328996684553,1
1.5413689168784943,0.6068817711170802,1.2721242868010696,0.4885077284888646,2
-0.7581699611438873,-0.4216424583593375,-0.8171782956932119,-0.3278933184400019,1
0.4463504035345031,0.6068817711170802,1.506063282359516,-0.9810141559830952,1
-0.7581699611438873,-0.2930769296747854,0.0410229786578918,-0.1646131090542286,1
-0.8676718124782865,-0.5502079870438897,-0.9444530080815038,-0.1646131090542286,1
0.8843578088720997,1.5068404719089457,0.5018891742675833,1.9580296129608248,2
1.869874470881692,0.6068817711170802,-0.11961088205254,-0.1646131090542286,1
-0.1011588531374925,0.6068817711170802,-0.1251353269976078,0.9783483566461848,1
-0.42966440714069,-0.5502079870438897,-0.82461504850388,-0.6544537372115486,1
0.0083429981969065,-0.1645114009902331,1.20731829802239,0.4885077284888646,1
0.1178448495313057,0.7354472998016324,0.8724519428905902,1.4681889848035046,2
-0.6486681098094882,-0.678773515728442,-0.458514331567274,-0.3278933184400019,1
2.4173837275536876,-0.5502079870438897,-0.9191680485252322,-0.9810141559830952,1
0.0083429981969065,0.2211851850634235,-0.7882811990574728,0.3252275191030913,1
-0.8676718124782865,-0.0359458723056809,0.3006718910760766,0.651787937874638,1
-0.2106607044718917,-0.1645114009902331,0.4857407967358467,0.4885077284888646,1
-0.8676718124782865,-0.9359045730975464,-0.8741225743577565,-0.4911735278257753,1
1.6508707682128936,-0.678773515728442,-0.6992526439811885,-0.8177339465973219,1
0.5558522548689022,1.3782749432243937,2.7046553567874874,2.447870241118145,2
2.4173837275536876,-0.5502079870438897,-0.9000449698692283,-0.8177339465973219,1
1.4318670655440953,2.6639302300699153,2.765211772531499,-0.0013328996684553,2
-0.42966440714069,-0.4216424583593375,-0.8641360777262879,-0.3278933184400019,1
0.6653541062033014,1.3782749432243937,2.0315229880961536,1.6314691941892778,2
-0.42966440714069,0.2211851850634235,-0.806554363106543,0.3252275191030913,1
1.6508707682128936,2.792495758754467,2.6698088579032135,4.243952544361651,2
-0.5391662584750891,-0.678773515728442,-0.5464804933848915,-0.4911735278257753,1
-0.5391662584750891,-0.9359045730975464,-0.5891887023832999,-0.6544537372115486,1
0.2273467008657048,-0.5502079870438897,-0.9074817226798964,-0.6544537372115486,1
-0.5391662584750891,-0.9359045730975464,-0.4330168933592689,-0.6544537372115486,1
0.4463504035345031,0.7354472998016324,-0.728999655223861,-0.9810141559830952,1
0.3368485522001039,-0.2930769296747854,-0.6765174282457173,0.3252275191030913,1
0.8843578088720997,1.76397152927805,2.6982809972354858,2.774430659889691,2
-0.6486681098094882,-0.2930769296747854,1.5239114891051195,-0.8177339465973219,1
-0.42966440714069,-1.193035630466651,-0.7632087181529345,-0.8177339465973219,1
-0.3201625558062908,0.2211851850634235,-0.1159987449730726,0.651787937874638,1
0.0083429981969065,0.7354472998016324,-0.5488177585539586,-0.6544537372115486,1
0.8843578088720997,-0.2930769296747854,-0.0146464280962525,-0.6544537372115486,1
0.0083429981969065,0.7354472998016324,0.7532514192681665,-0.9810141559830952,1
0.2273467008657048,1.121143885855289,0.9423574193108708,1.9580296129608248,2
-0.8676718124782865,-0.678773515728442,-0.8845340282926919,-0.1646131090542286,1
0.5558522548689022,-0.1645114009902331,0.0089387022461521,-0.6544537372115486,1
-0.8676718124782865,-0.1645114009902331,0.090955461815235,-0.6544537372115486,1
-1.3056792178158831,-0.8073390444129942,-0.3410136371587173,-0.4911735278257753,1
0.5558522548689022,-0.1645114009902331,-0.8307769294041479,0.3252275191030913,1
0.3368485522001039,1.3782749432243937,2.7480010017410956,2.284590031732371,2
1.5413689168784943,-1.3216011591512031,-0.8031547046788091,-0.9810141559830952,1
-0.6486681098094882,-0.678773515728442,-0.6425208439683772,-0.3278933184400019,1
-0.5391662584750891,-0.8073390444129942,-0.7880687204057394,-0.3278933184400019,1
0.1178448495313057,0.2211851850634235,-0.2664336304003025,0.161947309717318,1
-0.5391662584750891,-0.2930769296747854,-0.9193805271769656,-0.1646131090542286,1
0.9938596602064989,2.1496681153317065,2.203205738696721,-0.0013328996684553,2
-0.9771736638126856,-0.8073390444129942,-0.641245972057977,-1.1442943653688686,1
-0.8676718124782865,-0.1645114009902331,0.0299740887677562,-1.1442943653688686,1
-0.6486681098094882,-0.1645114009902331,-0.1956782393730885,0.3252275191030913,1
-1.3056792178158831,-0.678773515728442,-0.5318194664152885,-0.1646131090542286,1
0.8843578088720997,1.2497094145398413,1.4858778104448451,2.1213098223465976,2
-0.1011588531374925,0.6068817711170802,-0.6996776012846552,1.304908775417731,1
1.979376322216091,3.3067578734926766,2.664921848913346,4.733793172518971,2
1.103361511540898,-0.1645114009902331,1.1359254710399758,0.4885077284888646,2
-0.9771736638126856,-0.8073390444129942,-0.9419032642607033,-0.3278933184400019,1
0.0083429981969065,-0.5502079870438897,-0.000197879778383,-0.3278933184400019,1
-1.7436866231534796,-1.0644701017820986,-0.6954280282499877,-0.6544537372115486,1
0.0083429981969065,0.4783162424325279,1.5086130261803166,-0.3278933184400019,1
-0.2106607044718917,-0.1645114009902331,1.167159832844782,-0.0013328996684553,1
0.1178448495313057,-0.4216424583593375,-0.1907912303832208,0.161947309717318,1
-1.196177366481484,-0.678773515728442,-0.0225081382103874,-0.1646131090542286,1
1.4318670655440953,2.1496681153317065,2.6859572354349504,0.4885077284888646,2
1.7603726195472926,1.2497094145398413,2.3544905387308845,-0.3278933184400019,2
0.5558522548689022,1.121143885855289,-0.339101329293117,2.1213098223465976,2
-0.8676718124782865,-0.1645114009902331,-0.4141062933549985,0.4885077284888646,1
1.979376322216091,0.0926196563788712,-0.2311621742125622,0.4885077284888646,1
-1.196177366481484,-0.8073390444129942,-0.3743727854808573,-0.3278933184400019,1
0.0083429981969065,0.7354472998016324,-0.9323417249327014,1.6314691941892778,1
0.7748559575377005,0.9925783571707368,-0.7100890552195906,-0.9810141559830952,1
0.1178448495313057,-0.1645114009902331,-0.1610442191405482,-0.8177339465973219,1
-1.196177366481484,-0.8073390444129942,-0.8775222327854906,-0.6544537372115486,1
-0.9771736638126856,-0.8073390444129942,-0.6784297361113176,-0.3278933184400019,1
1.3223652142096962,1.3782749432243937,2.584179961254663,-0.6544537372115486,2
-0.1011588531374925,-0.1645114009902331,-0.4287673203246014,0.161947309717318,1
-0.6486681098094882,-1.193035630466651,-0.7891311136644064,-0.8177339465973219,1
-1.196177366481484,-0.4216424583593375,-0.1434084910466781,0.161947309717318,1
0.0083429981969065,-0.9359045730975464,-0.8875087294169591,-0.4911735278257753,1
0.5558522548689022,1.5068404719089457,1.4920396913451133,2.1213098223465976,2
-2.072192177156677,-1.4501666878357553,-1.0800143878873971,-1.1442943653688686,1
-0.2106607044718917,0.0926196563788712,0.3223447135528809,0.651787937874638,1
-0.1011588531374925,-0.9359045730975464,-0.5981128057561017,-0.9810141559830952,1
1.5413689168784943,0.2211851850634235,-0.216926104546426,-0.4911735278257753,1
0.4463504035345031,1.3782749432243937,2.0211115341612182,2.447870241118145,2
-2.072192177156677,-1.4501666878357553,-1.12675969126874,-1.1442943653688686,1
-0.9771736638126856,-0.2930769296747854,-0.1788924258861518,0.161947309717318,1
-0.6486681098094882,-0.1645114009902331,0.0905305045117683,0.161947309717318,1
0.2273467008657048,0.9925783571707368,0.6608232057641482,1.794749403575051,2
-0.1011588531374925,-0.0359458723056809,-0.1761302034136179,0.3252275191030913,1
-0.5391662584750891,0.2211851850634235,-0.2165011472429593,0.9783483566461848,1
0.1178448495313057,0.9925783571707368,1.1809709452074515,0.4885077284888646,2
2.3078818762192883,0.0926196563788712,-0.1791049045378852,-0.3278933184400019,1
-0.6486681098094882,-0.678773515728442,-0.3573744933421873,-0.3278933184400019,1
-0.6486681098094882,-0.2930769296747854,-0.0197459157378535,-0.8177339465973219,1
0.8843578088720997,1.6354060005934978,-0.2747202978179042,2.774430659889691,2
-0.6486681098094882,-1.0644701017820986,-0.8091041069273436,-0.8177339465973219,1
-0.42966440714069,0.0926196563788712,1.1420873519402437,0.4885077284888646,1
0.2273467008657048,1.2497094145398413,2.2448515544364627,2.284590031732371,2
0.6653541062033014,-0.2930769296747854,-0.8600989833433538,0.161947309717318,1
1.3223652142096962,1.76397152927805,1.585317819456065,-0.0013328996684553,2
1.6508707682128936,-0.0359458723056809,-0.3318770551341822,0.161947309717318,1
-1.0866755151470848,-0.9359045730975464,-0.8552119743534861,-0.4911735278257753,1
-0.5391662584750891,0.2211851850634235,-0.2708956820867034,0.9783483566461848,1
-1.0866755151470848,-0.8073390444129942,-0.4302546708867351,-0.3278933184400019,1
-0.6486681098094882,0.2211851850634235,0.2218423112829943,-0.0013328996684553,1
-0.5391662584750891,-0.1645114009902331,-0.3076544888365774,-0.0013328996684553,1
-0.9771736638126856,-0.8073390444129942,-0.6457080237443779,-0.6544537372115486,1
-0.7581699611438873,-0.0359458723056809,-0.154669859588547,0.4885077284888646,1
-0.6486681098094882,-0.1645114009902331,0.5184625091027866,0.4885077284888646,1
0.2273467008657048,1.2497094145398413,2.7131545028568222,2.284590031732371,2
0.2273467008657048,0.0926196563788712,-0.2687708955693696,-0.9810141559830952,1
-0.42966440714069,-0.2930769296747854,-0.3869090259331265,-0.0013328996684553,1
1.103361511540898,1.2497094145398413,2.5066252533719813,-0.6544537372115486,2
0.6653541062033014,-0.2930769296747854,-0.2647338011864355,0.3252275191030913,1
-1.0866755151470848,-0.678773515728442,-0.0327071134935894,-0.3278933184400019,1
1.869874470881692,1.121143885855289,-0.3471755180589852,-0.4911735278257753,1
0.6653541062033014,-0.1645114009902331,0.7398652642089639,-0.9810141559830952,1
0.8843578088720997,0.0926196563788712,-0.5962004978905013,0.4885077284888646,1
0.3368485522001039,-0.678773515728442,0.2027192326269905,-0.4911735278257753,1
-0.8676718124782865,-0.5502079870438897,-0.931491810325768,-0.0013328996684553,1
-0.8676718124782865,-0.9359045730975464,-0.5354316034947559,-0.6544537372115486,1
-0.7581699611438873,-0.1645114009902331,-0.0817896820439992,0.4885077284888646,1
-1.0866755151470848,-0.4216424583593375,-0.0613917314775951,0.161947309717318,1
0.0083429981969065,-0.4216424583593375,-0.0331320707970562,-0.1646131090542286,1
0.1178448495313057,0.0926196563788712,1.0638952081023616,0.651787937874638,1
-0.6486681098094882,-0.0359458723056809,0.1360009359827106,0.651787937874638,1
-0.8676718124782865,-0.5502079870438897,0.3750394191827581,-0.0013328996684553,1
-0.2106607044718917,0.7354472998016324,0.3382806124328841,1.4681889848035046,2
-1.5246829204846812,-0.9359045730975464,-0.7646960687150681,-0.4911735278257753,1
0.4463504035345031,-0.4216424583593375,-0.1000628460930695,-0.3278933184400019,1
1.103361511540898,-0.8073390444129942,-0.749397605790265,-1.1442943653688686,1
0.5558522548689022,0.6068817711170802,2.01622452517135,-0.9810141559830952,2
-0.8676718124782865,-0.9359045730975464,-0.3939208214403278,-0.4911735278257753,1
0.5558522548689022,-0.9359045730975464,-0.8088916282756102,-0.6544537372115486,1
-0.5391662584750891,-0.4216424583593375,-0.8781596687406906,0.161947309717318,1
1.2128633628752972,0.4783162424325279,1.2750989879253367,-1.1442943653688686,1
0.0083429981969065,0.2211851850634235,-0.1123866078936053,-0.0013328996684553,1
-0.7581699611438873,-0.9359045730975464,-0.3754351787395242,-0.8177339465973219,1
-1.196177366481484,-0.4216424583593375,-0.2564471337688339,0.161947309717318,1
0.5558522548689022,0.3497507137479757,0.0590836640552287,-0.9810141559830952,1
-1.7436866231534796,-1.0644701017820986,-0.9198054844804322,-0.6544537372115486,1
-0.1011588531374925,-0.5502079870438897,0.0318863966333566,-0.9810141559830952,1
-0.1011588531374925,0.6068817711170802,0.6790963698132185,0.9783483566461848,2
2.1983800248848895,0.4783162424325279,0.0535592191101609,-0.6544537372115486,1
0.3368485522001039,-0.1645114009902331,-0.9115188170628306,-0.0013328996684553,1
-1.7436866231534796,-1.0644701017820986,-0.8271647923246805,-0.6544537372115486,1
-0.42966440714069,-1.3216011591512031,-0.775957437256937,-0.9810141559830952,1
0.0083429981969065,0.7354472998016324,-0.6482577675651784,-0.3278933184400019,1
0.9938596602064989,-0.5502079870438897,-0.2645213225347022,-0.9810141559830952,1
0.4463504035345031,-0.4216424583593375,0.6060037136169373,0.161947309717318,1
1.4318670655440953,1.121143885855289,0.8484418552447187,-0.4911735278257753,2
0.3368485522001039,-0.4216424583593375,-0.0261202752898548,-0.1646131090542286,1
-0.6486681098094882,-1.0644701017820986,-0.8171782956932119,-0.8177339465973219,1
-1.7436866231534796,-1.3216011591512031,-0.8046420552409427,-0.9810141559830952,1
-0.8676718124782865,-0.678773515728442,-0.9140685608836312,-0.6544537372115486,1
-0.2106607044718917,-0.1645114009902331,0.0078763089874852,-0.9810141559830952,1
-1.0866755151470848,-0.8073390444129942,-0.5709155383342297,-0.3278933184400019,1
-0.9771736638126856,-0.5502079870438897,-0.265583715793369,-0.0013328996684553,1
1.3223652142096962,1.8925370579626024,0.948094342907672,-0.3278933184400019,2
1.5413689168784943,0.8640128284861845,-0.3329394483928491,-0.0013328996684553,1
-0.1011588531374925,-0.678773515728442,-0.8414008619908167,-0.8177339465973219,1
-0.3201625558062908,-0.2930769296747854,-0.2547473045549669,-0.3278933184400019,1
1.979376322216091,2.406799172700811,2.157947785877512,-0.3278933184400019,2
-1.4151810691502822,-0.8073390444129942,-0.4765750169646109,-0.3278933184400019,1
-0.7581699611438873,-1.3216011591512031,-0.8556369316569529,-0.9810141559830952,1
-1.196177366481484,-0.5502079870438897,-0.7226252956718597,-0.1646131090542286,1
-1.6341847718190805,-1.193035630466651,-0.904931978859096,-0.8177339465973219,1
-0.1011588531374925,-0.1645114009902331,0.2322537652179298,0.4885077284888646,1
-0.7581699611438873,-1.0644701017820986,-0.8962203541380276,-0.9810141559830952,1
0.0083429981969065,0.8640128284861845,-0.7370738439897293,1.794749403575051,1
0.3368485522001039,-0.4216424583593375,-0.1674185786925495,-0.3278933184400019,1
0.5558522548689022,-0.4216424583593375,-0.8343890664836153,-0.3278933184400019,1
0.0083429981969065,0.8640128284861845,-0.4899611720238135,-0.9810141559830952,1
0.6653541062033014,1.76397152927805,1.6643598779008808,2.9377108692754645,2
0.3368485522001039,1.121143885855289,-0.6491076821721119,-0.9810141559830952,1
1.869874470881692,1.6354060005934978,2.7416266421890945,-0.4911735278257753,2
-0.3201625558062908,-0.678773515728442,0.0074513516840184,-0.6544537372115486,1
-0.6486681098094882,0.2211851850634235,-0.4668009989848756,0.9783483566461848,1
0.6653541062033014,-0.4216424583593375,-0.9019572777348288,-0.6544537372115486,1
0.6653541062033014,-0.4216424583593375,-0.4209056102104666,-0.3278933184400019,1
-1.3056792178158831,-0.8073390444129942,-0.4283423630211347,-0.3278933184400019,1
0.0083429981969065,0.4783162424325279,-0.4364165517870029,0.9783483566461848,1
-0.6486681098094882,-0.9359045730975464,-0.9104564238041636,-0.4911735278257753,1
0.2273467008657048,1.2497094145398413,2.697218603976819,2.284590031732371,2
2.08887817355049,3.1781923448081244,1.4255338733525666,-0.0013328996684553,2
-0.7581699611438873,-0.678773515728442,0.0157380191016201,-0.3278933184400019,1
0.4463504035345031,-0.1645114009902331,0.4013867719976967,0.4885077284888646,1
-0.9771736638126856,-0.1645114009902331,-0.413256378748065,0.4885077284888646,1
-1.3056792178158831,-0.678773515728442,-0.5252326282115539,-0.8177339465973219,1
1.6508707682128936,2.1496681153317065,0.3115083023144788,-0.3278933184400019,2
0.8843578088720997,-0.4216424583593375,-0.817815731648412,-0.8177339465973219,1
1.6508707682128936,2.535364701385363,2.135850006097241,-0.3278933184400019,2
0.5558522548689022,0.9925783571707368,-0.4136813360515318,-0.3278933184400019,1
-0.7581699611438873,-0.0359458723056809,-0.0875266056408003,-0.3278933184400019,1
2.526885578888087,2.792495758754467,2.7756232264664344,3.5908317068185576,2
0.9938596602064989,0.9925783571707368,-0.3597117585112544,0.4885077284888646,1
0.5558522548689022,-0.5502079870438897,-0.4206931315587331,-0.1646131090542286,1
-1.4151810691502822,-0.678773515728442,-0.7013774304985222,-0.3278933184400019,1
-0.3201625558062908,-1.0644701017820986,-0.8821967631236248,-0.8177339465973219,1
0.1178448495313057,-1.3216011591512031,-1.0200954080985856,-0.9810141559830952,1
0.3368485522001039,1.2497094145398413,2.451593282573037,2.1213098223465976,2
-1.196177366481484,-1.0644701017820986,-0.7685206844462689,-0.6544537372115486,1
-0.7581699611438873,-0.2930769296747854,-0.936166340663902,-0.3278933184400019,1
-0.8676718124782865,-0.1645114009902331,1.154198635089046,0.4885077284888646,1
-0.8676718124782865,-0.678773515728442,-0.8407634260356166,-0.8177339465973219,1
-1.962690325822278,-1.3216011591512031,-0.8369388103044157,-0.9810141559830952,1
-0.7581699611438873,-0.1645114009902331,0.4056363450323642,0.3252275191030913,1
2.1983800248848895,2.6639302300699153,1.618039531823005,-0.9810141559830952,2
1.4318670655440953,2.1496681153317065,2.2401770240983283,3.264271288047011,2
-0.7581699611438873,0.0926196563788712,-0.8369388103044157,0.651787937874638,1
2.526885578888087,1.3782749432243937,0.7995717653460424,1.794749403575051,2
1.103361511540898,1.121143885855289,-0.3044673090605768,-0.3278933184400019,1
0.9938596602064989,1.8925370579626024,2.4133471252610295,-0.6544537372115486,2
-0.2106607044718917,-0.678773515728442,-0.4829493765166122,-0.3278933184400019,1
1.869874470881692,0.9925783571707368,-0.5785647697966312,-0.9810141559830952,1
-0.3201625558062908,0.3497507137479757,-0.7935931653508072,-0.0013328996684553,1
0.9938596602064989,0.4783162424325279,0.5456597765246587,-0.6544537372115486,1
-0.6486681098094882,0.2211851850634235,0.8807386103081919,0.9783483566461848,1
-0.42966440714069,0.4783162424325279,1.51010037674245,-0.0013328996684553,1
-0.42966440714069,-0.4216424583593375,-0.6576068282414469,-0.4911735278257753,1
-0.7581699611438873,-0.9359045730975464,-0.7479102552281315,-0.6544537372115486,1
-0.2106607044718917,-0.1645114009902331,0.2399029966803313,0.161947309717318,1
-0.6486681098094882,0.0926196563788712,0.7056562012798904,-0.9810141559830952,1
-0.3201625558062908,-0.0359458723056809,0.7324285113982957,-0.6544537372115486,1
0.5558522548689022,-0.4216424583593375,-0.9370162552708357,-0.8177339465973219,1
-0.1011588531374925,-0.1645114009902331,0.738802870950297,0.4885077284888646,1
-1.6341847718190805,-0.9359045730975464,-0.5543422034990264,-0.8177339465973219,1
1.2128633628752972,0.3497507137479757,-0.5209830551768864,0.3252275191030913,1
1.979376322216091,3.3067578734926766,2.195344028582586,0.4885077284888646,2
0.4463504035345031,0.6068817711170802,-0.0579920730498611,1.141628566031958,1
-0.2106607044718917,0.4783162424325279,-0.3794722731224583,0.651787937874638,1
0.3368485522001039,1.3782749432243937,1.430845839645901,2.1213098223465976,2
0.2273467008657048,-0.4216424583593375,-0.5838767360899656,0.161947309717318,1
-0.6486681098094882,-0.1645114009902331,0.016800412360287,-0.1646131090542286,1
0.5558522548689022,-0.1645114009902331,0.1918828213885884,0.4885077284888646,1
0.8843578088720997,-0.2930769296747854,-0.3607741517699213,0.161947309717318,1
-1.196177366481484,-0.4216424583593375,-0.7993300889476084,-0.0013328996684553,1
-0.8676718124782865,-0.4216424583593375,-0.4761500596611442,-0.6544537372115486,1
-0.42966440714069,-0.1645114009902331,2.0570204263041587,-0.1646131090542286,1
-0.6486681098094882,-0.1645114009902331,1.0738817047338305,-0.3278933184400019,1
-2.072192177156677,-1.4501666878357553,-0.9826991653935114,-1.1442943653688686,1
0.3368485522001039,1.121143885855289,0.9410825474004704,-0.9810141559830952,1
0.4463504035345031,-0.1645114009902331,0.0654580236072299,0.161947309717318,1
-1.196177366481484,-0.4216424583593375,-0.4668009989848756,-1.1442943653688686,1
-0.2106607044718917,-0.8073390444129942,-0.349300304576319,-0.3278933184400019,1
-0.3201625558062908,-0.1645114009902331,-0.2477355090477655,0.4885077284888646,1
-1.196177366481484,-1.3216011591512031,-0.8845340282926919,-0.9810141559830952,1
0.0083429981969065,0.0926196563788712,0.2099435067859253,-0.1646131090542286,1
0.9938596602064989,2.1496681153317065,0.8550286934484534,-0.8177339465973219,2
0.4463504035345031,1.3782749432243937,2.144349152166576,1.794749403575051,2
0.0083429981969065,-0.2930769296747854,0.4953023360638486,0.3252275191030913,1
1.6508707682128936,0.8640128284861845,-0.1967406326317554,0.4885077284888646,2
-0.5391662584750891,-0.678773515728442,-0.381597059639792,-0.4911735278257753,1
-1.4151810691502822,-1.0644701017820986,-0.8717853091886894,-0.8177339465973219,1
0.1178448495313057,0.8640128284861845,0.7056562012798904,-0.9810141559830952,1
0.0083429981969065,-0.4216424583593375,-0.0118842056237186,-0.1646131090542286,1
1.3223652142096962,2.535364701385363,2.7620245927554987,3.917392125590105,2
-1.4151810691502822,-0.678773515728442,-0.8027297473753423,-0.1646131090542286,1
-1.196177366481484,-0.678773515728442,-0.0490679696770594,-0.3278933184400019,1
-1.4151810691502822,-1.3216011591512031,-0.9297919811119008,-0.9810141559830952,1
1.4318670655440953,2.6639302300699153,2.4853773881986436,4.080672334975878,2
-1.3056792178158831,-0.5502079870438897,-0.9363788193156356,-0.0013328996684553,1
-1.4151810691502822,-0.678773515728442,-0.7685206844462689,-0.1646131090542286,1
-0.7581699611438873,-1.3216011591512031,-0.9497649743748382,-0.9810141559830952,1
-0.3201625558062908,-0.678773515728442,-0.6121363967705045,-0.1646131090542286,1
-0.6486681098094882,-0.2930769296747854,-0.4823119405614121,-0.6544537372115486,1
-0.2106607044718917,-0.2930769296747854,-0.5996001563182354,-0.6544537372115486,1
-0.6486681098094882,0.2211851850634235,-0.2216006348845603,-0.0013328996684553,1
-1.0866755151470848,-0.678773515728442,-0.9170432620078984,-0.3278933184400019,1
0.0083429981969065,0.7354472998016324,0.658485940595081,-0.6544537372115486,1
-1.8531884744878788,-1.3216011591512031,-0.7791446170329377,-0.9810141559830952,1
0.5558522548689022,-0.1645114009902331,-0.5129088664110182,0.4885077284888646,1
0.6653541062033014,1.2497094145398413,2.151148469022044,-0.9810141559830952,2
0.1178448495313057,-0.4216424583593375,-0.8252524844590802,-1.1442943653688686,1
0.6653541062033014,-0.1645114009902331,-0.175067810154951,0.161947309717318,1
1.2128633628752972,1.2497094145398413,1.890862120648659,-0.6544537372115486,2
0.7748559575377005,-0.1645114009902331,-0.1100493427245381,-0.8177339465973219,1
-0.3201625558062908,-0.4216424583593375,-0.8337516305284152,0.161947309717318,1
-1.0866755151470848,-0.8073390444129942,-0.7355864934275956,-0.4911735278257753,1
-1.7436866231534796,-1.0644701017820986,-0.6493201608238452,-0.6544537372115486,1
0.7748559575377005,1.8925370579626024,2.7643618579245657,-0.8177339465973219,2
-1.6341847718190805,-1.0644701017820986,-0.7925307720921403,-0.8177339465973219,1
-0.42966440714069,-0.678773515728442,0.127714268565109,-0.3278933184400019,1
-0.5391662584750891,-0.678773515728442,-0.0384440370903906,-0.1646131090542286,1
-0.7581699611438873,-1.3216011591512031,-0.9391410417881694,-0.9810141559830952,1
1.7603726195472926,0.8640128284861845,0.3990495068286295,1.141628566031958,2
-0.3201625558062908,-0.1645114009902331,-0.8099540215342771,0.4885077284888646,1
0.8843578088720997,-0.8073390444129942,-0.4710505720195431,-0.9810141559830952,1
-1.196177366481484,-1.0644701017820986,-0.8167533383897452,-0.6544537372115486,1
0.0083429981969065,-0.1645114009902331,0.6227895271038739,0.4885077284888646,1
-0.8676718124782865,-0.678773515728442,-0.2001402910594893,-0.1646131090542286,1
-0.2106607044718917,0.7354472998016324,0.030399046071223,1.6314691941892778,1
-0.42966440714069,0.4783162424325279,0.2596635112915352,0.9783483566461848,1
1.869874470881692,0.6068817711170802,0.8970994664916617,0.3252275191030913,2
-0.1011588531374925,0.2211851850634235,0.4980645585363825,-0.6544537372115486,1
-1.0866755151470848,-0.8073390444129942,-0.9472152305540376,-0.4911735278257753,1
-1.8531884744878788,-1.3216011591512031,-1.1673431137498147,-0.9810141559830952,1
-0.42966440714069,-0.1645114009902331,-0.6703555473454494,0.4885077284888646,1
-0.2106607044718917,-1.3216011591512031,-1.1095489204783366,-0.9810141559830952,1
-1.5246829204846812,-0.8073390444129942,-0.7827567541124051,-0.6544537372115486,1
-1.3056792178158831,-0.9359045730975464,-0.351000133790186,-0.6544537372115486,1
0.1178448495313057,-0.4216424583593375,-0.5258700641667541,-0.0013328996684553,1
-0.8676718124782865,-0.1645114009902331,-0.8037921406340092,0.4885077284888646,1
1.2128633628752972,0.0926196563788712,0.3435925787262185,-0.8177339465973219,1
-1.0866755151470848,-0.678773515728442,-0.3943457787437946,-0.1646131090542286,1
0.0083429981969065,-0.9359045730975464,-0.3873339832365932,-0.9810141559830952,1
1.4318670655440953,1.121143885855289,-0.6973403361155881,2.1213098223465976,2
-0.3201625558062908,-0.2930769296747854,0.4500443832446397,0.161947309717318,1
-1.4151810691502822,-0.9359045730975464,-0.4092192843651309,-0.8177339465973219,1
0.2273467008657048,1.121143885855289,-0.4143187720067319,2.1213098223465976,2
-0.5391662584750891,-0.1645114009902331,-0.2351992685954963,0.4885077284888646,1
1.4318670655440953,0.8640128284861845,0.0622708438312293,-0.4911735278257753,1
0.1178448495313057,-0.1645114009902331,0.2384156461181976,0.3252275191030913,1
-1.0866755151470848,-0.2930769296747854,0.1931576932989887,0.3252275191030913,1
-0.5391662584750891,-0.1645114009902331,0.9893152013439468,-0.0013328996684553,1
1.103361511540898,1.121143885855289,-0.327839960751248,-0.0013328996684553,1
0.3368485522001039,1.121143885855289,0.8439798035583179,1.794749403575051,2
1.7603726195472926,2.6639302300699153,1.7659246734294345,-0.3278933184400019,2
0.4463504035345031,1.5068404719089457,2.68531979947975,2.284590031732371,2
2.526885578888087,-0.1645114009902331,-0.2332869607298959,-0.8177339465973219,1
-1.0866755151470848,-0.2930769296747854,0.4865907113427802,0.3252275191030913,1
0.4463504035345031,1.3782749432243937,2.695518774762952,2.447870241118145,2
1.4318670655440953,-0.9359045730975464,-0.5583792978819605,-0.8177339465973219,1
-0.9771736638126856,-0.1645114009902331,-0.9108813811076304,-0.0013328996684553,1
-0.1011588531374925,-0.1645114009902331,1.1070283744042368,0.161947309717318,1
0.1178448495313057,-0.1645114009902331,0.2885606079272743,-0.9810141559830952,1
0.7748559575377005,-0.2930769296747854,-0.5938632327214343,-0.3278933184400019,1
1.103361511540898,2.1496681153317065,1.54409696101979,2.447870241118145,2
-0.7581699611438873,-0.1645114009902331,-0.2547473045549669,0.161947309717318,1
-0.8676718124782865,-1.3216011591512031,-0.8203654754692125,-0.9810141559830952,1
0.5558522548689022,-0.5502079870438897,-0.7955054732164076,-0.8177339465973219,1
0.6653541062033014,-0.5502079870438897,0.0639706730450963,-0.8177339465973219,1
-0.3201625558062908,-0.1645114009902331,-0.0766901944023982,-0.3278933184400019,1
-1.5246829204846812,-0.8073390444129942,-0.8505374440153518,-0.4911735278257753,1
0.2273467008657048,0.0926196563788712,-0.0242079674242544,0.161947309717318,1
2.08887817355049,2.406799172700811,0.9774163968468776,0.4885077284888646,2
0.3368485522001039,-0.8073390444129942,-0.8841090709892252,-0.4911735278257753,1
-1.0866755151470848,-0.2930769296747854,0.0654580236072299,-0.0013328996684553,1
-0.8676718124782865,-1.193035630466651,-0.893670610317227,-0.8177339465973219,1
1.7603726195472926,0.9925783571707368,-0.8611613766020206,-0.8177339465973219,1
-0.2106607044718917,0.6068817711170802,-0.2995803000707091,-0.9810141559830952,1
-0.5391662584750891,-0.1645114009902331,-0.2536849112963,0.4885077284888646,1
0.1178448495313057,-0.678773515728442,-0.7321868349998617,-0.9810141559830952,1
-0.3201625558062908,-0.5502079870438897,-0.2936308978221746,-1.1442943653688686,1
1.6508707682128936,2.9210612874390196,2.199806080268987,4.407232753747424,2
-0.42966440714069,-0.1645114009902331,-0.811016414792944,0.4885077284888646,1
-1.3056792178158831,-0.678773515728442,-0.0686160056365299,-0.1646131090542286,1
0.8843578088720997,-0.2930769296747854,0.0274243449469557,0.161947309717318,1
-1.5246829204846812,-1.193035630466651,-0.6369963990233094,-0.8177339465973219,1
1.103361511540898,-0.4216424583593375,-0.0225081382103874,-0.3278933184400019,1
-0.3201625558062908,-0.678773515728442,-0.0486430123735926,-0.1646131090542286,1
1.979376322216091,1.6354060005934978,2.837879471424314,-0.3278933184400019,2
-0.1011588531374925,-0.1645114009902331,0.2303414573523294,0.4885077284888646,1
1.6508707682128936,-0.8073390444129942,-0.4769999742680776,-0.4911735278257753,1
-1.196177366481484,-0.8073390444129942,-0.4544772371843398,-0.8177339465973219,1
-0.8676718124782865,-0.0359458723056809,-0.4606391180846078,0.161947309717318,1
-1.196177366481484,-0.678773515728442,-0.2500727742168326,-0.4911735278257753,1
-0.3201625558062908,-0.1645114009902331,-0.6848040956633189,-0.4911735278257753,1
1.869874470881692,-0.2930769296747854,-0.2162886685912259,-0.3278933184400019,1
-1.0866755151470848,-0.8073390444129942,-0.4591517675224741,-0.4911735278257753,1
0.0083429981969065,-0.678773515728442,-0.7906184642265399,-0.3278933184400019,1
0.1178448495313057,0.7354472998016324,-0.111111735983205,1.304908775417731,1
-0.3201625558062908,-0.678773515728442,-0.4508651001048725,-0.1646131090542286,1
-0.2106607044718917,-1.0644701017820986,-0.8352389810905488,-0.6544537372115486,1
-0.7581699611438873,-0.5502079870438897,-0.5673034012547623,-0.8177339465973219,1
0.3368485522001039,-0.4216424583593375,-0.4799746753923449,0.161947309717318,1
-0.3201625558062908,-0.678773515728442,-0.0006228370818497,-0.6544537372115486,1
0.5558522548689022,1.6354060005934978,2.53424747809732,2.774430659889691,2
-1.5246829204846812,-1.3216011591512031,-1.0415557519236565,-1.1442943653688686,1
-1.4151810691502822,-1.3216011591512031,-0.8093165855790769,-0.9810141559830952,1
1.6508707682128936,-0.2930769296747854,-0.7126387990403912,-0.3278933184400019,1
1.4318670655440953,2.406799172700811,2.36617686457622,-0.4911735278257753,2
-0.8676718124782865,-1.3216011591512031,-0.8889960799790928,-0.9810141559830952,1
-0.42966440714069,0.3497507137479757,1.1023538440661025,0.9783483566461848,2
-0.42966440714069,-0.678773515728442,-0.2504977315202993,-0.6544537372115486,1
1.103361511540898,1.8925370579626024,2.177708300488716,3.1009910786612376,2
-0.1011588531374925,-0.1645114009902331,-0.2708956820867034,0.3252275191030913,1
-0.8676718124782865,-0.1645114009902331,-0.8080417136686767,0.4885077284888646,1
2.3078818762192883,3.692454459546333,2.7076300579117545,3.917392125590105,2
-0.2106607044718917,-0.5502079870438897,-0.8492625721049516,-0.8177339465973219,1
0.5558522548689022,-0.4216424583593375,-0.0936884865410682,-0.4911735278257753,1
-0.9771736638126856,-0.8073390444129942,-0.4506526214531391,-0.8177339465973219,1
-0.1011588531374925,-0.4216424583593375,-0.9263923226841668,-0.3278933184400019,1
-0.5391662584750891,0.3497507137479757,-0.0724406213677307,1.141628566031958,1
0.3368485522001039,-0.1645114009902331,-0.2993678214189758,-0.9810141559830952,1
-0.7581699611438873,0.0926196563788712,0.0794816146216327,-1.1442943653688686,1
0.8843578088720997,-1.3216011591512031,-0.8985576193070947,-0.9810141559830952,1
0.5558522548689022,-0.1645114009902331,-0.4396037315630036,0.3252275191030913,1
0.1178448495313057,0.2211851850634235,-0.0456683112493254,-0.4911735278257753,1
-0.3201625558062908,-0.678773515728442,-0.8392760754734829,-0.3278933184400019,1
1.3223652142096962,-0.2930769296747854,0.2445775270184655,0.3252275191030913,1
1.979376322216091,0.0926196563788712,-0.2853442304045729,0.3252275191030913,1
0.6653541062033014,1.3782749432243937,2.2641871117442,-0.4911735278257753,2
-1.0866755151470848,-0.2930769296747854,1.3396924980522829,0.3252275191030913,1
-0.2106607044718917,0.7354472998016324,0.7900102260180405,0.161947309717318,1
-0.9771736638126856,-0.4216424583593375,-0.366298596714989,0.161947309717318,1
-0.3201625558062908,-0.9359045730975464,-0.5877013518211663,-0.6544537372115486,1
-1.196177366481484,-0.4216424583593375,-0.8790095833476241,0.161947309717318,1
-1.0866755151470848,-1.4501666878357553,-1.019245493491652,-1.1442943653688686,1
1.5413689168784943,2.2782336440162587,2.083155300467364,2.1213098223465976,2
0.7748559575377005,-0.1645114009902331,-0.1210982326146737,-0.3278933184400019,1
-1.3056792178158831,-0.678773515728442,-0.6542071698137129,-0.4911735278257753,1
-0.42966440714069,-0.2930769296747854,-0.5239577563011537,0.3252275191030913,1
-0.2106607044718917,-0.678773515728442,-0.8380012035630827,-0.1646131090542286,1
-0.1011588531374925,0.8640128284861845,-0.064153953950129,1.794749403575051,2
-0.5391662584750891,-0.4216424583593375,-0.4461905697667382,-0.3278933184400019,1
-0.7581699611438873,-0.1645114009902331,-0.5826018641795653,-0.3278933184400019,1
1.7603726195472926,3.049626816123572,0.9415075047039372,-0.3278933184400019,2
0.8843578088720997,0.8640128284861845,0.9047486979540632,-0.3278933184400019,2
-0.5391662584750891,-0.2930769296747854,-0.2821570506285723,-0.3278933184400019,1
1.6508707682128936,2.535364701385363,1.5559957655168593,0.3252275191030913,2
0.0083429981969065,-0.2930769296747854,-0.0358942932695901,-0.9810141559830952,1
-0.9771736638126856,-0.678773515728442,-0.3329394483928491,-0.3278933184400019,1
-1.6341847718190805,-0.9359045730975464,-0.3671485113219225,-0.8177339465973219,1
0.7748559575377005,-0.1645114009902331,-0.7829692327641384,-0.6544537372115486,1
0.5558522548689022,-0.4216424583593375,-0.8473502642393512,-0.8177339465973219,1
-0.1011588531374925,-0.678773515728442,-0.8841090709892252,-0.3278933184400019,1
-1.3056792178158831,-0.8073390444129942,-0.4905986079790137,-0.3278933184400019,1
-0.2106607044718917,0.7354472998016324,0.8886003204223267,1.6314691941892778,2
-0.2106607044718917,-0.1645114009902331,-0.9521022395439054,0.4885077284888646,1
-0.5391662584750891,-0.9359045730975464,-0.8900584732377597,-0.6544537372115486,1
-1.3056792178158831,-0.8073390444129942,-0.4774249315715444,-0.3278933184400019,1
1.3223652142096962,-0.5502079870438897,-0.6210605001433063,-0.4911735278257753,1
-1.4151810691502822,-0.678773515728442,-0.7098765765678573,-0.3278933184400019,1
-0.5391662584750891,-0.1645114009902331,0.0044766505597512,0.4885077284888646,1
0.1178448495313057,-1.0644701017820986,-0.765758461973735,-0.8177339465973219,1
0.5558522548689022,0.7354472998016324,-0.2702582461315033,-0.3278933184400019,1
-0.6486681098094882,-0.4216424583593375,-0.8811343698649579,-0.1646131090542286,1
-0.8676718124782865,-0.8073390444129942,-0.7867938484953392,-0.6544537372115486,1
1.7603726195472926,2.1496681153317065,1.133163248567442,-0.8177339465973219,2
-0.2106607044718917,0.6068817711170802,0.9349206665002026,0.9783483566461848,2
0.0083429981969065,-0.1645114009902331,-0.7500350417454652,-0.3278933184400019,1
1.7603726195472926,2.792495758754467,1.6513986801451448,0.8150681472604113,2
0.6653541062033014,0.0926196563788712,-0.199927812407756,-0.3278933184400019,1
1.103361511540898,-0.4216424583593375,-0.4177184304344659,-0.0013328996684553,1
0.0083429981969065,-0.1645114009902331,0.242027783197665,0.4885077284888646,1
1.4318670655440953,2.535364701385363,2.426733280320232,3.917392125590105,2
0.2273467008657048,0.2211851850634235,-0.2759951697283044,-0.3278933184400019,1
-0.42966440714069,-0.5502079870438897,-0.8979201833518946,-0.4911735278257753,1
-0.5391662584750891,-1.3216011591512031,-0.787856241754006,-0.9810141559830952,1
-0.8676718124782865,-0.4216424583593375,-0.8437381271598838,-0.4911735278257753,1
0.7748559575377005,-0.4216424583593375,-0.8380012035630827,0.161947309717318,1
-0.9771736638126856,-0.9359045730975464,-0.3388888506413836,-0.4911735278257753,1
2.3078818762192883,-1.0644701017820986,-0.8760348822233569,-0.9810141559830952,1
0.6653541062033014,-0.9359045730975464,-0.3692732978392563,-0.9810141559830952,1
-1.8531884744878788,-1.193035630466651,-0.947427709205771,-0.8177339465973219,1
-1.7436866231534796,-1.3216011591512031,-0.8095290642308104,-0.9810141559830952,1
-0.1011588531374925,0.7354472998016324,0.0176503269672205,1.4681889848035046,1
1.103361511540898,-1.0644701017820986,-0.6818293945390517,-0.6544537372115486,1
-1.6341847718190805,-0.9359045730975464,-0.4954856169688813,-0.6544537372115486,1
0.4463504035345031,-0.1645114009902331,-0.7914683788334734,-0.0013328996684553,1
-0.9771736638126856,-0.678773515728442,-0.8766723181785571,-0.8177339465973219,1
0.2273467008657048,-0.4216424583593375,-0.8709353945817558,-0.8177339465973219,1
-1.0866755151470848,-1.3216011591512031,-0.8892085586308262,-0.9810141559830952,1
-0.3201625558062908,-1.3216011591512031,-0.9550769406681726,-0.9810141559830952,1
0.5558522548689022,-0.1645114009902331,-0.0550173719255939,-0.3278933184400019,1
-0.42966440714069,-0.678773515728442,-0.7870063271470725,-0.6544537372115486,1
2.3078818762192883,1.6354060005934978,0.8603406597417877,-0.1646131090542286,2
-0.6486681098094882,0.2211851850634235,-0.8868712934617591,-0.0013328996684553,1
-0.2106607044718917,-0.1645114009902331,-0.5288447652910213,0.4885077284888646,1
1.3223652142096962,2.2782336440162587,0.1912453854333883,3.1009910786612376,2
1.2128633628752972,0.2211851850634235,-0.9017447990830952,-1.1442943653688686,1
-0.6486681098094882,-0.2930769296747854,0.0911679404669684,0.3252275191030913,1
-0.1011588531374925,-0.4216424583593375,-0.38775894054006,-0.1646131090542286,1
0.1178448495313057,0.4783162424325279,1.5041509744939157,1.304908775417731,2
-0.5391662584750891,-0.8073390444129942,-0.8862338575065589,-0.6544537372115486,1
-1.3056792178158831,-1.3216011591512031,-0.8690230867161555,-0.9810141559830952,1
0.3368485522001039,-0.0359458723056809,0.6803712417236187,-0.9810141559830952,1
-1.196177366481484,-0.5502079870438897,-0.4693507428056762,-0.0013328996684553,1
0.4463504035345031,1.121143885855289,-0.3786223585155248,1.794749403575051,2
-0.1011588531374925,0.6068817711170802,-0.8465003496324177,0.651787937874638,1
-1.962690325822278,-1.3216011591512031,-0.9310668530223012,-0.9810141559830952,1
-1.8531884744878788,-1.3216011591512031,-0.7500350417454652,-0.9810141559830952,1
-0.6486681098094882,-0.1645114009902331,-0.137671567449877,0.3252275191030913,1
0.3368485522001039,-1.0644701017820986,-0.6131987900291714,-0.9810141559830952,1
-0.5391662584750891,-0.4216424583593375,0.0471848595581597,0.161947309717318,1
-0.1011588531374925,0.6068817711170802,0.8121080057983115,1.4681889848035046,2
-0.42966440714069,-0.678773515728442,0.0947800775464358,-0.3278933184400019,1
0.0083429981969065,0.7354472998016324,0.8724519428905902,1.141628566031958,2
0.8843578088720997,-0.2930769296747854,-0.4368415090904697,0.3252275191030913,1
-0.8676718124782865,-1.0644701017820986,-0.9234176215598996,-0.6544537372115486,1
-0.2106607044718917,-0.8073390444129942,-0.4041197967235299,-0.3278933184400019,1
1.6508707682128936,1.8925370579626024,2.251438392640197,0.3252275191030913,2
2.3078818762192883,-0.5502079870438897,-0.8549994957017527,-0.9810141559830952,1
1.7603726195472926,1.3782749432243937,1.7739988621953025,1.6314691941892778,2
-0.7581699611438873,-0.1645114009902331,0.1617108528424491,0.161947309717318,1
0.1178448495313057,-0.678773515728442,-0.1778300326274849,-0.3278933184400019,1
-0.2106607044718917,0.0926196563788712,0.280486419161406,0.4885077284888646,1
0.2273467008657048,-0.2930769296747854,0.2925977023102084,0.161947309717318,1
0.3368485522001039,1.3782749432243937,1.421709257621366,-0.9810141559830952,2
1.103361511540898,1.121143885855289,-0.3051047450157769,1.9580296129608248,2
-0.1011588531374925,0.0926196563788712,-0.3025550011949764,-0.0013328996684553,1
-0.6486681098094882,-0.9359045730975464,-0.8885711226756261,-0.6544537372115486,1
-0.42966440714069,-0.1645114009902331,2.324743527488212,0.4885077284888646,2
-0.8676718124782865,-1.0644701017820986,-0.8709353945817558,-1.1442943653688686,1
-0.42966440714069,-0.8073390444129942,-0.6482577675651784,-0.6544537372115486,1
0.8843578088720997,-0.4216424583593375,-0.8994075339140282,-0.3278933184400019,1
1.4318670655440953,2.6639302300699153,2.31518198816021,-0.3278933184400019,2
-0.42966440714069,-0.678773515728442,-0.2156512326360258,-0.1646131090542286,1
0.4463504035345031,1.2497094145398413,2.7443888646616283,1.794749403575051,2
-1.0866755151470848,-0.9359045730975464,-0.7844565833262721,-0.8177339465973219,1
0.8843578088720997,-0.2930769296747854,-0.6097991316014374,0.3252275191030913,1
1.103361511540898,-0.2930769296747854,-0.4971854461827483,0.3252275191030913,1
-0.7581699611438873,-0.5502079870438897,-0.928729587853234,-0.3278933184400019,1
1.4318670655440953,1.3782749432243937,1.5872301273216654,0.8150681472604113,2
0.1178448495313057,-1.0644701017820986,-0.8114413720964108,-0.8177339465973219,1
0.9938596602064989,0.2211851850634235,0.9225969046996668,0.161947309717318,2
-1.4151810691502822,-0.8073390444129942,-0.451715014711806,-0.4911735278257753,1
-0.2106607044718917,-0.8073390444129942,-0.586426479910766,-0.4911735278257753,1
-0.6486681098094882,-0.9359045730975464,-0.500372625958749,-0.4911735278257753,1
-2.072192177156677,-1.4501666878357553,-1.158419010377013,-1.1442943653688686,1
1.869874470881692,1.3782749432243937,0.9000741676159291,0.4885077284888646,2
-0.2106607044718917,0.6068817711170802,0.8254941608575143,1.4681889848035046,2
-0.7581699611438873,-0.2930769296747854,1.0439222148394245,0.161947309717318,1
-1.8531884744878788,-1.3216011591512031,-0.8292895788420143,-0.9810141559830952,1
-0.7581699611438873,-0.9359045730975464,-0.8671107788505551,-0.6544537372115486,1
-1.196177366481484,-0.4216424583593375,-0.2190508910637598,0.161947309717318,1
-1.6341847718190805,-0.9359045730975464,-0.8609488979502873,-0.4911735278257753,1
1.2128633628752972,0.9925783571707368,-0.4808245899992784,-0.8177339465973219,1
1.2128633628752972,2.0211025866471544,0.9553186170666066,1.304908775417731,2
0.4463504035345031,-0.4216424583593375,-0.3187033787267129,-0.8177339465973219,1
0.2273467008657048,1.2497094145398413,1.3256689070378802,2.284590031732371,2
-1.0866755151470848,-0.9359045730975464,-0.4835868124718123,-0.6544537372115486,1
-0.2106607044718917,-1.0644701017820986,-0.5494551945091587,-0.6544537372115486,1
0.5558522548689022,1.2497094145398413,2.5072626893271814,-0.9810141559830952,2
1.4318670655440953,-0.4216424583593375,-0.8760348822233569,-0.9810141559830952,1
2.4173837275536876,2.406799172700811,1.5347479003435216,-0.3278933184400019,2
0.0083429981969065,0.4783162424325279,-0.3667235540184558,-0.9810141559830952,1
1.979376322216091,0.7354472998016324,-0.0250578820311879,0.161947309717318,2
0.4463504035345031,1.2497094145398413,2.862102037721918,2.284590031732371,2
0.1178448495313057,0.9925783571707368,0.0760819561938987,-0.9810141559830952,1
-1.196177366481484,-0.5502079870438897,-0.3259276528856477,-0.8177339465973219,1
1.6508707682128936,2.792495758754467,2.8349047703000463,4.080672334975878,2
0.7748559575377005,1.5068404719089457,1.448481567739771,0.8150681472604113,2
1.4318670655440953,0.9925783571707368,-0.0331320707970562,1.794749403575051,2
-0.1011588531374925,0.8640128284861845,-0.7989051316441416,1.6314691941892778,1
0.2273467008657048,1.2497094145398413,0.930033657510335,2.284590031732371,2
-0.42966440714069,-1.0644701017820986,-0.8841090709892252,-0.8177339465973219,1
0.8843578088720997,1.8925370579626024,2.368514129745287,0.3252275191030913,2
-0.5391662584750891,-0.1645114009902331,-0.5265075001219541,0.161947309717318,1
-0.3201625558062908,0.6068817711170802,0.6846208147582863,1.304908775417731,2
2.4173837275536876,0.3497507137479757,1.1476117968853117,-0.1646131090542286,2
0.8843578088720997,-0.678773515728442,-0.9191680485252322,-0.1646131090542286,1
1.7603726195472926,2.406799172700811,0.2171677809448601,1.304908775417731,2
-0.1011588531374925,-0.2930769296747854,-0.3546122708696534,-0.9810141559830952,1
-1.196177366481484,-0.678773515728442,-0.9478526665092378,-0.6544537372115486,1
-0.3201625558062908,-1.3216011591512031,-0.910031466500697,-0.9810141559830952,1
-0.9771736638126856,-1.3216011591512031,-1.1582065317252797,-0.9810141559830952,1
0.1178448495313057,-0.4216424583593375,-0.7823317968089383,-0.8177339465973219,1
1.4318670655440953,2.2782336440162587,2.705717750046154,0.161947309717318,2
0.0083429981969065,-0.4216424583593375,-0.5090842506798174,-0.4911735278257753,1
0.3368485522001039,-0.4216424583593375,0.4022366866046302,-0.0013328996684553,1
-1.196177366481484,-0.8073390444129942,-0.955289419319906,-0.3278933184400019,1
0.9938596602064989,1.5068404719089457,2.7885844242221705,-0.8177339465973219,2
1.869874470881692,0.2211851850634235,0.8888127990740601,0.3252275191030913,2
2.08887817355049,0.8640128284861845,-0.7566218799491998,-0.3278933184400019,1
-0.1011588531374925,0.4783162424325279,0.5004018237054497,1.141628566031958,1
1.979376322216091,2.535364701385363,2.1785582150956495,0.3252275191030913,2
0.6653541062033014,0.8640128284861845,0.9126104080681982,-0.9810141559830952,1
-1.8531884744878788,-1.193035630466651,-0.8881461653721593,-0.8177339465973219,1
-1.7436866231534796,-1.3216011591512031,-1.080864302494331,-0.9810141559830952,1
0.9938596602064989,0.9925783571707368,-0.4011450955992626,1.4681889848035046,2
1.5413689168784943,0.8640128284861845,-0.8588241114329535,0.4885077284888646,1
-0.9771736638126856,-0.1645114009902331,0.4715047270697106,0.4885077284888646,1
-1.196177366481484,-0.678773515728442,-0.5413810057432905,-0.3278933184400019,1
-0.7581699611438873,-0.5502079870438897,0.7339158619604293,-0.1646131090542286,1
0.4463504035345031,-0.1645114009902331,-0.6644061450969149,0.4885077284888646,1
0.1178448495313057,1.121143885855289,0.4929650708947815,1.9580296129608248,2
0.3368485522001039,0.3497507137479757,0.8114705698431114,0.651787937874638,2
-1.0866755151470848,-1.0644701017820986,-0.3998702236888624,-0.6544537372115486,1
1.979376322216091,1.5068404719089457,0.950431608076739,-0.6544537372115486,2
-0.9771736638126856,-0.1645114009902331,-0.6040622080046363,0.161947309717318,1
0.7748559575377005,1.6354060005934978,0.8454671541204515,2.1213098223465976,2
-0.42966440714069,-0.2930769296747854,0.1309014483411096,-0.6544537372115486,1
-0.2106607044718917,-0.2930769296747854,0.6542363675604136,0.161947309717318,1
-0.42966440714069,0.3497507137479757,-0.4238803113347338,0.9783483566461848,1
-0.9771736638126856,-0.9359045730975464,-0.9127936889732308,-0.4911735278257753,1
-0.3201625558062908,-0.5502079870438897,0.2662503494952699,-0.1646131090542286,1
0.0083429981969065,-0.4216424583593375,0.040598021354425,-0.9810141559830952,1
-1.3056792178158831,-0.5502079870438897,-0.5974753698009015,-0.0013328996684553,1
-1.196177366481484,-1.3216011591512031,-0.8766723181785571,-0.9810141559830952,1
-0.42966440714069,-0.8073390444129942,-0.890270951889493,-0.8177339465973219,1
0.5558522548689022,1.5068404719089457,2.371701309521288,2.447870241118145,2
-0.9771736638126856,-1.3216011591512031,-0.8301394934489478,-0.9810141559830952,1
1.4318670655440953,-0.8073390444129942,-0.3771350079533911,-1.1442943653688686,1
-0.42966440714069,-0.9359045730975464,-0.4676509135918091,-0.6544537372115486,1
-0.3201625558062908,-0.678773515728442,-0.748760169835065,-1.1442943653688686,1
1.2128633628752972,2.0211025866471544,2.205967961169255,-0.3278933184400019,2
0.8843578088720997,0.4783162424325279,-0.1933409742040213,1.304908775417731,2
1.6508707682128936,0.8640128284861845,0.8376054440063166,0.161947309717318,2
0.1178448495313057,-0.2930769296747854,0.4753293428009114,0.161947309717318,1
-0.8676718124782865,-0.0359458723056809,-0.8475627428910846,-0.0013328996684553,1
-0.9771736638126856,-0.1645114009902331,0.2447900056701989,0.3252275191030913,1
0.9938596602064989,1.5068404719089457,2.3292055791746127,0.8150681472604113,2
0.1178448495313057,-0.1645114009902331,0.1801964955432528,-0.9810141559830952,1
0.6653541062033014,0.8640128284861845,0.9172849384063324,0.161947309717318,2
0.2273467008657048,1.2497094145398413,1.203918639594656,1.794749403575051,2
0.3368485522001039,1.2497094145398413,2.788371945570437,2.1213098223465976,2
-1.7436866231534796,-1.193035630466651,-0.9419032642607033,-0.8177339465973219,1
0.2273467008657048,-0.2930769296747854,0.0592961427069621,-0.3278933184400019,1
-0.1011588531374925,0.8640128284861845,0.2711373584851375,0.651787937874638,1
-0.6486681098094882,-1.0644701017820986,-0.7887061563609395,-0.8177339465973219,1
-0.9771736638126856,-0.678773515728442,-0.7015899091502557,-0.3278933184400019,1
-0.2106607044718917,-0.8073390444129942,-0.3261401315373811,-0.3278933184400019,1
1.3223652142096962,1.3782749432243937,1.405985837393096,0.3252275191030913,2
-0.3201625558062908,-0.8073390444129942,-0.5248076709080872,-0.6544537372115486,1
-0.8676718124782865,-0.4216424583593375,-0.6824668304942518,-0.0013328996684553,1
0.5558522548689022,0.6068817711170802,-0.4740252731438104,-0.9810141559830952,1
-0.8676718124782865,-0.1645114009902331,-0.307442010184844,0.4885077284888646,1
0.1178448495313057,-0.5502079870438897,-0.7774447878190707,-0.0013328996684553,1
-0.9771736638126856,-1.0644701017820986,-0.8074042777134766,-0.6544537372115486,1
-2.072192177156677,-1.4501666878357553,-0.9771747204484436,-1.1442943653688686,1
-0.42966440714069,-0.678773515728442,0.3656903585064896,-0.3278933184400019,1
0.4463504035345031,-0.678773515728442,-0.3690608191875229,-0.9810141559830952,1
-0.6486681098094882,-1.193035630466651,-0.8271647923246805,-0.8177339465973219,1
0.0083429981969065,-0.2930769296747854,-0.1640189202648155,-0.1646131090542286,1
-1.0866755151470848,-0.9359045730975464,-0.8422507765977502,-0.4911735278257753,1
-0.3201625558062908,-0.678773515728442,-0.1676310573442829,-0.1646131090542286,1
-0.2106607044718917,-0.678773515728442,-0.4631888619054082,-0.3278933184400019,1
-0.8676718124782865,-0.0359458723056809,0.1770093157672521,0.651787937874638,1
0.3368485522001039,1.121143885855289,1.4865152464000455,1.794749403575051,2
0.5558522548689022,1.3782749432243937,1.5415472171989897,2.284590031732371,2
0.5558522548689022,-0.2930769296747854,-0.2864066236632398,-0.1646131090542286,1
-0.2106607044718917,-0.1645114009902331,-0.9019572777348288,0.161947309717318,1
-1.4151810691502822,-0.678773515728442,-0.6174483630638389,-0.4911735278257753,1
-0.9771736638126856,-1.3216011591512031,-0.8473502642393512,-0.9810141559830952,1
-1.196177366481484,-0.4216424583593375,-0.4425784326872709,0.161947309717318,1
-0.7581699611438873,-0.1645114009902331,0.0159504977533535,0.4885077284888646,1
0.3368485522001039,0.6068817711170802,-0.4421534753838041,-0.9810141559830952,1
-0.2106607044718917,0.4783162424325279,0.8012715945599094,-0.0013328996684553,1
-0.3201625558062908,0.3497507137479757,-0.2464606371373652,0.9783483566461848,1
-0.2106607044718917,-1.193035630466651,-0.8768847968302904,-0.8177339465973219,1
0.6653541062033014,-0.5502079870438897,-0.2458232011821651,-0.4911735278257753,1
-0.5391662584750891,-1.3216011591512031,-0.7810569248985381,-0.9810141559830952,1
2.08887817355049,2.1496681153317065,2.855727678169917,-0.3278933184400019,2
-0.8676718124782865,-0.1645114009902331,-0.7164634147715919,0.4885077284888646,1
-1.962690325822278,-1.3216011591512031,-0.8394885541252163,-0.9810141559830952,1
0.8843578088720997,-0.5502079870438897,-0.4304671495384684,-0.6544537372115486,1
0.0083429981969065,0.3497507137479757,-0.0061472820269175,1.141628566031958,1
-1.8531884744878788,-1.193035630466651,-0.7372863226414627,-0.8177339465973219,1
0.7748559575377005,-0.678773515728442,-0.7578967518596001,-0.1646131090542286,1
1.7603726195472926,1.8925370579626024,2.571643720802394,-0.0013328996684553,2
-0.8676718124782865,-0.678773515728442,-0.9210803563908324,-0.3278933184400019,1
-1.6341847718190805,-1.3216011591512031,-0.7755324799534703,-1.1442943653688686,1
0.9938596602064989,2.1496681153317065,2.2406019814017952,3.1009910786612376,2
0.7748559575377005,-0.678773515728442,-0.8951579608793607,-1.1442943653688686,1
-0.42966440714069,-0.8073390444129942,-0.6168109271086387,-0.3278933184400019,1
0.4463504035345031,-0.8073390444129942,-0.9340415541465684,-0.9810141559830952,1
-0.7581699611438873,-0.4216424583593375,-0.5073844214659504,-0.4911735278257753,1
0.3368485522001039,-0.8073390444129942,-0.4623389472984748,-1.1442943653688686,1
1.4318670655440953,2.6639302300699153,2.4122847320023624,-0.8177339465973219,2
-0.9771736638126856,-0.678773515728442,-0.7026523024089225,-0.1646131090542286,1
0.9938596602064989,1.76397152927805,2.6725710803757474,-0.4911735278257753,2
-0.2106607044718917,0.4783162424325279,0.5233495180926542,-0.0013328996684553,1
-1.4151810691502822,-1.3216011591512031,-0.9121562530180308,-0.9810141559830952,1
-0.42966440714069,-0.1645114009902331,-0.4172934731309992,0.4885077284888646,1
-0.1011588531374925,-0.5502079870438897,-0.7993300889476084,-0.0013328996684553,1
-0.7581699611438873,-0.1645114009902331,-0.6399711001475767,0.4885077284888646,1
0.7748559575377005,1.121143885855289,-0.4168685158275324,2.1213098223465976,2
-1.8531884744878788,-1.193035630466651,-0.812716244006811,-0.8177339465973219,1
0.9938596602064989,0.0926196563788712,0.1861458977917872,-0.1646131090542286,1
0.5558522548689022,-0.1645114009902331,-0.0490679696770594,-0.4911735278257753,1
2.526885578888087,0.0926196563788712,-0.2725955113005704,0.651787937874638,2
-0.5391662584750891,-1.193035630466651,-0.7989051316441416,-0.8177339465973219,1
-0.5391662584750891,-0.1645114009902331,-0.3197657719853798,0.161947309717318,1
-0.1011588531374925,0.7354472998016324,0.7965970642217751,-0.0013328996684553,1
-0.42966440714069,0.4783162424325279,-0.7908309428782733,1.141628566031958,1
0.3368485522001039,-0.5502079870438897,0.0741696483282984,-0.3278933184400019,1
-1.3056792178158831,-0.8073390444129942,-0.3299647472685818,-0.4911735278257753,1
-0.7581699611438873,0.0926196563788712,-0.6212729787950396,0.651787937874638,1
0.5558522548689022,1.121143885855289,1.4210718216661655,-0.9810141559830952,2
-0.2106607044718917,0.6068817711170802,0.8231568956884471,0.9783483566461848,2
-1.0866755151470848,-0.2930769296747854,-0.9068442867246964,0.3252275191030913,1
1.869874470881692,2.792495758754467,0.849716727155119,-0.3278933184400019,2
0.7748559575377005,-0.1645114009902331,-0.9544395047129725,0.4885077284888646,1
-1.962690325822278,-1.3216011591512031,-0.9867362597764456,-0.9810141559830952,1
-0.8676718124782865,-1.0644701017820986,-0.5828143428312987,-0.6544537372115486,1
1.869874470881692,3.1781923448081244,2.3959238758188928,0.4885077284888646,2
-0.6486681098094882,-0.678773515728442,0.0701325539453642,-0.1646131090542286,1
-0.6486681098094882,-0.1645114009902331,0.0656705022589633,0.4885077284888646,1
2.4173837275536876,0.2211851850634235,-0.2830069652355058,-0.1646131090542286,1
0.6653541062033014,1.76397152927805,2.812594511868042,0.161947309717318,2
1.3223652142096962,1.5068404719089457,2.5939539792343984,-0.9810141559830952,2
-0.1011588531374925,0.0926196563788712,-0.5972628911491682,0.651787937874638,1
1.2128633628752972,-0.5502079870438897,-0.8380012035630827,-0.9810141559830952,1
-1.0866755151470848,-0.8073390444129942,-0.8469253069358844,-0.3278933184400019,1
-0.8676718124782865,-0.678773515728442,0.0255120370813554,-0.1646131090542286,1
1.2128633628752972,1.76397152927805,2.499188500561313,-0.9810141559830952,2
-0.8676718124782865,-0.2930769296747854,2.044271707200156,-0.0013328996684553,1
-0.3201625558062908,-1.193035630466651,-0.832476758618015,-0.9810141559830952,1
0.7748559575377005,1.8925370579626024,2.4881396106711775,2.447870241118145,2
-0.42966440714069,-0.1645114009902331,0.3988370281768962,0.3252275191030913,1
-1.962690325822278,-1.3216011591512031,-0.7455729900590643,-0.9810141559830952,1
-1.5246829204846812,-1.3216011591512031,-1.1218726822788725,-0.9810141559830952,1
-1.3056792178158831,-1.3216011591512031,-1.1441829407108768,-0.9810141559830952,1
-1.196177366481484,-0.4216424583593375,-0.770857949615336,0.161947309717318,1
0.8843578088720997,1.8925370579626024,2.61796406688027,2.774430659889691,2
1.979376322216091,2.9210612874390196,1.5030885812352488,4.243952544361651,2
-1.7436866231534796,-1.193035630466651,-0.8239776125486798,-0.8177339465973219,1
0.9938596602064989,1.8925370579626024,2.6105273140696017,0.651787937874638,2
-0.3201625558062908,-0.9359045730975464,-0.4175059517827325,-0.6544537372115486,1
1.5413689168784943,2.535364701385363,2.835329727603513,3.5908317068185576,2
2.4173837275536876,1.76397152927805,0.8518415136724528,0.3252275191030913,2
-0.3201625558062908,0.4783162424325279,-0.4374789450456698,0.651787937874638,1
-0.9771736638126856,-0.8073390444129942,-0.9240550575150998,-0.4911735278257753,1
0.7748559575377005,1.8925370579626024,2.6957312534146856,2.9377108692754645,2
-0.3201625558062908,0.3497507137479757,-0.4277049270659345,0.4885077284888646,1
-0.2106607044718917,-0.9359045730975464,-0.636783920371576,-0.6544537372115486,1
0.5558522548689022,0.8640128284861845,-0.8777347114372239,-0.9810141559830952,1
0.6653541062033014,1.5068404719089457,0.7921350125353742,2.284590031732371,2
-0.1011588531374925,0.8640128284861845,-0.2322245674712291,1.4681889848035046,1
0.7748559575377005,-0.1645114009902331,0.3134206101800792,0.4885077284888646,1
-0.9771736638126856,-1.193035630466651,-0.5600791270958275,-0.8177339465973219,1
1.5413689168784943,-0.4216424583593375,-0.7787196597294709,-0.0013328996684553,1
-0.7581699611438873,-0.1645114009902331,-0.3841468034605926,0.161947309717318,1
-0.8676718124782865,-0.1645114009902331,-0.6722678552110498,-0.0013328996684553,1
-0.9771736638126856,-0.8073390444129942,-0.9397784777433696,-0.6544537372115486,1
-1.3056792178158831,-1.193035630466651,-0.9363788193156356,-0.8177339465973219,1
-0.5391662584750891,-0.1645114009902331,-0.062454124736262,0.4885077284888646,1
0.8843578088720997,1.3782749432243937,2.4558428556077043,-1.1442943653688686,2
0.2273467008657048,1.2497094145398413,2.2565378802817984,1.9580296129608248,2
2.3078818762192883,-1.193035630466651,-0.8777347114372239,-0.8177339465973219,1
-0.5391662584750891,-0.1645114009902331,-0.344200816934718,0.4885077284888646,1
0.2273467008657048,-0.678773515728442,-0.5522174169816926,-0.3278933184400019,1
-0.7581699611438873,-0.1645114009902331,-0.3985953517784621,0.3252275191030913,1
-0.1011588531374925,-0.1645114009902331,0.1255894820477752,-0.0013328996684553,1
0.9938596602064989,-0.1645114009902331,-0.6544196484654462,-0.0013328996684553,1
-0.9771736638126856,-0.1645114009902331,0.0363484483197575,0.3252275191030913,1
1.4318670655440953,1.76397152927805,2.204905567910588,-0.6544537372115486,2
0.3368485522001039,-0.2930769296747854,0.5505467855145263,-0.3278933184400019,1
1.6508707682128936,-0.1645114009902331,0.4128606191912989,0.161947309717318,1
-0.7581699611438873,-0.2930769296747854,1.150161540706112,0.3252275191030913,1
0.2273467008657048,-0.2930769296747854,-0.418355866389666,0.161947309717318,1
-0.6486681098094882,-0.1645114009902331,0.711605603528425,0.4885077284888646,1
0.4463504035345031,0.9925783571707368,-0.0747778865367978,1.9580296129608248,2
-0.6486681098094882,-1.0644701017820986,-0.8926082170585602,-0.6544537372115486,1
0.7748559575377005,-0.1645114009902331,-0.8798594979545576,-0.6544537372115486,1
0.5558522548689022,1.2497094145398413,2.4133471252610295,2.1213098223465976,2
1.979376322216091,1.5068404719089457,2.6950938174594854,1.9580296129608248,2
2.08887817355049,3.1781923448081244,2.8077075028781744,-0.0013328996684553,2
0.3368485522001039,-0.678773515728442,-0.6287097316057078,-0.4911735278257753,1
-0.3201625558062908,-0.1645114009902331,0.4243344663849012,0.3252275191030913,1
0.3368485522001039,-0.2930769296747854,-0.3913710776195273,0.3252275191030913,1
0.4463504035345031,-0.1645114009902331,-0.5099341652867508,0.3252275191030913,1
-0.2106607044718917,-0.2930769296747854,-0.4789122821336781,0.3252275191030913,1
1.5413689168784943,2.792495758754467,1.5984914958635343,4.243952544361651,2
0.1178448495313057,-0.0359458723056809,0.0828812730493668,-0.0013328996684553,1
-0.3201625558062908,-0.1645114009902331,-0.0803023314818656,0.4885077284888646,1
-1.3056792178158831,-0.5502079870438897,-0.6021499001390359,-0.6544537372115486,1
2.3078818762192883,2.535364701385363,0.7447522731988315,0.4885077284888646,2
0.3368485522001039,-0.5502079870438897,-0.8745475316612232,-0.4911735278257753,1
-0.1011588531374925,0.7354472998016324,-0.3960456079576616,1.304908775417731,1
1.2128633628752972,-0.0359458723056809,0.2964223180414091,0.4885077284888646,1
-1.0866755151470848,-0.8073390444129942,-0.843313169856417,-0.9810141559830952,1
1.5413689168784943,2.2782336440162587,1.4106603677312304,-0.3278933184400019,2
-2.072192177156677,-1.4501666878357553,-1.0394309654063227,-1.1442943653688686,1
-0.2106607044718917,-0.1645114009902331,-0.2422110641026977,0.3252275191030913,1
-1.0866755151470848,-0.4216424583593375,-0.3042548304088434,-0.1646131090542286,1
1.979376322216091,1.6354060005934978,1.528161062139787,1.9580296129608248,2
2.08887817355049,2.792495758754467,1.465904817181908,1.9580296129608248,2
-0.3201625558062908,-0.8073390444129942,-0.9506148889817716,-0.3278933184400019,1
0.3368485522001039,0.4783162424325279,-0.0267577112450549,0.8150681472604113,1
-0.3201625558062908,-0.1645114009902331,-0.2281874730882949,0.161947309717318,1
-0.6486681098094882,-1.0644701017820986,-0.7899810282713399,-0.9810141559830952,1
-0.2106607044718917,-0.8073390444129942,-0.401357574250996,-0.4911735278257753,1
0.1178448495313057,-0.9359045730975464,-0.8271647923246805,-0.4911735278257753,1
-0.3201625558062908,0.3497507137479757,0.0391106707922914,1.141628566031958,1
-0.9771736638126856,-0.8073390444129942,-0.3779849225603247,-0.3278933184400019,1
-0.6486681098094882,-0.1645114009902331,-0.0688284842882633,0.4885077284888646,1
0.2273467008657048,-0.4216424583593375,-0.0813647247405324,-0.3278933184400019,1
1.5413689168784943,0.3497507137479757,0.8696897204180564,-0.4911735278257753,2
0.4463504035345031,0.0926196563788712,-0.2201132843224267,-0.1646131090542286,1
0.0083429981969065,-0.4216424583593375,-0.7451480327555976,-0.1646131090542286,1
-0.42966440714069,-0.4216424583593375,0.7426274866814978,-0.3278933184400019,1
-0.5391662584750891,-0.9359045730975464,-0.5152461315800853,-0.6544537372115486,1
0.2273467008657048,0.2211851850634235,0.93853280357967,-0.1646131090542286,1
-1.3056792178158831,-0.678773515728442,-0.0575671157463944,-0.6544537372115486,1
1.6508707682128936,1.6354060005934978,1.432970626163235,-0.3278933184400019,2
0.6653541062033014,1.121143885855289,-0.5146086956248852,2.1213098223465976,2
-1.0866755151470848,-0.678773515728442,-0.1559447314989472,-0.1646131090542286,1
-1.0866755151470848,-0.4216424583593375,-0.8730601810990897,0.161947309717318,1
-1.196177366481484,-0.8073390444129942,-0.5522174169816926,-0.4911735278257753,1
0.5558522548689022,1.2497094145398413,2.187694797120185,2.1213098223465976,2
1.6508707682128936,0.0926196563788712,-0.7549220507353328,-0.3278933184400019,1
0.0083429981969065,-0.4216424583593375,-0.6106490462083709,-0.6544537372115486,1
-0.2106607044718917,-0.1645114009902331,0.607491064179071,-0.8177339465973219,1
-1.3056792178158831,-0.5502079870438897,-0.6956405069017211,-0.6544537372115486,1
-1.196177366481484,-0.4216424583593375,-0.6214854574467731,-0.0013328996684553,1
-0.8676718124782865,-0.1645114009902331,0.315545396697413,0.4885077284888646,1
1.3223652142096962,1.121143885855289,-0.4714755293230099,-0.4911735278257753,1
-0.8676718124782865,-0.2930769296747854,0.2231171831933946,0.161947309717318,1
1.869874470881692,2.2782336440162587,2.3000960038871403,2.1213098223465976,2
2.3078818762192883,2.6639302300699153,2.8043078444504403,0.3252275191030913,2
1.979376322216091,2.535364701385363,1.7485014239872974,-0.0013328996684553,2
-0.1011588531374925,0.4783162424325279,0.5896428574334673,-0.3278933184400019,1
-0.6486681098094882,-1.3216011591512031,-1.0929755856431334,-0.9810141559830952,1
-0.7581699611438873,-0.4216424583593375,-0.366298596714989,-0.6544537372115486,1
-0.6486681098094882,-0.2930769296747854,2.107590345416702,-0.6544537372115486,1
-0.3201625558062908,-0.1645114009902331,-0.7451480327555976,-0.4911735278257753,1
-0.6486681098094882,-1.3216011591512031,-1.113798493513004,-0.9810141559830952,1
-1.0866755151470848,-0.678773515728442,-0.9357413833604354,-0.3278933184400019,1
-0.1011588531374925,-0.1645114009902331,-0.1472331067778788,0.4885077284888646,1
-0.1011588531374925,-0.0359458723056809,-0.1818671270104191,-0.6544537372115486,1
1.103361511540898,0.7354472998016324,-0.6550570844206464,-0.1646131090542286,1
-1.3056792178158831,-0.678773515728442,-0.4468280057219383,-0.6544537372115486,1
0.0083429981969065,-0.5502079870438897,-0.6380587922819764,-0.1646131090542286,1
2.08887817355049,-0.8073390444129942,-0.9427531788676368,-0.6544537372115486,1
1.103361511540898,1.8925370579626024,2.2663118982615336,2.1213098223465976,2
-1.4151810691502822,-0.8073390444129942,-0.4973979248344817,-0.3278933184400019,1
-0.5391662584750891,-0.5502079870438897,0.5739194372051976,-0.4911735278257753,1
-0.3201625558062908,-0.5502079870438897,-0.6818293945390517,-0.3278933184400019,1
0.4463504035345031,-0.5502079870438897,-0.9297919811119008,-0.4911735278257753,1
0.3368485522001039,-0.0359458723056809,-0.537131432708623,0.161947309717318,1
-0.6486681098094882,0.2211851850634235,0.9115480148095312,0.9783483566461848,1
0.9938596602064989,2.1496681153317065,0.7634503945513685,-0.0013328996684553,2
0.2273467008657048,-0.0359458723056809,-0.6070369091289035,-0.9810141559830952,1
-0.6486681098094882,-0.1645114009902331,0.2003819674579234,0.4885077284888646,1
0.8843578088720997,1.6354060005934978,0.923871776610067,-0.0013328996684553,2
-0.6486681098094882,-0.4216424583593375,-0.9336165968431016,-0.6544537372115486,1
-0.6486681098094882,-0.5502079870438897,-0.5908885315971669,-0.8177339465973219,1
0.8843578088720997,-0.1645114009902331,0.6113156799102717,-0.6544537372115486,1
1.2128633628752972,0.4783162424325279,-0.2160761899394925,-0.8177339465973219,1
-0.3201625558062908,-1.193035630466651,-0.7991176102958749,-0.8177339465973219,1
0.3368485522001039,0.6068817711170802,1.5413347385472562,0.3252275191030913,2
-0.9771736638126856,-0.678773515728442,0.4164727562707663,-0.3278933184400019,1
0.7748559575377005,-0.5502079870438897,-0.7098765765678573,-0.3278933184400019,1
1.7603726195472926,3.049626816123572,2.144986588121776,0.3252275191030913,2
1.3223652142096962,1.121143885855289,0.0314614393298899,-0.6544537372115486,1
0.3368485522001039,-0.4216424583593375,-0.883471635034025,-0.6544537372115486,1
0.7748559575377005,-0.678773515728442,-0.6550570844206464,-0.3278933184400019,1
-0.42966440714069,-0.8073390444129942,-0.4525649293187395,-0.4911735278257753,1
-0.3201625558062908,0.4783162424325279,-0.3705481697496565,0.9783483566461848,1
-0.7581699611438873,-0.9359045730975464,-0.255384740510167,-0.8177339465973219,1
0.5558522548689022,0.0926196563788712,-0.6012999855321024,0.8150681472604113,1
0.7748559575377005,-0.0359458723056809,-0.3686358618840561,-0.9810141559830952,1
-0.7581699611438873,-1.3216011591512031,-1.1110362710404702,-0.9810141559830952,1
2.1983800248848895,0.2211851850634235,-0.3405886798552506,0.8150681472604113,2
1.3223652142096962,2.2782336440162587,0.8420674956927175,0.161947309717318,2
-0.3201625558062908,0.6068817711170802,2.2318903566807267,1.141628566031958,2
-0.9771736638126856,-0.8073390444129942,-0.7636336754564013,-0.6544537372115486,1
-0.8676718124782865,-0.5502079870438897,-0.1567946461058807,-0.3278933184400019,1
-0.3201625558062908,0.6068817711170802,-0.4045447540269966,1.304908775417731,1
-0.2106607044718917,-1.3216011591512031,-0.8709353945817558,-0.9810141559830952,1
-1.4151810691502822,-0.9359045730975464,-0.7077517900505235,-1.1442943653688686,1
-1.4151810691502822,-1.3216011591512031,-0.9497649743748382,-0.9810141559830952,1
0.7748559575377005,0.6068817711170802,0.78746048219724,-0.8177339465973219,1
-0.8676718124782865,-0.1645114009902331,0.4498319045929063,0.4885077284888646,1
-0.7581699611438873,-0.678773515728442,-0.9431781361711036,-0.3278933184400019,1
1.979376322216091,-0.9359045730975464,-0.5243827136046204,-0.6544537372115486,1
-0.42966440714069,-0.4216424583593375,-0.5662410079960954,-0.3278933184400019,1
1.103361511540898,-0.0359458723056809,-0.4062445832408636,-0.3278933184400019,1
-0.9771736638126856,-0.4216424583593375,-0.8375762462596159,-1.1442943653688686,1
-0.9771736638126856,-1.3216011591512031,-1.0496299406895246,-0.9810141559830952,1
-0.9771736638126856,-0.8073390444129942,-0.3410136371587173,-0.4911735278257753,1
1.3223652142096962,-0.1645114009902331,-0.3641738101976552,-0.6544537372115486,1
-0.8676718124782865,-0.9359045730975464,-0.7060519608366564,-0.6544537372115486,1
-0.9771736638126856,-0.4216424583593375,0.0097886168530856,0.161947309717318,1
-0.42966440714069,0.3497507137479757,-0.0244204460759878,-1.1442943653688686,1
-0.5391662584750891,-0.1645114009902331,1.0073758867412836,-0.3278933184400019,1
1.869874470881692,1.8925370579626024,2.0247236712406855,1.141628566031958,2
-0.8676718124782865,-0.0359458723056809,-0.8798594979545576,0.3252275191030913,1
0.7748559575377005,1.6354060005934978,2.0876173521537646,2.1213098223465976,2
0.2273467008657048,-0.2930769296747854,0.3979871135699627,-0.8177339465973219,1
0.9938596602064989,1.5068404719089457,2.1466864173356432,0.9783483566461848,2
-0.2106607044718917,-0.0359458723056809,0.446857203468639,0.651787937874638,1
-1.5246829204846812,-0.8073390444129942,-0.8989825766105615,-0.4911735278257753,1
0.3368485522001039,0.4783162424325279,-0.9529521541508388,-0.3278933184400019,1
-0.3201625558062908,-0.1645114009902331,0.1232522168787081,0.4885077284888646,1
-0.6486681098094882,-0.5502079870438897,-0.513971259669685,-0.0013328996684553,1
1.4318670655440953,2.6639302300699153,1.680295776780884,4.080672334975878,2
-0.3201625558062908,0.0926196563788712,-0.89133334514816,0.651787937874638,1
0.5558522548689022,-0.9359045730975464,-0.3531249203075197,-0.9810141559830952,1
0.0083429981969065,-0.1645114009902331,-0.4712630506712765,0.4885077284888646,1
-0.8676718124782865,-0.2930769296747854,0.6824960282409525,-0.0013328996684553,1
-0.42966440714069,-0.8073390444129942,-0.4638262978606084,-0.3278933184400019,1
0.8843578088720997,-0.4216424583593375,-0.928729587853234,-0.3278933184400019,1
0.5558522548689022,1.6354060005934978,0.7693997967999031,2.1213098223465976,2
0.3368485522001039,-0.2930769296747854,-0.2188384124120264,0.161947309717318,1
-0.42966440714069,0.4783162424325279,-0.2753577337731043,1.304908775417731,1
0.3368485522001039,1.2497094145398413,2.110777525192703,2.284590031732371,2
-1.4151810691502822,-1.193035630466651,-0.8938830889689604,-0.9810141559830952,1
0.3368485522001039,-0.4216424583593375,-0.5171584394456856,-0.8177339465973219,1
0.8843578088720997,-0.1645114009902331,0.1993195741992565,0.4885077284888646,1
-0.2106607044718917,-0.678773515728442,-0.8654109496366881,-0.3278933184400019,1
-0.5391662584750891,0.0926196563788712,-0.1327845584600093,-0.0013328996684553,1
-0.1011588531374925,-0.5502079870438897,-0.8199405181657458,-0.6544537372115486,1
1.2128633628752972,0.8640128284861845,-0.0135840348375856,0.161947309717318,2
-0.8676718124782865,-0.8073390444129942,-0.8609488979502873,-0.9810141559830952,1
-0.42966440714069,-0.4216424583593375,-0.0235705314690543,-0.8177339465973219,1
-0.7581699611438873,-0.1645114009902331,0.6822835495892191,0.4885077284888646,1
0.1178448495313057,-0.1645114009902331,-0.0905013067650676,-0.1646131090542286,1
-0.2106607044718917,-1.0644701017820986,-0.8611613766020206,-0.6544537372115486,1
-0.7581699611438873,-0.2930769296747854,0.5836934551849329,-0.4911735278257753,1
-0.2106607044718917,-1.3216011591512031,-0.94105334965377,-0.9810141559830952,1
1.7603726195472926,2.9210612874390196,0.778961336127905,4.243952544361651,2
0.1178448495313057,-0.5502079870438897,-0.3501502191832525,-0.3278933184400019,1
-0.5391662584750891,-0.2930769296747854,-0.5133338237144849,-0.1646131090542286,1
1.2128633628752972,-0.1645114009902331,-0.8787971046958908,0.161947309717318,1
-0.3201625558062908,-1.3216011591512031,-0.7502475203971986,-0.9810141559830952,1
1.979376322216091,3.1781923448081244,2.7798727995011023,4.733793172518971,2
-0.3201625558062908,-0.2930769296747854,-0.2165011472429593,-0.8177339465973219,1
-1.196177366481484,-1.3216011591512031,-0.9438155721263036,-0.9810141559830952,1
0.1178448495313057,-0.1645114009902331,0.7269040664532279,0.3252275191030913,1
0.1178448495313057,-0.4216424583593375,-0.4897486933720802,-0.6544537372115486,1
-0.1011588531374925,0.4783162424325279,0.0663079382141635,-0.9810141559830952,1
-0.8676718124782865,-0.1645114009902331,-0.3781974012120581,0.4885077284888646,1
-0.2106607044718917,-0.1645114009902331,-0.0766901944023982,-0.3278933184400019,1
0.2273467008657048,-0.0359458723056809,0.3684525809790235,-0.0013328996684553,1
-0.8676718124782865,-0.678773515728442,0.4993394304467828,-0.1646131090542286,1
1.4318670655440953,2.0211025866471544,2.7256907433090913,-0.9810141559830952,2
-1.5246829204846812,-0.9359045730975464,-0.9412658283055032,-0.8177339465973219,1
-0.1011588531374925,-0.2930769296747854,-0.199927812407756,-0.6544537372115486,1
0.5558522548689022,1.6354060005934978,2.7856097230979033,-0.9810141559830952,2
-0.2106607044718917,-0.1645114009902331,-0.6578193068931802,0.4885077284888646,1
-0.3201625558062908,-0.4216424583593375,-0.3059546596227104,0.161947309717318,1
0.3368485522001039,-0.8073390444129942,-0.3960456079576616,-0.3278933184400019,1
0.6653541062033014,-0.4216424583593375,-0.3456881674968516,-0.1646131090542286,1
-0.2106607044718917,-1.3216011591512031,-0.8101665001860104,-0.9810141559830952,1
0.9938596602064989,2.0211025866471544,2.350878401651417,3.1009910786612376,2
-0.9771736638126856,-1.3216011591512031,-0.8700854799748223,-0.9810141559830952,1
-1.6341847718190805,-0.9359045730975464,-0.783819147371072,-0.4911735278257753,1
1.4318670655440953,2.6639302300699153,1.007588365393017,3.754111916204331,2
-0.5391662584750891,-0.678773515728442,-0.6780047788078509,-0.6544537372115486,1
0.7748559575377005,1.5068404719089457,2.6657717635202793,2.447870241118145,2
-0.7581699611438873,-0.678773515728442,-0.9268172799876336,-0.1646131090542286,1
0.8843578088720997,-0.1645114009902331,-0.1559447314989472,0.4885077284888646,1
0.8843578088720997,-0.1645114009902331,-0.450015185497939,0.4885077284888646,1
-0.6486681098094882,-0.1645114009902331,-0.2487979023064324,-0.3278933184400019,1
-0.1011588531374925,-0.5502079870438897,-0.3909461203160606,-0.6544537372115486,1
-0.3201625558062908,-0.2930769296747854,-0.3779849225603247,0.3252275191030913,1
1.3223652142096962,-0.1645114009902331,-0.6994651226329218,0.3252275191030913,1
0.2273467008657048,-0.1645114009902331,-0.2392363629784304,-0.0013328996684553,1
-1.0866755151470848,-0.5502079870438897,-0.5177958754008858,-0.0013328996684553,1
-0.2106607044718917,0.6068817711170802,-0.2751452551213709,1.4681889848035046,1
-0.9771736638126856,-0.678773515728442,-0.3454756888451182,-0.3278933184400019,1
-1.7436866231534796,-1.0644701017820986,-0.7194381158958592,-0.8177339465973219,1
-2.072192177156677,-1.4501666878357553,-1.0483550687791243,-1.1442943653688686,1
1.103361511540898,2.0211025866471544,2.7951712624259053,-0.3278933184400019,2
0.2273467008657048,-0.0359458723056809,-0.7296370911790612,0.4885077284888646,1
0.3368485522001039,0.8640128284861845,0.8354806574889828,1.794749403575051,2
-0.2106607044718917,0.4783162424325279,-0.500372625958749,1.141628566031958,1
0.0083429981969065,-0.2930769296747854,-0.1561572101506806,-0.4911735278257753,1
0.2273467008657048,-0.1645114009902331,-0.3104167113091113,0.3252275191030913,1
0.8843578088720997,-0.1645114009902331,-0.1557322528472139,0.4885077284888646,1
0.1178448495313057,-0.1645114009902331,0.2662503494952699,-0.3278933184400019,1
-0.2106607044718917,0.4783162424325279,0.8080709114153775,0.9783483566461848,2
0.0083429981969065,-0.4216424583593375,-0.5454181001262246,0.161947309717318,1
0.3368485522001039,0.8640128284861845,0.3064088146728778,-0.4911735278257753,1
0.7748559575377005,0.3497507137479757,-0.161469176444015,0.4885077284888646,1
1.2128633628752972,1.5068404719089457,1.848366390301984,-0.8177339465973219,2
-0.2106607044718917,-0.5502079870438897,-0.2258502079192278,-0.8177339465973219,1
-1.4151810691502822,-0.678773515728442,-0.5828143428312987,-0.1646131090542286,1
-1.0866755151470848,-0.8073390444129942,-0.634446655202509,-0.6544537372115486,1
-1.0866755151470848,-0.678773515728442,-0.8335391518766818,-0.4911735278257753,1
0.3368485522001039,-0.1645114009902331,-0.9215053136942992,-0.4911735278257753,1
-0.8676718124782865,-0.4216424583593375,-0.1346968663256097,-0.3278933184400019,1
-0.1011588531374925,-0.2930769296747854,0.3197949697320805,-0.6544537372115486,1
-1.3056792178158831,-0.5502079870438897,-0.2755702124248377,-0.0013328996684553,1
0.2273467008657048,-0.5502079870438897,-0.2566596124205673,-0.3278933184400019,1
1.3223652142096962,2.0211025866471544,2.1056780375511015,-0.4911735278257753,2
1.4318670655440953,0.9925783571707368,1.437645156501369,1.141628566031958,2
-1.8531884744878788,-1.193035630466651,-0.7904059855748066,-0.8177339465973219,1
-0.3201625558062908,-0.0359458723056809,-0.2273375584813614,0.651787937874638,1
-0.1011588531374925,0.4783162424325279,-0.9540145474095058,-0.4911735278257753,1
1.3223652142096962,2.406799172700811,1.5857427767595318,1.304908775417731,2
-0.1011588531374925,-0.9359045730975464,-0.4523524506670061,-0.6544537372115486,1
-0.1011588531374925,0.2211851850634235,0.0720448618109646,-0.3278933184400019,1
1.869874470881692,3.1781923448081244,2.320918911757011,0.4885077284888646,2
0.6653541062033014,0.3497507137479757,2.3585276331138187,1.141628566031958,2
-0.2106607044718917,0.2211851850634235,-0.4083693697581974,0.651787937874638,1
0.1178448495313057,0.9925783571707368,-0.3756476573912575,0.9783483566461848,1
-0.8676718124782865,-0.1645114009902331,-0.4920859585411473,0.4885077284888646,1
-0.42966440714069,-0.678773515728442,-0.2120390955565584,-0.1646131090542286,1
-0.5391662584750891,-0.1645114009902331,-0.2194758483672265,0.3252275191030913,1
-0.6486681098094882,-0.1645114009902331,-0.2182009764568263,0.4885077284888646,1
1.3223652142096962,0.7354472998016324,-0.8320518013145481,-0.8177339465973219,1
0.1178448495313057,-0.9359045730975464,-0.8632861631193544,-0.4911735278257753,1
1.103361511540898,2.2782336440162587,2.011974952136683,-0.6544537372115486,2
1.3223652142096962,1.5068404719089457,1.8859751116587913,0.161947309717318,2
0.4463504035345031,1.2497094145398413,0.1230397382269747,-0.8177339465973219,1
-1.8531884744878788,-1.193035630466651,-0.8020923114201423,-0.8177339465973219,1
-0.42966440714069,-0.5502079870438897,-0.2411486708440308,-0.1646131090542286,1
-0.1011588531374925,-0.1645114009902331,-0.2456107225304317,-0.6544537372115486,1
0.7748559575377005,-0.4216424583593375,-0.7028647810606559,-0.8177339465973219,1
-1.5246829204846812,-0.8073390444129942,-0.5341567315843557,-0.3278933184400019,1
0.1178448495313057,-0.5502079870438897,-0.6792796507182511,-1.1442943653688686,1
1.7603726195472926,-0.0359458723056809,0.1066788820435048,-0.4911735278257753,1
1.2128633628752972,0.9925783571707368,-0.8176032529966786,0.3252275191030913,1
-0.5391662584750891,-1.3216011591512031,-1.0857513114841986,-0.9810141559830952,1
-1.196177366481484,-0.5502079870438897,-0.8356639383940155,-0.0013328996684553,1
1.979376322216091,-0.4216424583593375,-0.6301970821678414,-0.4911735278257753,1
-0.3201625558062908,0.4783162424325279,-0.5347941675395558,1.304908775417731,1
2.526885578888087,0.9925783571707368,0.9306710934655352,-0.9810141559830952,2
-0.42966440714069,0.3497507137479757,-0.9508273676335052,1.141628566031958,1
0.0083429981969065,-0.678773515728442,0.6421250844116111,-0.1646131090542286,1
-0.3201625558062908,-0.1645114009902331,-0.7593841024217337,0.4885077284888646,1
-1.5246829204846812,-1.0644701017820986,-0.8983451406553613,-0.6544537372115486,1
0.7748559575377005,-0.2930769296747854,0.292385223658475,0.161947309717318,1
-0.2106607044718917,-0.678773515728442,-0.3342143203032493,-0.3278933184400019,1
0.6653541062033014,-0.1645114009902331,0.285585906803007,0.4885077284888646,1
-1.4151810691502822,-0.8073390444129942,-0.4466155270702049,-0.3278933184400019,1
0.4463504035345031,-0.1645114009902331,0.5817811473193325,0.4885077284888646,1
-0.8676718124782865,-0.2930769296747854,-0.7498225630937319,-0.3278933184400019,1
-0.1011588531374925,0.7354472998016324,-0.425155183245134,0.9783483566461848,1
0.8843578088720997,1.76397152927805,0.9019864754815294,2.6111504505039176,2
-1.4151810691502822,-1.3216011591512031,-1.0513297699033917,-0.9810141559830952,1
1.103361511540898,1.76397152927805,1.366889765474155,2.6111504505039176,2
-1.196177366481484,-1.0644701017820986,-0.89197078110336,-0.6544537372115486,1
0.8843578088720997,1.2497094145398413,2.167509325205514,2.284590031732371,2
-0.5391662584750891,-0.1645114009902331,-0.6522948619481125,-0.3278933184400019,1
-0.6486681098094882,-0.678773515728442,-0.642945801271844,-0.3278933184400019,1
0.4463504035345031,-0.1645114009902331,-0.015496342703186,-0.6544537372115486,1
0.3368485522001039,0.8640128284861845,0.0027768213458842,-0.9810141559830952,1
-1.4151810691502822,-0.678773515728442,-0.5515799810264925,-0.1646131090542286,1
0.9938596602064989,0.9925783571707368,-0.199927812407756,0.4885077284888646,2
-0.2106607044718917,0.7354472998016324,0.080756486532033,-0.0013328996684553,1
-0.7581699611438873,-0.1645114009902331,-0.7736201720878699,0.4885077284888646,1
1.103361511540898,-0.9359045730975464,-0.3240153450200473,-0.9810141559830952,1
0.9938596602064989,0.2211851850634235,0.8212445878228467,0.4885077284888646,2
-0.1011588531374925,0.6068817711170802,-0.0783900236162652,-0.8177339465973219,1
-0.5391662584750891,-0.1645114009902331,0.0493096460754934,-1.1442943653688686,1
-1.5246829204846812,-1.0644701017820986,-0.6816169158873183,-0.6544537372115486,1
-0.6486681098094882,-0.2930769296747854,-0.2687708955693696,-0.3278933184400019,1
0.2273467008657048,-0.2930769296747854,-0.0065722393303842,0.3252275191030913,1
-0.5391662584750891,-0.1645114009902331,0.660185769808948,-0.4911735278257753,1
0.3368485522001039,1.2497094145398413,2.832355026479246,2.284590031732371,2
0.8843578088720997,-0.2930769296747854,0.6912076529620209,-0.3278933184400019,1
-0.7581699611438873,-0.1645114009902331,-0.3261401315373811,0.3252275191030913,1
-1.4151810691502822,-1.0644701017820986,-0.9259673653807,-0.8177339465973219,1
-0.7581699611438873,-0.678773515728442,-0.918530612570032,-0.4911735278257753,1
-0.6486681098094882,-0.678773515728442,0.3916127540179614,-0.3278933184400019,1
-1.0866755151470848,-0.678773515728442,-0.649745118127312,-0.1646131090542286,1
-0.8676718124782865,-1.193035630466651,-0.7952929945646742,-0.8177339465973219,1
-0.8676718124782865,-0.1645114009902331,-0.0443934393389251,-0.6544537372115486,1
-0.7581699611438873,0.0926196563788712,0.1353635000275105,-0.0013328996684553,1
-0.3201625558062908,-0.678773515728442,-0.7587466664665337,-0.3278933184400019,1
-0.42966440714069,0.2211851850634235,-0.2881064528771068,0.651787937874638,1
1.3223652142096962,-0.4216424583593375,-0.4240927899864671,-0.3278933184400019,1
-0.42966440714069,-0.0359458723056809,0.4379331000958372,-1.1442943653688686,1
0.1178448495313057,-0.2930769296747854,-0.8573367608708199,-0.1646131090542286,1
-0.6486681098094882,-0.1645114009902331,0.3523042034472869,-0.9810141559830952,1
-0.8676718124782865,-1.3216011591512031,-0.9336165968431016,-0.9810141559830952,1
-0.7581699611438873,-0.1645114009902331,-0.2568720910723006,-0.0013328996684553,1
-0.5391662584750891,0.0926196563788712,-0.804217097937476,-0.0013328996684553,1
0.1178448495313057,0.4783162424325279,-0.1470206281261455,-0.9810141559830952,1
0.6653541062033014,-0.678773515728442,-0.8639235990745545,-0.9810141559830952,1
0.5558522548689022,-0.5502079870438897,-0.794018122654274,-0.3278933184400019,1
1.979376322216091,2.9210612874390196,2.6634344983512124,-0.9810141559830952,2
-0.42966440714069,-0.0359458723056809,-0.7326117923033284,0.3252275191030913,1
0.4463504035345031,-0.8073390444129942,-0.8953704395310941,-0.3278933184400019,1
-0.3201625558062908,0.4783162424325279,-0.5316069877635552,1.304908775417731,1
1.7603726195472926,2.0211025866471544,1.373051646374423,-0.6544537372115486,2
0.6653541062033014,-0.1645114009902331,-0.6297721248643747,0.3252275191030913,1
-0.3201625558062908,-0.678773515728442,-0.1007002820482696,-0.8177339465973219,1
-1.7436866231534796,-1.3216011591512031,-0.8125037653550776,-0.9810141559830952,1
0.1178448495313057,-0.8073390444129942,-0.5951381046318345,-0.3278933184400019,1
-1.6341847718190805,-1.3216011591512031,-0.8722102664921562,-0.9810141559830952,1
-0.6486681098094882,0.2211851850634235,-0.2199008056706933,0.8150681472604113,1
1.5413689168784943,0.4783162424325279,1.4051359227861626,-0.8177339465973219,2
0.0083429981969065,-0.8073390444129942,-0.4916610012376806,-0.3278933184400019,1
0.9938596602064989,1.6354060005934978,2.725053307353891,-0.8177339465973219,2
-0.1011588531374925,0.4783162424325279,0.386300787724627,0.8150681472604113,1
0.7748559575377005,-0.678773515728442,-0.8841090709892252,-0.3278933184400019,1
0.0083429981969065,0.9925783571707368,-0.5167334821422189,0.4885077284888646,1
-0.2106607044718917,-0.1645114009902331,-0.1465956708226787,0.4885077284888646,1
-0.42966440714069,0.3497507137479757,-0.7139136709507914,0.4885077284888646,1
-0.9771736638126856,-0.8073390444129942,-0.947427709205771,-0.3278933184400019,1
0.2273467008657048,-0.2930769296747854,1.4790784935893773,-0.4911735278257753,1
0.9938596602064989,-0.678773515728442,0.3161828326526131,-0.8177339465973219,1
0.3368485522001039,-0.5502079870438897,-0.6641936664451815,-0.4911735278257753,1
0.5558522548689022,-0.1645114009902331,-0.205027300049357,-1.1442943653688686,1
-0.2106607044718917,0.4783162424325279,-0.1574320820610809,-0.0013328996684553,1
0.1178448495313057,0.2211851850634235,-0.8309894080558813,0.651787937874638,1
-0.3201625558062908,-0.0359458723056809,-0.2458232011821651,-0.0013328996684553,1
0.0083429981969065,-0.1645114009902331,-0.4865615135960796,0.4885077284888646,1
0.2273467008657048,-0.5502079870438897,-0.5048346776451499,-0.8177339465973219,1
0.6653541062033014,-0.5502079870438897,-0.8637111204228212,-0.6544537372115486,1
0.4463504035345031,-0.0359458723056809,0.0779942640594991,-0.6544537372115486,1
0.4463504035345031,1.5068404719089457,0.8380304013097833,2.447870241118145,2
-0.7581699611438873,-0.2930769296747854,0.6722970529577504,-0.0013328996684553,1
-1.196177366481484,-0.678773515728442,-0.9253299294255,-0.3278933184400019,1
0.9938596602064989,0.2211851850634235,0.5148503720233192,0.3252275191030913,1
0.3368485522001039,0.0926196563788712,0.002139385390684,-0.3278933184400019,1
-0.3201625558062908,-0.1645114009902331,0.0629082797864294,0.4885077284888646,1
2.3078818762192883,3.3067578734926766,2.07975564203963,1.4681889848035046,2
-0.2106607044718917,-0.678773515728442,-0.8069793204100099,-0.3278933184400019,1
1.103361511540898,2.1496681153317065,0.8138078350121786,2.447870241118145,2
0.3368485522001039,0.4783162424325279,-0.4366290304387363,-0.0013328996684553,1
1.869874470881692,0.3497507137479757,0.0745946056317651,-0.0013328996684553,1
-0.6486681098094882,-0.2930769296747854,0.6659226934057492,-0.6544537372115486,1
-0.9771736638126856,-1.0644701017820986,-0.6187232349742392,-0.6544537372115486,1
0.1178448495313057,1.121143885855289,-0.2332869607298959,-0.4911735278257753,1
-1.196177366481484,-0.8073390444129942,-0.3864840686296597,-0.3278933184400019,1
2.3078818762192883,1.5068404719089457,1.9726664015660087,-0.8177339465973219,2
-2.072192177156677,-1.4501666878357553,-1.06004139462446,-1.1442943653688686,1
-0.6486681098094882,-1.193035630466651,-0.7536471788249326,-0.9810141559830952,1
-0.8676718124782865,-0.9359045730975464,-0.8855964215513588,-0.8177339465973219,1
0.8843578088720997,-0.1645114009902331,-0.2866191023149732,0.161947309717318,1
-0.1011588531374925,0.4783162424325279,0.0975423000189697,-0.9810141559830952,1
0.6653541062033014,-0.5502079870438897,-0.1759177247618845,-0.0013328996684553,1
-1.0866755151470848,-0.678773515728442,-0.8762473608750903,-0.3278933184400019,1
-0.8676718124782865,-0.0359458723056809,-0.5717654529411632,0.651787937874638,1
-0.5391662584750891,-0.9359045730975464,-0.3941333000920612,-1.1442943653688686,1
0.5558522548689022,-0.1645114009902331,-0.7578967518596001,-0.1646131090542286,1
1.103361511540898,-0.5502079870438897,-0.9344665114500352,-0.8177339465973219,1
0.9938596602064989,0.0926196563788712,0.4409078012201045,0.3252275191030913,1
-0.9771736638126856,-1.0644701017820986,-0.8067668417582765,-0.6544537372115486,1
-0.8676718124782865,-0.0359458723056809,-0.0252703606829213,-0.0013328996684553,1
0.5558522548689022,-0.4216424583593375,-0.5386187832707566,-1.1442943653688686,1
-0.5391662584750891,-0.5502079870438897,0.7232919293737606,-0.8177339465973219,1
0.9938596602064989,1.76397152927805,1.4282960958251003,1.9580296129608248,2
-1.0866755151470848,-0.2930769296747854,-0.6295596462126413,0.3252275191030913,1
-0.8676718124782865,-1.3216011591512031,-0.7859439338884057,-0.9810141559830952,1
0.6653541062033014,1.2497094145398413,2.7386519410648273,1.4681889848035046,2
1.2128633628752972,2.2782336440162587,2.796658612988039,2.447870241118145,2
-0.8676718124782865,-1.3216011591512031,-0.8634986417710877,-0.9810141559830952,1
0.9938596602064989,0.3497507137479757,0.1723347854291178,0.161947309717318,1
-1.0866755151470848,-0.4216424583593375,-0.3673609899736559,-0.0013328996684553,1
0.2273467008657048,-0.5502079870438897,-0.5526423742851594,-0.8177339465973219,1
1.979376322216091,0.9925783571707368,-0.816115902434545,-0.3278933184400019,1
-0.9771736638126856,-1.3216011591512031,-0.7748950439982701,-0.9810141559830952,1
-0.7581699611438873,-1.3216011591512031,-1.1520446508250115,-0.9810141559830952,1
-1.6341847718190805,-1.3216011591512031,-0.8564868462638864,-0.9810141559830952,1
-0.1011588531374925,-0.1645114009902331,-0.1763426820653513,0.4885077284888646,1
-0.6486681098094882,-0.1645114009902331,-0.4899611720238135,0.4885077284888646,1
-0.3201625558062908,-0.2930769296747854,0.6820710709374858,-0.3278933184400019,1
-0.8676718124782865,-0.0359458723056809,-0.9436030934745704,-0.6544537372115486,1
0.0083429981969065,0.6068817711170802,-0.4714755293230099,-0.3278933184400019,1
-0.2106607044718917,-0.9359045730975464,-0.3643862888493887,-0.6544537372115486,1
0.8843578088720997,-0.1645114009902331,-0.1268351562114748,0.3252275191030913,1
-0.1011588531374925,-0.1645114009902331,-0.5560420327128933,0.4885077284888646,1
0.3368485522001039,1.3782749432243937,2.192794284761786,1.9580296129608248,2
-1.196177366481484,-1.3216011591512031,-0.7585341878148002,-0.9810141559830952,1
-1.0866755151470848,-0.2930769296747854,-0.0006228370818497,0.161947309717318,1
1.2128633628752972,1.6354060005934978,2.2673742915202006,2.447870241118145,2
0.7748559575377005,-0.1645114009902331,-0.3123290191747117,-0.8177339465973219,1
-0.3201625558062908,-0.8073390444129942,-0.8915458237998933,-0.3278933184400019,1
2.08887817355049,-0.8073390444129942,-0.8320518013145481,-0.4911735278257753,1
-0.1011588531374925,0.0926196563788712,-0.2116141382530916,-0.4911735278257753,1
0.4463504035345031,0.3497507137479757,-0.448315356284072,-0.3278933184400019,1
0.5558522548689022,0.8640128284861845,1.4544309699883058,0.9783483566461848,2
-0.6486681098094882,-0.4216424583593375,0.0170128910120203,-0.3278933184400019,1
-0.3201625558062908,-0.2930769296747854,0.3399804416467512,-0.4911735278257753,1
-0.6486681098094882,-0.9359045730975464,-0.5364939967534228,-0.8177339465973219,1
-1.196177366481484,-0.4216424583593375,-0.8411883833390833,-0.0013328996684553,1
0.8843578088720997,0.0926196563788712,-0.2345618326402962,-0.4911735278257753,1
-0.42966440714069,-0.1645114009902331,-0.2158637112877592,0.4885077284888646,1
-0.9771736638126856,-0.5502079870438897,0.0703450325970976,-0.0013328996684553,1
-0.8676718124782865,-1.3216011591512031,-1.149919864307678,-0.9810141559830952,1
0.2273467008657048,-0.1645114009902331,-0.1629565270061486,-0.6544537372115486,1
-1.0866755151470848,-0.678773515728442,-0.9087565945902968,-0.3278933184400019,1
-0.3201625558062908,0.6068817711170802,-0.1606192618370815,1.304908775417731,1
-0.9771736638126856,-0.678773515728442,0.7120305608318916,-0.8177339465973219,1
1.103361511540898,0.6068817711170802,-0.2201132843224267,0.161947309717318,1
2.08887817355049,-0.678773515728442,-0.2385989270232303,-1.1442943653688686,1
0.2273467008657048,-0.1645114009902331,-0.2872565382701733,0.4885077284888646,1
0.1178448495313057,1.121143885855289,-0.9285171092015008,2.1213098223465976,1
2.3078818762192883,2.2782336440162587,2.4163218263852966,-0.9810141559830952,2
-0.5391662584750891,-0.4216424583593375,-0.8649859923332214,-0.4911735278257753,1
0.1178448495313057,-0.1645114009902331,-0.367998425928856,-0.3278933184400019,1
1.3223652142096962,2.1496681153317065,2.6895693725144176,-0.3278933184400019,2
0.5558522548689022,0.3497507137479757,-0.3008551719811094,-1.1442943653688686,1
-1.0866755151470848,-1.3216011591512031,-0.7734076934361366,-0.9810141559830952,1
-0.2106607044718917,-0.678773515728442,-0.2001402910594893,-0.3278933184400019,1
-0.9771736638126856,-0.8073390444129942,-0.9261798440324336,-0.3278933184400019,1
-0.6486681098094882,-0.9359045730975464,-0.7304870057859947,-0.4911735278257753,1
-0.1011588531374925,-0.8073390444129942,-0.7846690619780055,-0.3278933184400019,1
-0.3201625558062908,0.3497507137479757,0.7192548349908264,1.141628566031958,1
-0.3201625558062908,-0.2930769296747854,0.4515317338067733,0.161947309717318,1
-1.196177366481484,-0.4216424583593375,-0.7725577788292031,-0.0013328996684553,1
-0.8676718124782865,-0.678773515728442,-0.240086277585364,-0.3278933184400019,1
-0.5391662584750891,-0.2930769296747854,0.0348610977576239,-0.3278933184400019,1
-0.6486681098094882,-0.1645114009902331,-0.3187033787267129,0.4885077284888646,1
-0.9771736638126856,-0.678773515728442,-0.8787971046958908,-0.4911735278257753,1
0.1178448495313057,1.121143885855289,-0.7744700866948034,-0.9810141559830952,1
-0.2106607044718917,-0.1645114009902331,-0.2759951697283044,0.4885077284888646,1
-1.0866755151470848,-0.5502079870438897,-0.5095092079832841,-0.0013328996684553,1
-0.5391662584750891,-0.4216424583593375,0.674846796778551,-0.9810141559830952,1
-0.6486681098094882,-0.1645114009902331,-0.1882414865624203,0.4885077284888646,1
1.7603726195472926,0.4783162424325279,0.8382428799615167,-0.8177339465973219,2
1.869874470881692,-0.2930769296747854,-0.7661834192772018,-0.4911735278257753,1
-0.42966440714069,-0.2930769296747854,-0.1136614798040055,0.3252275191030913,1
0.6653541062033014,-0.1645114009902331,0.2139806011688594,0.4885077284888646,1
0.1178448495313057,-0.5502079870438897,-0.7462104260142645,-0.1646131090542286,1
1.979376322216091,3.049626816123572,2.790496732087771,0.4885077284888646,2
-0.6486681098094882,-1.3216011591512031,-1.1418456755418096,-0.9810141559830952,1
0.2273467008657048,1.2497094145398413,1.452943619426172,2.1213098223465976,2
0.5558522548689022,1.121143885855289,-0.4612765540398079,2.1213098223465976,2
-0.6486681098094882,0.2211851850634235,0.9621179339220748,0.651787937874638,1
1.869874470881692,-0.2930769296747854,-0.4383288596526033,-0.3278933184400019,1
-1.4151810691502822,-0.9359045730975464,-0.4007201382957959,-0.4911735278257753,1
-1.5246829204846812,-0.8073390444129942,-0.8193030822105456,-0.3278933184400019,1
0.3368485522001039,-0.1645114009902331,-0.0382315584386572,0.4885077284888646,1
0.3368485522001039,0.4783162424325279,-0.1754927674584178,0.651787937874638,1
-1.3056792178158831,-0.678773515728442,-0.9170432620078984,-0.8177339465973219,1
-0.7581699611438873,0.0926196563788712,-0.5853640866520992,0.8150681472604113,1
-1.3056792178158831,-0.5502079870438897,-0.5367064754051563,-0.8177339465973219,1
1.103361511540898,1.76397152927805,0.4525941270654401,1.6314691941892778,2
-0.42966440714069,-1.3216011591512031,-0.9550769406681726,-0.9810141559830952,1
0.1178448495313057,0.6068817711170802,-0.4383288596526033,1.304908775417731,1
-0.6486681098094882,-1.0644701017820986,-0.7300620484825279,-0.8177339465973219,1
0.1178448495313057,-0.1645114009902331,-0.2511351674754995,0.161947309717318,1
0.5558522548689022,-0.2930769296747854,-0.2322245674712291,-0.4911735278257753,1
0.4463504035345031,0.0926196563788712,-0.7906184642265399,-0.3278933184400019,1
1.103361511540898,0.3497507137479757,1.1588731654271804,0.9783483566461848,2
-0.2106607044718917,-0.8073390444129942,-0.8165408597380117,-0.8177339465973219,1
-1.6341847718190805,-0.9359045730975464,-0.6646186237486482,-0.6544537372115486,1
-0.2106607044718917,-0.1645114009902331,-0.2985179068120422,0.4885077284888646,1
-0.42966440714069,-0.1645114009902331,-0.3452632101933848,0.3252275191030913,1
-0.5391662584750891,-0.678773515728442,-0.7789321383812043,-0.1646131090542286,1
0.3368485522001039,-0.4216424583593375,-0.8705104372782891,-0.9810141559830952,1
-0.5391662584750891,-1.0644701017820986,-0.8996200125657616,-0.8177339465973219,1
0.2273467008657048,0.8640128284861845,-0.508871772028084,-0.0013328996684553,1
0.1178448495313057,1.121143885855289,1.4242590014421663,1.794749403575051,2
-0.5391662584750891,0.3497507137479757,0.8327184350164489,1.141628566031958,1
0.0083429981969065,0.6068817711170802,1.5385725160747223,1.4681889848035046,2
-1.3056792178158831,-0.678773515728442,-0.339101329293117,-0.3278933184400019,1
1.6508707682128936,0.6068817711170802,-0.6418834080131771,0.3252275191030913,1
0.7748559575377005,-0.678773515728442,-0.8641360777262879,-0.4911735278257753,1
-1.7436866231534796,-1.193035630466651,-0.8760348822233569,-0.8177339465973219,1
0.2273467008657048,1.2497094145398413,2.746938608482429,-0.1646131090542286,2
-1.5246829204846812,-1.3216011591512031,-1.0013972867460486,-0.9810141559830952,1
-0.1011588531374925,-0.1645114009902331,0.2424527405011318,0.3252275191030913,1
-0.1011588531374925,0.8640128284861845,-0.2915061113048409,-0.4911735278257753,1
2.08887817355049,0.2211851850634235,-0.0418436955181246,0.9783483566461848,2
-0.8676718124782865,-0.9359045730975464,-0.364598767501122,-0.8177339465973219,1
0.5558522548689022,1.6354060005934978,2.629862871377339,2.447870241118145,2
2.08887817355049,0.3497507137479757,-0.8847465069444252,0.4885077284888646,1
0.4463504035345031,1.2497094145398413,1.501601230673115,2.1213098223465976,2
-0.3201625558062908,-0.4216424583593375,0.0444226370856258,0.161947309717318,1
-0.1011588531374925,0.4783162424325279,-0.2330744820781626,1.304908775417731,1
0.4463504035345031,0.3497507137479757,0.5174001158441197,-0.3278933184400019,1
-0.5391662584750891,-0.9359045730975464,-0.8634986417710877,-0.4911735278257753,1
-0.2106607044718917,-0.2930769296747854,0.4959397720190487,0.3252275191030913,1
0.1178448495313057,-0.1645114009902331,-0.2464606371373652,0.4885077284888646,1
1.4318670655440953,0.0926196563788712,0.0478222955133598,-0.1646131090542286,1
-0.1011588531374925,-0.4216424583593375,0.0316739179816232,-0.1646131090542286,1
0.8843578088720997,-0.4216424583593375,-0.3512126124419193,-0.3278933184400019,1
0.3368485522001039,-0.4216424583593375,-0.7848815406297388,-0.8177339465973219,1
-0.2106607044718917,-0.1645114009902331,-0.1729430236376173,0.4885077284888646,1
0.3368485522001039,1.121143885855289,-0.9565642912303062,-0.3278933184400019,1
-0.2106607044718917,-0.9359045730975464,-0.7491851271385317,-0.4911735278257753,1
-0.8676718124782865,-0.1645114009902331,-0.5265075001219541,-0.4911735278257753,1
-0.8676718124782865,-0.8073390444129942,-0.5775023765379643,-0.3278933184400019,1
1.4318670655440953,1.121143885855289,0.9245092125652672,-0.6544537372115486,2
0.2273467008657048,1.2497094145398413,1.17459658565545,2.1213098223465976,2
-0.6486681098094882,-0.1645114009902331,0.7294538102740284,0.3252275191030913,1
-1.196177366481484,-0.8073390444129942,-0.7515223923075989,-0.4911735278257753,1
-0.1011588531374925,0.7354472998016324,-0.8354514597422822,-0.3278933184400019,1
0.2273467008657048,-0.2930769296747854,0.7411401361193641,-0.0013328996684553,1
-1.0866755151470848,-0.678773515728442,-0.0766901944023982,-0.1646131090542286,1
1.3223652142096962,0.7354472998016324,-0.2364741405058966,0.3252275191030913,1
-0.3201625558062908,-0.678773515728442,-0.4459780911150048,-0.4911735278257753,1
