Age,BusinessTravel,DailyRate,DistanceFromHome,Education,EducationField,EmployeeCount,EmployeeNumber,EnvironmentSatisfaction,Gender,HourlyRate,JobInvolvement,JobLevel,JobRole,JobSatisfaction,MaritalStatus,MonthlyIncome,MonthlyRate,NumCompaniesWorked,Over18,OverTime,PercentSalaryHike,PerformanceRating,RelationshipSatisfaction,StandardHours,StockOptionLevel,TotalWorkingYears,TrainingTimesLastYear,WorkLifeBalance,YearsAtCompany,YearsInCurrentRole,YearsSinceLastPromotion,YearsWithCurrManager,Attrition,Actual_Class,Predicted_Class,Correct,Probability_0,Probability_1,Probability_2
0.1178448495313057,2,-0.2491143584177585,-1.010909342912418,1.0617867539482455,1,0.0,-1.3207702088838962,-1.5756862740979405,0,-0.3390898026047641,-1.0261667362455194,-0.0577875452794142,7,1.153253590238697,2,0.4638554956073091,-0.194382645992462,0.523315742874663,0,0,1.855984331273588,2.346151056253851,0.2662325767951835,0.0,-0.9320143892374164,0.0926196563788712,-0.6201892226844657,1.754054456494842,0.161947309717318,-0.339393739508197,-0.6791456840737199,0.8065414765793012,0,2,2,True,0.0012985217233500417,0.14265964622444652,0.8560418320522034
0.8843578088720997,2,-1.5084982915049772,-0.0237554881710714,0.0850492518807105,1,0.0,-1.3606492736374536,-0.6605306743650393,1,-0.2898832863333916,0.3796721288811475,-0.0577875452794142,2,-0.6608531809232983,0,-0.8828341990788249,-0.4795402042276135,2.1251359240839385,0,0,0.7626976284195812,-0.4262300150429028,0.2662325767951835,0.0,0.241988311858558,1.121143885855289,-0.6201892226844657,-2.4938204216722384,1.6314691941892778,1.3171933011460917,-0.6791456840737199,3.049371404357164,0,1,1,True,0.0426864623430018,0.957299261178443,1.427647855518531e-05
-0.6486681098094882,2,1.0648098237401664,-0.270543951856408,1.0617867539482455,3,0.0,-0.9352725829328395,0.2546249253678617,0,-1.3232201280322142,0.3796721288811475,0.8459113011114247,4,1.153253590238697,2,0.1360009359827106,1.6021521331696582,-0.6780493930322936,0,1,-0.3305890744344257,-0.4262300150429028,0.2662325767951835,0.0,-0.9320143892374164,-0.0359458723056809,-0.6201892226844657,-1.0778621289498782,0.651787937874638,1.3171933011460917,0.5625759024789769,1.6476026994959998,0,1,1,True,0.0015396810669211596,0.9846462792434761,0.013814039689602875
-1.0866755151470848,2,1.4242796471607309,0.2230329755142651,-1.8684257522543597,1,0.0,0.679829539586242,-0.6605306743650393,1,1.235518718079156,0.3796721288811475,-0.9614863916702532,2,-1.5679065665042955,1,-0.9357413833604354,-0.9323630985763854,-1.0785044383346123,0,0,-0.3305890744344257,-0.4262300150429028,-0.6589728319256667,0.0,-0.9320143892374164,-0.678773515728442,0.1557070814399298,1.754054456494842,-0.3278933184400019,-1.1676872598353414,-0.3687152874355457,-0.0345197463373974,0,1,1,True,0.24470512338215009,0.7552849884717349,9.888146115134771e-06
-0.3201625558062908,1,-1.409334202285511,-0.0237554881710714,1.0617867539482455,1,0.0,1.2996166709644492,1.1697805251007627,1,1.333931750621901,0.3796721288811475,-0.0577875452794142,2,-1.5679065665042955,1,-0.2458232011821651,-1.1390988147734815,0.523315742874663,0,0,0.4893759527060795,-0.4262300150429028,0.2662325767951835,0.0,0.241988311858558,-0.0359458723056809,0.1557070814399298,-1.0778621289498782,-0.0013328996684553,-0.8915894197262932,-0.6791456840737199,0.8065414765793012,1,1,1,True,0.21565319731031574,0.7842831197417929,6.368294789138233e-05
-0.8676718124782865,0,-0.1400338602763459,-0.8875151110697495,0.0850492518807105,1,0.0,-0.9236411890463851,1.1697805251007627,1,-0.2406767700620191,0.3796721288811475,-0.0577875452794142,7,0.2462002046576992,1,-0.3939208214403278,0.3675000143447168,-0.6780493930322936,0,0,-0.3305890744344257,-0.4262300150429028,-1.584178240646517,0.0,0.241988311858558,-0.9359045730975464,0.1557070814399298,-1.0778621289498782,-0.4911735278257753,-0.339393739508197,-0.6791456840737199,-0.5952272282818631,0,2,2,True,0.0002250181561913414,0.15896861141739205,0.8408063704264166
-0.42966440714069,1,0.6780698757842488,-0.7641208792270812,0.0850492518807105,1,0.0,-0.5364819353972639,-1.5756862740979405,1,0.2021818763803334,0.3796721288811475,-0.9614863916702532,6,-1.5679065665042955,2,-0.6703555473454494,-1.566905422593985,-0.6780493930322936,0,1,-1.1505541015749308,-0.4262300150429028,-1.584178240646517,0.0,-0.9320143892374164,-0.1645114009902331,0.1557070814399298,0.3380961637724818,0.4885077284888646,1.041095461037043,2.114727885669848,0.8065414765793012,1,1,1,True,0.005459745881494034,0.840872700865958,0.1536675532525478
0.1178448495313057,2,-1.57295494949763,-1.010909342912418,0.0850492518807105,1,0.0,-0.468355199776603,0.2546249253678617,0,0.743453555365431,0.3796721288811475,0.8459113011114247,4,0.2462002046576992,2,0.2885606079272743,0.1523318420144964,0.523315742874663,0,1,-0.3305890744344257,-0.4262300150429028,1.1914379855160335,0.0,-0.9320143892374164,-0.1645114009902331,0.9316033855643254,1.754054456494842,-0.9810141559830952,-1.1676872598353414,-0.6791456840737199,-1.1559347102263289,0,1,1,True,0.028171617961559797,0.9430213550042055,0.028807027034234687
0.8843578088720997,2,1.3052827400973714,-0.8875151110697495,-0.8916882501868245,4,0.0,1.0138167068972863,1.1697805251007627,0,-0.3390898026047641,-1.0261667362455194,-0.0577875452794142,4,1.153253590238697,0,-0.1557322528472139,-1.2543423819261796,-0.6780493930322936,0,0,1.036019304133083,-0.4262300150429028,-1.584178240646517,0.0,1.4159910129545328,-0.1645114009902331,0.1557070814399298,0.3380961637724818,0.4885077284888646,0.7649976209279952,0.2521455058408027,1.3672489585237668,0,1,1,True,0.0031616038414198407,0.9914202727685224,0.005418123390057805
-0.42966440714069,0,1.2656171044095852,-1.010909342912418,-0.8916882501868245,3,0.0,1.6103410505025852,-0.6605306743650393,1,-0.3390898026047641,-1.0261667362455194,-0.9614863916702532,2,0.2462002046576992,0,-0.9550769406681726,0.8609392390680372,-0.6780493930322936,0,0,-0.8772324258614291,-0.4262300150429028,0.2662325767951835,0.0,2.5899937140505074,-1.3216011591512031,-0.6201892226844657,-1.0778621289498782,-0.9810141559830952,-0.8915894197262932,-0.6791456840737199,-1.1559347102263289,0,1,1,True,0.019766834780557397,0.9802139049023244,1.9260317118299416e-05
-0.3201625558062908,2,0.868960747531721,-1.010909342912418,-0.8916882501868245,3,0.0,-1.520165532651684,-1.5756862740979405,1,1.3831382668932737,0.3796721288811475,-0.0577875452794142,4,-0.6608531809232983,1,-0.4627639046019415,0.4810570902707899,-0.6780493930322936,0,0,-0.0572673987209239,-0.4262300150429028,0.2662325767951835,0.0,-0.9320143892374164,-0.8073390444129942,-0.6201892226844657,0.3380961637724818,-0.3278933184400019,-0.6154915796172451,-0.3687152874355457,-0.3148734873096303,0,1,1,True,0.009711553045578261,0.9842038042702991,0.006084642684122591
0.6653541062033014,2,1.2110768553388789,0.7166099028849382,-0.8916882501868245,1,0.0,1.0653271655372984,0.2546249253678617,1,-0.043850704976529,-1.0261667362455194,1.7496101475022634,5,0.2462002046576992,1,2.3585276331138187,-1.5161701448596874,-0.6780493930322936,0,0,2.4026276827005915,2.346151056253851,-1.584178240646517,0.0,0.241988311858558,0.3497507137479757,0.1557070814399298,0.3380961637724818,1.141628566031958,1.5932911412551394,1.1834366957553253,1.9279564404682328,0,1,2,False,0.006540040994289641,0.2514209125517812,0.7420390464539292
1.4318670655440953,1,1.5333601453021437,-0.8875151110697495,0.0850492518807105,3,0.0,0.3159330737100291,1.1697805251007627,0,-1.7660787744745667,0.3796721288811475,1.7496101475022634,3,-1.5679065665042955,1,2.4122847320023624,-0.6778434642915854,-0.2775943477299747,0,0,1.855984331273588,2.346151056253851,0.2662325767951835,0.0,0.241988311858558,2.6639302300699153,0.1557070814399298,0.3380961637724818,-0.8177339465973219,-0.6154915796172451,-0.0582848907973714,-0.5952272282818631,0,1,1,True,0.024679462540606607,0.9674207925643534,0.007899744895039768
-0.3201625558062908,2,1.3151991490193182,0.0996387436715968,1.0617867539482455,1,0.0,0.0500726420196453,0.2546249253678617,0,1.038692652993666,0.3796721288811475,-0.9614863916702532,8,0.2462002046576992,1,-0.910031466500697,0.5757816808328856,-0.6780493930322936,0,1,1.036019304133083,-0.4262300150429028,1.1914379855160335,0.0,0.241988311858558,-1.3216011591512031,-0.6201892226844657,0.3380961637724818,-0.9810141559830952,-0.8915894197262932,-0.6791456840737199,-1.1559347102263289,0,2,2,True,0.00010541895606301546,0.0639466232334552,0.9359479578104819
0.2273467008657048,1,-0.2268024383433787,-0.6407266473844129,0.0850492518807105,3,0.0,1.0104934515011568,-1.5756862740979405,0,0.743453555365431,0.3796721288811475,-0.0577875452794142,4,0.2462002046576992,2,-0.3104167113091113,-1.5702784050472345,-1.0785044383346123,0,0,-0.6039107501479274,-0.4262300150429028,1.1914379855160335,0.0,-0.9320143892374164,-0.1645114009902331,-0.6201892226844657,-2.4938204216722384,0.3252275191030913,-0.6154915796172451,0.2521455058408027,1.086895217551534,0,1,1,True,0.011875716629772885,0.9794486598967558,0.008675623473471393
-0.9771736638126856,2,0.6954235913976554,2.4441291486822943,-1.8684257522543597,1,0.0,0.8127597554314339,0.2546249253678617,1,1.4815512994360187,-2.432005601372186,-0.0577875452794142,4,-0.6608531809232983,1,0.0097886168530856,-1.5656405541740162,-0.6780493930322936,0,0,-0.3305890744344257,-0.4262300150429028,-0.6589728319256667,0.0,1.4159910129545328,-0.4216424583593375,-0.6201892226844657,-1.0778621289498782,0.161947309717318,0.4888997808189471,-0.3687152874355457,0.8065414765793012,0,1,1,True,0.018676127556162388,0.9739768506614149,0.007347021782422607
-0.8676718124782865,1,0.4772625951148301,-0.8875151110697495,-1.8684257522543597,1,0.0,0.9390434604843662,-1.5756862740979405,1,1.038692652993666,0.3796721288811475,-0.0577875452794142,0,1.153253590238697,0,0.4993394304467828,1.4292867824406112,-0.6780493930322936,0,0,1.036019304133083,-0.4262300150429028,1.1914379855160335,0.0,0.241988311858558,-0.678773515728442,-2.171981830933257,1.754054456494842,-0.1646131090542286,-0.063295899399149,-0.3687152874355457,-0.3148734873096303,0,1,0,False,0.6384700265848423,0.3615294762766981,4.971384594833265e-07
0.5558522548689022,1,-1.275462681839232,-0.8875151110697495,0.0850492518807105,1,0.0,0.8675934694675755,1.1697805251007627,1,-1.2740136117608418,0.3796721288811475,0.8459113011114247,0,1.153253590238697,1,0.7693997967999031,0.6040304088788518,-0.2775943477299747,0,1,-0.3305890744344257,-0.4262300150429028,0.2662325767951835,0.0,0.241988311858558,1.6354060005934978,0.1557070814399298,-2.4938204216722384,2.1213098223465976,1.041095461037043,3.3564494722225446,1.3672489585237668,0,1,1,True,0.16479066110531077,0.8352059976809834,3.34121370594103e-06
-0.3201625558062908,2,-0.4325679234737707,-0.1471497200137397,0.0850492518807105,3,0.0,1.7333015001593877,-0.6605306743650393,1,0.7926600716368035,1.7855109940078144,-0.0577875452794142,2,0.2462002046576992,1,-0.4459780911150048,-0.5741242538541572,-0.2775943477299747,0,0,-0.8772324258614291,-0.4262300150429028,-1.584178240646517,0.0,-0.9320143892374164,-0.678773515728442,0.1557070814399298,1.754054456494842,-0.4911735278257753,-0.339393739508197,-0.3687152874355457,-0.5952272282818631,0,1,1,True,0.10592457407883421,0.894017515893933,5.791002723276182e-05
-0.42966440714069,1,0.7648384538512817,-0.5173324155417446,-1.8684257522543597,1,0.0,0.615026059361711,-0.6605306743650393,1,-0.2406767700620191,0.3796721288811475,-0.0577875452794142,7,1.153253590238697,1,0.7426274866814978,0.699879326925364,1.324225833479301,0,0,-0.6039107501479274,-0.4262300150429028,-1.584178240646517,0.0,-0.9320143892374164,-0.4216424583593375,-0.6201892226844657,1.754054456494842,-0.3278933184400019,-0.063295899399149,-0.3687152874355457,-0.5952272282818631,0,2,2,True,0.003385988903180733,0.1554094050697345,0.8412046060270847
0.3368485522001039,0,-1.4489998379732976,-0.1471497200137397,-1.8684257522543597,3,0.0,0.7363248813204485,1.1697805251007627,1,-0.5359158676902541,-1.0261667362455194,0.8459113011114247,5,-0.6608531809232983,0,1.5413347385472562,1.5269627326493005,-0.2775943477299747,0,0,-1.1505541015749308,-0.4262300150429028,0.2662325767951835,0.0,0.241988311858558,0.6068817711170802,1.707499689688721,0.3380961637724818,0.3252275191030913,1.041095461037043,0.5625759024789769,1.086895217551534,0,1,1,True,0.005153669735688778,0.8334801212542353,0.16136620901007595
-0.42966440714069,2,0.6755907735537622,-0.7641208792270812,-0.8916882501868245,0,0.0,-0.1908633741997649,1.1697805251007627,1,-0.4375028351475091,0.3796721288811475,-0.9614863916702532,1,-0.6608531809232983,0,-0.8979201833518946,1.1716752475736656,0.1228606975723441,0,1,-1.1505541015749308,-0.4262300150429028,0.2662325767951835,0.0,0.241988311858558,-0.5502079870438897,0.9316033855643254,1.754054456494842,-0.4911735278257753,-0.339393739508197,-0.6791456840737199,-0.3148734873096303,0,0,1,False,0.27904757752799714,0.7209518880092004,5.344628024679673e-07
-0.8676718124782865,2,1.4267587493912175,0.4698214391996017,-0.8916882501868245,4,0.0,1.7083770846884143,1.1697805251007627,1,-0.9787745141326066,-1.0261667362455194,-0.0577875452794142,2,-0.6608531809232983,1,-0.5265075001219541,1.3162918702567463,0.523315742874663,0,1,-0.6039107501479274,-0.4262300150429028,-1.584178240646517,0.0,0.241988311858558,-0.1645114009902331,-0.6201892226844657,0.3380961637724818,-0.4911735278257753,-0.339393739508197,-0.6791456840737199,-0.3148734873096303,0,1,1,True,0.01814353761702041,0.9818372456365825,1.921674639697451e-05
-1.0866755151470848,1,-0.0235160554434733,-0.8875151110697495,-1.8684257522543597,1,0.0,0.5751469946081533,1.1697805251007627,1,-1.1263940629467242,-2.432005601372186,-0.0577875452794142,7,1.153253590238697,2,-0.3042548304088434,0.8543338150970898,0.1228606975723441,0,0,1.3093409798465847,2.346151056253851,-0.6589728319256667,0.0,-0.9320143892374164,-0.4216424583593375,0.1557070814399298,0.3380961637724818,-0.1646131090542286,-0.6154915796172451,-0.6791456840737199,-1.1559347102263289,0,2,2,True,0.0006462980366946922,0.11535409287286989,0.8839996090904354
-0.5391662584750891,2,-0.0036832375995801,-1.010909342912418,1.0617867539482455,2,0.0,1.646896859860013,0.2546249253678617,0,-0.8803614815898617,0.3796721288811475,0.8459113011114247,7,1.153253590238697,1,0.8327184350164489,1.3659028205066273,-0.6780493930322936,0,0,1.036019304133083,-0.4262300150429028,0.2662325767951835,0.0,1.4159910129545328,0.3497507137479757,0.1557070814399298,0.3380961637724818,1.141628566031958,1.5932911412551394,0.8730062991171511,0.8065414765793012,0,2,2,True,3.12534898171829e-05,0.020484186721185405,0.9794845597889975
0.2273467008657048,2,-0.8341824848126081,-1.010909342912418,-1.8684257522543597,1,0.0,0.0018854387757633,1.1697805251007627,0,-0.043850704976529,-1.0261667362455194,1.7496101475022634,4,1.153253590238697,1,1.3256689070378802,-1.0193579376831172,-0.6780493930322936,0,0,0.2160542769925777,-0.4262300150429028,0.2662325767951835,0.0,0.241988311858558,1.2497094145398413,0.1557070814399298,0.3380961637724818,2.284590031732371,0.4888997808189471,2.7355886789461965,1.086895217551534,0,1,1,True,0.026548302522447963,0.659640562867313,0.313811134610239
0.0083429981969065,2,0.9656457345207003,-0.5173324155417446,-0.8916882501868245,3,0.0,-0.9385958383289692,1.1697805251007627,1,-0.2406767700620191,0.3796721288811475,-0.0577875452794142,4,1.153253590238697,0,-0.0331320707970562,1.2457403206096067,1.7246808787816197,0,0,0.2160542769925777,-0.4262300150429028,0.2662325767951835,0.0,1.4159910129545328,-0.4216424583593375,-0.6201892226844657,-1.0778621289498782,-0.1646131090542286,-0.6154915796172451,-0.6791456840737199,-0.0345197463373974,0,1,1,True,0.007451341657427467,0.9890775972804902,0.0034710610620825753
-1.4151810691502822,1,-0.6631244309090293,1.827157989468953,0.0850492518807105,3,0.0,-0.6527958742618067,1.1697805251007627,1,-1.3724266443035866,0.3796721288811475,-0.9614863916702532,8,1.153253590238697,1,-0.8717853091886894,-1.2343855690777854,-1.0785044383346123,0,0,-0.6039107501479274,-0.4262300150429028,0.2662325767951835,0.0,1.4159910129545328,-1.0644701017820986,0.1557070814399298,0.3380961637724818,-0.8177339465973219,-0.6154915796172451,-0.0582848907973714,-0.8755809692540959,0,2,2,True,5.8177718516503615e-05,0.12387023358814866,0.8760715886933348
-0.7581699611438873,2,-1.1713403881587927,-1.010909342912418,0.0850492518807105,1,0.0,0.7878353399604604,0.2546249253678617,1,-0.9787745141326066,0.3796721288811475,-0.9614863916702532,1,0.2462002046576992,0,-0.9431781361711036,0.1566886110166106,-1.0785044383346123,0,0,1.5826626555600865,2.346151056253851,-1.584178240646517,0.0,0.241988311858558,-0.678773515728442,0.1557070814399298,1.754054456494842,-0.3278933184400019,-0.339393739508197,-0.3687152874355457,-0.3148734873096303,0,0,1,False,0.3072689948296305,0.6927299657140438,1.0394563257728591e-06
-0.6486681098094882,2,-1.218443330538039,1.3335810620982798,0.0850492518807105,1,0.0,1.4225771206212516,-0.6605306743650393,1,1.137105685536411,0.3796721288811475,-0.0577875452794142,2,0.2462002046576992,0,-0.4899611720238135,0.6058574410410288,-0.6780493930322936,0,0,-1.1505541015749308,-0.4262300150429028,-1.584178240646517,0.0,0.241988311858558,-0.1645114009902331,-0.6201892226844657,0.3380961637724818,0.4885077284888646,1.041095461037043,-0.6791456840737199,-0.5952272282818631,0,1,1,True,0.14488137918388913,0.8550262527829169,9.236803319400463e-05
-0.5391662584750891,2,0.5714684798733228,-0.0237554881710714,0.0850492518807105,3,0.0,-1.387235316806492,-1.5756862740979405,0,-1.2248070954894692,0.3796721288811475,-0.9614863916702532,2,-1.5679065665042955,2,-0.4893237360686134,-0.5746864175963655,1.7246808787816197,0,0,1.855984331273588,2.346151056253851,-1.584178240646517,0.0,-0.9320143892374164,-0.1645114009902331,-0.6201892226844657,1.754054456494842,-0.3278933184400019,-0.063295899399149,-0.6791456840737199,-0.0345197463373974,1,1,1,True,0.07237025155196884,0.9276117581238187,1.7990324212568233e-05
1.979376322216091,2,1.5829421899118763,1.5803695257836163,0.0850492518807105,5,0.0,1.1118527410831156,-1.5756862740979405,1,1.3831382668932737,-1.0261667362455194,-0.9614863916702532,6,-0.6608531809232983,0,-0.6301970821678414,1.3244432445187664,0.9237707881769818,0,0,-0.8772324258614291,-0.4262300150429028,1.1914379855160335,0.0,0.241988311858558,-0.4216424583593375,-1.3960855268088614,0.3380961637724818,-0.4911735278257753,-0.6154915796172451,-0.3687152874355457,-0.5952272282818631,0,1,1,True,0.003055761314293445,0.9088423153947908,0.08810192329091572
-1.0866755151470848,2,0.3756194036648774,-0.0237554881710714,0.0850492518807105,2,0.0,1.562153847258703,1.1697805251007627,1,-1.0771875466753518,0.3796721288811475,-0.0577875452794142,7,1.153253590238697,2,-0.5095092079832841,-1.294958712300728,-0.6780493930322936,0,0,-0.3305890744344257,-0.4262300150429028,-1.584178240646517,0.0,-0.9320143892374164,-0.5502079870438897,1.707499689688721,0.3380961637724818,-0.0013328996684553,0.7649976209279952,-0.6791456840737199,0.8065414765793012,0,2,2,True,0.000521113084168979,0.28956346156195784,0.7099154253538731
-0.42966440714069,0,-0.068139895592233,-0.6407266473844129,0.0850492518807105,5,0.0,1.2397980738341128,1.1697805251007627,1,1.1863122018077836,0.3796721288811475,-0.0577875452794142,6,-0.6608531809232983,0,-0.7326117923033284,-1.1410663878712106,0.9237707881769818,0,0,-0.0572673987209239,-0.4262300150429028,1.1914379855160335,0.0,1.4159910129545328,-0.0359458723056809,-0.6201892226844657,-1.0778621289498782,0.3252275191030913,1.041095461037043,-0.3687152874355457,0.8065414765793012,0,1,1,True,0.00042320742696382225,0.7644760614613613,0.23510073111167498
1.7603726195472926,2,0.663195262401329,-0.7641208792270812,1.0617867539482455,3,0.0,-1.0615562879857718,0.2546249253678617,1,-1.0279810304039791,0.3796721288811475,1.7496101475022634,5,0.2462002046576992,1,2.3544905387308845,0.942031358881582,0.1228606975723441,0,1,0.2160542769925777,-0.4262300150429028,1.1914379855160335,0.0,2.5899937140505074,1.2497094145398413,1.707499689688721,-1.0778621289498782,-0.3278933184400019,-0.339393739508197,-0.3687152874355457,-0.3148734873096303,0,1,1,True,0.0007298341839898098,0.5446805615668151,0.45458960424919514
1.103361511540898,2,-1.09944642347468,-0.8875151110697495,1.0617867539482455,3,0.0,0.6947841888688261,-1.5756862740979405,0,0.7926600716368035,0.3796721288811475,1.7496101475022634,5,0.2462002046576992,1,2.2663118982615336,1.7412876593662083,0.1228606975723441,0,0,1.036019304133083,-0.4262300150429028,-0.6589728319256667,0.0,1.4159910129545328,1.8925370579626024,-0.6201892226844657,1.754054456494842,2.1213098223465976,3.5259760220184755,0.8730062991171511,0.5261877356070683,0,1,2,False,0.0007043253573824328,0.1440713620226721,0.8552243126199455
-0.5391662584750891,2,1.131745583963306,-0.8875151110697495,1.0617867539482455,1,0.0,1.1085294856869858,1.1697805251007627,1,1.432344783164646,0.3796721288811475,-0.9614863916702532,2,-0.6608531809232983,2,-1.0857513114841986,1.4811463876593254,-0.6780493930322936,0,0,-0.8772324258614291,-0.4262300150429028,-1.584178240646517,0.0,-0.9320143892374164,-1.3216011591512031,-0.6201892226844657,0.3380961637724818,-0.9810141559830952,-1.1676872598353414,-0.6791456840737199,-1.1559347102263289,1,1,1,True,0.1943933752034646,0.8055774720831107,2.9152713424610486e-05
-0.7581699611438873,1,-0.2020114160385122,-1.010909342912418,-0.8916882501868245,3,0.0,-1.6082318006491236,0.2546249253678617,0,-0.3882963188761366,0.3796721288811475,-0.0577875452794142,2,1.153253590238697,2,-0.5294822012462215,-0.496405116493862,-0.6780493930322936,0,0,2.1293060069870897,2.346151056253851,1.1914379855160335,0.0,-0.9320143892374164,0.0926196563788712,-0.6201892226844657,0.3380961637724818,0.8150681472604113,1.041095461037043,0.2521455058408027,0.8065414765793012,0,1,1,True,0.013071047293523668,0.9868166669686258,0.00011228573785047138
0.7748559575377005,1,-0.4970245814664236,-1.010909342912418,2.038524256015781,0,0.0,1.0254481007837408,-1.5756862740979405,1,-1.4216331605749593,0.3796721288811475,-0.0577875452794142,1,1.153253590238697,1,-0.161469176444015,-0.5354754965773377,0.523315742874663,0,1,-1.1505541015749308,-0.4262300150429028,0.2662325767951835,0.0,-0.9320143892374164,0.3497507137479757,0.1557070814399298,0.3380961637724818,0.4885077284888646,0.7649976209279952,-0.6791456840737199,-0.5952272282818631,0,0,1,False,0.4373897232772603,0.5626070506777376,3.2260450021360446e-06
-0.2106607044718917,2,1.486257202922897,2.320734916839626,1.0617867539482455,1,0.0,0.8792248633540298,-0.6605306743650393,0,1.5799643319787635,-1.0261667362455194,-0.9614863916702532,8,0.2462002046576992,1,-0.8654109496366881,1.671157732525725,-1.0785044383346123,0,0,2.1293060069870897,2.346151056253851,-1.584178240646517,0.0,1.4159910129545328,-0.678773515728442,1.707499689688721,0.3380961637724818,-0.3278933184400019,-0.339393739508197,0.5625759024789769,-0.5952272282818631,0,2,2,True,7.95198189917261e-06,0.03073241944864167,0.9692596285694592
-1.4151810691502822,2,-0.0780563045141796,-1.010909342912418,-0.8916882501868245,1,0.0,1.5887398904277417,-0.6605306743650393,1,-1.0279810304039791,-1.0261667362455194,-0.0577875452794142,0,0.2462002046576992,2,-0.4007201382957959,-0.0271389326854978,-0.6780493930322936,0,0,-0.8772324258614291,-0.4262300150429028,-0.6589728319256667,0.0,-0.9320143892374164,-0.9359045730975464,-0.6201892226844657,-1.0778621289498782,-0.4911735278257753,-0.339393739508197,-0.3687152874355457,-0.5952272282818631,0,1,1,True,0.40615279039795454,0.5938467158930822,4.937089631735503e-07
2.1983800248848895,2,-1.161423979236846,1.827157989468953,-0.8916882501868245,1,0.0,-1.3324016027703505,0.2546249253678617,1,0.841866587908176,1.7855109940078144,0.8459113011114247,0,1.153253590238697,0,0.6238519203625409,1.2773620311088227,0.1228606975723441,0,1,0.2160542769925777,-0.4262300150429028,-0.6589728319256667,0.0,0.241988311858558,0.0926196563788712,-0.6201892226844657,-2.4938204216722384,-0.3278933184400019,-0.339393739508197,-0.3687152874355457,-0.0345197463373974,0,1,1,True,0.1266133336550893,0.87338397144297,2.694901940880809e-06
0.9938596602064989,2,0.5119700263416432,-0.8875151110697495,0.0850492518807105,1,0.0,-0.747508653051506,-1.5756862740979405,1,-0.7327419327757442,0.3796721288811475,1.7496101475022634,5,0.2462002046576992,1,2.4133471252610295,-1.6900192821375988,1.324225833479301,0,0,-0.6039107501479274,-0.4262300150429028,0.2662325767951835,0.0,-0.9320143892374164,1.8925370579626024,-0.6201892226844657,-2.4938204216722384,-0.6544537372115486,-0.6154915796172451,-0.6791456840737199,-0.8755809692540959,0,1,1,True,0.030481340787240692,0.6300184782278488,0.33950018098491047
-0.9771736638126856,2,-0.6779990442919491,-0.8875151110697495,1.0617867539482455,1,0.0,-1.0981120973431997,-1.5756862740979405,1,0.645040522822686,0.3796721288811475,-0.9614863916702532,2,0.2462002046576992,2,-0.641245972057977,0.0874019297894397,-0.2775943477299747,0,0,-1.1505541015749308,-0.4262300150429028,0.2662325767951835,0.0,-0.9320143892374164,-0.8073390444129942,1.707499689688721,-2.4938204216722384,-1.1442943653688686,-1.1676872598353414,-0.6791456840737199,-1.1559347102263289,1,1,1,True,0.06075465216793436,0.9392252624939198,2.008533814594478e-05
0.8843578088720997,2,-1.3647103621367511,-0.8875151110697495,0.0850492518807105,1,0.0,-0.3171470792526972,-0.6605306743650393,0,1.432344783164646,-1.0261667362455194,-0.9614863916702532,6,0.2462002046576992,2,-0.8985576193070947,-1.1468285662288455,-0.6780493930322936,0,0,-0.3305890744344257,-0.4262300150429028,1.1914379855160335,0.0,-0.9320143892374164,-1.3216011591512031,0.1557070814399298,0.3380961637724818,-0.9810141559830952,-1.1676872598353414,-0.6791456840737199,-1.1559347102263289,0,1,1,True,0.011950420857453611,0.7368056181199647,0.25124396102258173
1.6508707682128936,2,-1.3300029309099384,-0.8875151110697495,-1.8684257522543597,2,0.0,0.021824971152542,-1.5756862740979405,0,-0.4375028351475091,-2.432005601372186,2.6533089938931025,3,1.153253590238697,1,2.8349047703000463,1.6208440775980837,-0.6780493930322936,0,0,-0.0572673987209239,-0.4262300150429028,1.1914379855160335,0.0,0.241988311858558,2.792495758754467,0.1557070814399298,0.3380961637724818,4.080672334975878,2.6976825016913315,1.1834366957553253,1.3672489585237668,1,2,1,False,0.05395618555406995,0.5160374641795988,0.4300063502663312
-0.6486681098094882,2,-1.7266592877878024,-0.8875151110697495,0.0850492518807105,0,0.0,-0.9984144354593056,-1.5756862740979405,1,-0.1914702537906465,-1.0261667362455194,-0.0577875452794142,1,-1.5679065665042955,1,-0.0197459157378535,0.493143610728268,0.1228606975723441,0,0,-0.8772324258614291,-0.4262300150429028,1.1914379855160335,0.0,-0.9320143892374164,-0.2930769296747854,-1.3960855268088614,0.3380961637724818,-0.8177339465973219,-0.6154915796172451,-0.3687152874355457,-1.1559347102263289,0,0,0,True,0.5534281176937141,0.4465690112159737,2.871090312281418e-06
-0.1011588531374925,2,0.9210218943719408,-0.7641208792270812,1.0617867539482455,2,0.0,0.6648748903036579,-1.5756862740979405,0,1.629170848250136,0.3796721288811475,-0.0577875452794142,7,-0.6608531809232983,2,0.5896428574334673,0.906474502186908,0.1228606975723441,0,1,0.2160542769925777,-0.4262300150429028,1.1914379855160335,0.0,-0.9320143892374164,0.4783162424325279,0.1557070814399298,0.3380961637724818,-0.3278933184400019,-0.063295899399149,-0.6791456840737199,-0.8755809692540959,0,2,2,True,0.0004454809903608135,0.12851722276440775,0.8710372962452313
0.1178448495313057,0,1.322636455710778,-0.8875151110697495,0.0850492518807105,0,0.0,1.2962934155683197,-1.5756862740979405,1,1.6783773645215088,0.3796721288811475,-0.9614863916702532,1,-0.6608531809232983,0,-0.8309894080558813,-1.0096606131300243,0.9237707881769818,0,0,-0.6039107501479274,-0.4262300150429028,1.1914379855160335,0.0,2.5899937140505074,0.2211851850634235,0.1557070814399298,0.3380961637724818,0.651787937874638,1.5932911412551394,0.2521455058408027,1.086895217551534,0,0,1,False,0.11255336473149688,0.88744476144832,1.8738201829464292e-06
-0.42966440714069,2,-1.6250160963378495,-0.8875151110697495,0.0850492518807105,0,0.0,0.30264005212551,-0.6605306743650393,1,1.629170848250136,0.3796721288811475,-0.9614863916702532,1,0.2462002046576992,1,-0.6168109271086387,-0.8269573969123324,-0.6780493930322936,0,0,-0.6039107501479274,-0.4262300150429028,1.1914379855160335,0.0,0.241988311858558,-0.8073390444129942,-0.6201892226844657,0.3380961637724818,-0.3278933184400019,-0.063295899399149,-0.3687152874355457,-0.0345197463373974,0,0,1,False,0.4719782659289537,0.5280203560934545,1.377977591729996e-06
-0.2106607044718917,2,0.4698252884233702,-1.010909342912418,0.0850492518807105,3,0.0,0.8958411403346788,1.1697805251007627,1,0.1037688438375884,-1.0261667362455194,-0.9614863916702532,2,-1.5679065665042955,2,-0.8611613766020206,1.0425181278013125,-0.6780493930322936,0,0,1.036019304133083,-0.4262300150429028,-0.6589728319256667,0.0,-0.9320143892374164,-1.0644701017820986,0.1557070814399298,0.3380961637724818,-0.6544537372115486,-1.1676872598353414,-0.3687152874355457,-0.5952272282818631,0,1,1,True,0.060220934072451146,0.9397655992213558,1.3466706193004444e-05
0.3368485522001039,1,-0.5193365015408035,-0.0237554881710714,1.0617867539482455,3,0.0,0.2345133165048491,-0.6605306743650393,0,1.0878991692650386,0.3796721288811475,0.8459113011114247,5,0.2462002046576992,2,1.4865152464000455,-0.0746417689020977,2.5255909693862573,0,0,0.4893759527060795,-0.4262300150429028,0.2662325767951835,0.0,-0.9320143892374164,1.121143885855289,0.1557070814399298,-1.0778621289498782,1.794749403575051,0.7649976209279952,-0.0582848907973714,2.488663922412698,0,1,1,True,0.00764504144937891,0.7844494567762346,0.20790550177438646
1.103361511540898,2,0.3780985058953641,-0.6407266473844129,-0.8916882501868245,1,0.0,-0.0363319982797293,1.1697805251007627,0,0.841866587908176,0.3796721288811475,-0.0577875452794142,7,1.153253590238697,2,-0.4971854461827483,-0.8070005840639384,-0.6780493930322936,0,1,0.4893759527060795,-0.4262300150429028,0.2662325767951835,0.0,-0.9320143892374164,-0.2930769296747854,-2.171981830933257,0.3380961637724818,0.3252275191030913,-1.1676872598353414,-0.6791456840737199,0.8065414765793012,0,2,2,True,0.0014085800245911182,0.13150432832934295,0.8670870916460658
1.2128633628752972,2,-0.7697258268199553,0.8400041347276065,1.0617867539482455,1,0.0,0.8842097464482245,0.2546249253678617,0,1.4815512994360187,0.3796721288811475,-0.0577875452794142,7,0.2462002046576992,0,-0.0135840348375856,-0.087149912166232,2.1251359240839385,0,0,-0.3305890744344257,-0.4262300150429028,0.2662325767951835,0.0,0.241988311858558,0.8640128284861845,-0.6201892226844657,0.3380961637724818,0.161947309717318,0.7649976209279952,1.4938670923934996,0.8065414765793012,0,2,2,True,0.0010552563872846474,0.2055388520064901,0.7934058916062252
-0.9771736638126856,1,-0.0483070777483398,-1.010909342912418,-0.8916882501868245,1,0.0,1.4990119947322371,0.2546249253678617,1,-1.1756005792180968,-1.0261667362455194,-0.0577875452794142,7,1.153253590238697,1,0.0703450325970976,0.6945387713743854,-0.6780493930322936,0,1,-0.8772324258614291,-0.4262300150429028,0.2662325767951835,0.0,0.241988311858558,-0.5502079870438897,-0.6201892226844657,0.3380961637724818,-0.0013328996684553,0.7649976209279952,-0.6791456840737199,0.8065414765793012,0,2,2,True,0.0015610136638577606,0.25659724588631166,0.7418417404498306
-1.196177366481484,1,0.293809030058818,-1.010909342912418,-1.8684257522543597,3,0.0,0.071673802094489,-1.5756862740979405,0,0.0053558112948434,-1.0261667362455194,-0.9614863916702532,6,0.2462002046576992,0,-0.955289419319906,1.5391897940423305,-0.6780493930322936,0,0,-0.6039107501479274,-0.4262300150429028,0.2662325767951835,0.0,1.4159910129545328,-0.8073390444129942,1.707499689688721,0.3380961637724818,-0.3278933184400019,-0.339393739508197,-0.3687152874355457,-0.3148734873096303,0,1,1,True,0.0006371248486159021,0.8828915649886269,0.11647131016275714
0.3368485522001039,2,0.9706039389816736,-0.8875151110697495,1.0617867539482455,3,0.0,1.7050538292922846,0.2546249253678617,0,1.5799643319787635,0.3796721288811475,-0.9614863916702532,6,0.2462002046576992,1,-0.9565642912303062,-0.247928742437801,-0.2775943477299747,0,0,-0.3305890744344257,-0.4262300150429028,-0.6589728319256667,0.0,2.5899937140505074,1.121143885855289,-0.6201892226844657,0.3380961637724818,-0.3278933184400019,-0.339393739508197,-0.6791456840737199,-0.5952272282818631,0,1,1,True,0.001149129558895726,0.8968506556518423,0.10200021478926208
0.6653541062033014,1,-1.5308102115793571,0.0996387436715968,1.0617867539482455,1,0.0,-0.9884446692709165,0.2546249253678617,0,-1.6184592256604493,0.3796721288811475,-0.9614863916702532,2,1.153253590238697,2,-0.8600989833433538,-0.5113024556623815,-1.0785044383346123,0,0,1.036019304133083,-0.4262300150429028,-1.584178240646517,0.0,-0.9320143892374164,-0.2930769296747854,1.707499689688721,0.3380961637724818,0.161947309717318,0.7649976209279952,-0.3687152874355457,0.8065414765793012,0,1,1,True,0.025741449123215097,0.9742459362081985,1.261466858635816e-05
-1.196177366481484,2,0.6532788534793824,-0.8875151110697495,-0.8916882501868245,3,0.0,-0.0114075828087558,1.1697805251007627,1,-1.6676657419318217,1.7855109940078144,-0.0577875452794142,4,1.153253590238697,1,-0.2190508910637598,-1.543013463550133,-0.6780493930322936,0,0,-0.8772324258614291,-0.4262300150429028,-0.6589728319256667,0.0,-0.9320143892374164,-0.4216424583593375,-0.6201892226844657,0.3380961637724818,0.161947309717318,0.7649976209279952,-0.3687152874355457,-0.3148734873096303,0,1,1,True,0.0256971075901393,0.9701801557573809,0.004122736652479762
-0.2106607044718917,2,0.8516070319183144,2.0739464531542895,1.0617867539482455,1,0.0,1.6867759246135705,0.2546249253678617,0,-1.7168722582031943,0.3796721288811475,0.8459113011114247,1,1.153253590238697,2,0.4959397720190487,0.3273053067768245,-0.6780493930322936,0,1,0.2160542769925777,-0.4262300150429028,0.2662325767951835,0.0,-0.9320143892374164,-0.2930769296747854,-0.6201892226844657,0.3380961637724818,0.3252275191030913,-1.1676872598353414,-0.3687152874355457,0.8065414765793012,0,0,1,False,0.3038858503271014,0.6960961876292309,1.7962043667802154e-05
0.3368485522001039,2,-1.2481925573038788,1.950552221311621,1.0617867539482455,2,0.0,0.4870807266107137,1.1697805251007627,1,-0.4375028351475091,-1.0261667362455194,0.8459113011114247,7,-0.6608531809232983,2,0.5505467855145263,0.4106460815592024,-0.2775943477299747,0,1,-0.8772324258614291,-0.4262300150429028,0.2662325767951835,0.0,-0.9320143892374164,-0.2930769296747854,-0.6201892226844657,0.3380961637724818,-0.3278933184400019,-0.063295899399149,-0.3687152874355457,-1.1559347102263289,1,2,2,True,0.0001866080135128121,0.022842252868162383,0.9769711391183248
-0.42966440714069,2,-0.7474139067455754,0.7166099028849382,-0.8916882501868245,3,0.0,1.6352654659735588,-0.6605306743650393,0,1.432344783164646,0.3796721288811475,-0.0577875452794142,0,1.153253590238697,1,-0.3452632101933848,1.031555934828251,-1.0785044383346123,0,1,-0.6039107501479274,-0.4262300150429028,-1.584178240646517,0.0,0.241988311858558,-0.1645114009902331,2.4833959938131165,0.3380961637724818,0.3252275191030913,0.7649976209279952,1.804297489031674,-0.8755809692540959,0,1,1,True,0.02133507063383281,0.9786628932403526,2.0361258144850675e-06
2.3078818762192883,2,0.6260087289440293,-1.010909342912418,0.0850492518807105,3,0.0,0.6615516349075281,1.1697805251007627,0,0.4974209740085685,0.3796721288811475,2.6533089938931025,5,-1.5679065665042955,1,2.8043078444504403,1.1444103060765638,0.1228606975723441,0,1,1.5826626555600865,2.346151056253851,0.2662325767951835,0.0,0.241988311858558,2.6639302300699153,0.1557070814399298,0.3380961637724818,0.3252275191030913,1.041095461037043,-0.3687152874355457,0.2458339946348354,0,1,2,False,0.0005793875856388631,0.12494859887642472,0.8744720135379365
1.6508707682128936,2,-0.4499216390871772,-0.7641208792270812,1.0617867539482455,2,0.0,-0.4135214857404614,0.2546249253678617,1,-1.7168722582031943,-1.0261667362455194,1.7496101475022634,3,-1.5679065665042955,1,2.199806080268987,-0.5943621485736553,-0.6780493930322936,0,0,-1.1505541015749308,-0.4262300150429028,-1.584178240646517,0.0,-0.9320143892374164,2.9210612874390196,0.1557070814399298,1.754054456494842,4.407232753747424,0.4888997808189471,-0.3687152874355457,3.329725145329397,0,2,1,False,0.4484753500303972,0.5444884203317413,0.007036229637861588
-1.196177366481484,2,1.5879003943728498,1.7037637576262843,0.0850492518807105,2,0.0,-1.58330738517815,0.2546249253678617,0,-0.929567997861234,-1.0261667362455194,-0.0577875452794142,7,1.153253590238697,1,-0.4984603180931486,1.0010585518134516,1.7246808787816197,0,1,1.036019304133083,-0.4262300150429028,0.2662325767951835,0.0,0.241988311858558,-0.8073390444129942,-0.6201892226844657,-1.0778621289498782,-0.8177339465973219,-0.6154915796172451,-0.6791456840737199,-1.1559347102263289,0,2,2,True,0.00013478717681470682,0.29408937852814654,0.7057758342950388
-0.7581699611438873,2,-1.488665473661084,-0.8875151110697495,-1.8684257522543597,5,0.0,-0.8588377088218542,0.2546249253678617,1,0.3005949089230785,0.3796721288811475,-0.9614863916702532,8,-0.6608531809232983,1,-0.8556369316569529,0.4386137277340645,-0.6780493930322936,0,0,0.7626976284195812,-0.4262300150429028,-1.584178240646517,0.0,0.241988311858558,-1.3216011591512031,0.1557070814399298,0.3380961637724818,-0.9810141559830952,-1.1676872598353414,-0.6791456840737199,-1.1559347102263289,0,2,2,True,2.9803721368998416e-05,0.09452925152222588,0.9054409447564052
-1.196177366481484,2,-0.7945168491248218,-1.010909342912418,-0.8916882501868245,1,0.0,1.4425166529980304,-0.6605306743650393,0,1.1863122018077836,-1.0261667362455194,-0.9614863916702532,6,0.2462002046576992,1,-0.7585341878148002,0.0836073245295338,-0.6780493930322936,0,1,-0.6039107501479274,-0.4262300150429028,0.2662325767951835,0.0,0.241988311858558,-1.3216011591512031,0.1557070814399298,-1.0778621289498782,-0.9810141559830952,-1.1676872598353414,-0.3687152874355457,-1.1559347102263289,0,1,1,True,0.008088529981146746,0.8227817963176604,0.1691296737011929
1.7603726195472926,2,1.570546678759443,-0.3939381836990763,-0.8916882501868245,2,0.0,-1.3623109013355186,-0.6605306743650393,1,-1.569252709389077,0.3796721288811475,-0.0577875452794142,8,0.2462002046576992,1,-0.8917583024516267,0.2436834501233424,-0.2775943477299747,0,1,1.3093409798465847,2.346151056253851,1.1914379855160335,0.0,0.241988311858558,0.2211851850634235,0.1557070814399298,-2.4938204216722384,-0.0013328996684553,0.7649976209279952,0.5625759024789769,0.2458339946348354,0,2,2,True,4.025364732629393e-06,0.029464444623886026,0.9705315300113814
-0.7581699611438873,2,0.7177355114720353,0.0996387436715968,0.0850492518807105,3,0.0,1.3145713202470333,-1.5756862740979405,0,-0.0930572212479015,0.3796721288811475,0.8459113011114247,4,0.2462002046576992,2,0.6722970529577504,-1.626635320203615,2.5255909693862573,0,0,-0.3305890744344257,-0.4262300150429028,-0.6589728319256667,0.0,-0.9320143892374164,-0.2930769296747854,0.1557070814399298,0.3380961637724818,-0.0013328996684553,0.7649976209279952,-0.6791456840737199,-0.5952272282818631,0,1,1,True,0.019618604710904902,0.9435448659947039,0.036836529294391254
-0.2106607044718917,2,-0.2986964030274915,1.0867925984129432,1.0617867539482455,3,0.0,1.5289212932974052,-0.6605306743650393,1,0.251388392651706,0.3796721288811475,-0.0577875452794142,7,-1.5679065665042955,1,-0.2001402910594893,0.2335645027635933,-1.0785044383346123,0,0,0.2160542769925777,-0.4262300150429028,1.1914379855160335,0.0,0.241988311858558,-0.678773515728442,-0.6201892226844657,-2.4938204216722384,-0.3278933184400019,-0.339393739508197,-0.6791456840737199,-0.0345197463373974,0,2,2,True,0.000379315349577603,0.16370466543233672,0.8359160192180857
0.1178448495313057,2,-0.1970532115775388,-0.8875151110697495,1.0617867539482455,2,0.0,1.3461422465102664,-0.6605306743650393,0,0.5466274902799411,-2.432005601372186,-0.0577875452794142,8,1.153253590238697,1,-0.2332869607298959,-1.4151212121977486,-0.2775943477299747,0,1,1.3093409798465847,2.346151056253851,-1.584178240646517,0.0,1.4159910129545328,1.121143885855289,0.9316033855643254,-1.0778621289498782,-0.4911735278257753,-0.6154915796172451,-0.6791456840737199,-0.3148734873096303,0,2,2,True,1.0036040143547944e-05,0.0321709770833724,0.967818986876484
1.4318670655440953,2,0.4623879817319102,-0.270543951856408,-0.8916882501868245,3,0.0,-1.5700143635936308,-0.6605306743650393,0,-1.1263940629467242,-1.0261667362455194,2.6533089938931025,5,0.2462002046576992,0,2.6001158601346663,0.3355972219743967,0.9237707881769818,0,1,-0.8772324258614291,-0.4262300150429028,1.1914379855160335,0.0,0.241988311858558,2.2782336440162587,-0.6201892226844657,-1.0778621289498782,3.264271288047011,-0.339393739508197,3.3564494722225446,1.086895217551534,0,1,2,False,0.0010563026782825814,0.07390629134601764,0.9250374059756997
-0.3201625558062908,2,-0.9878868231027804,-0.8875151110697495,1.0617867539482455,5,0.0,0.5950865269849321,0.2546249253678617,0,1.5799643319787635,0.3796721288811475,-0.0577875452794142,0,1.153253590238697,2,0.0391106707922914,-1.1454231568733246,-0.6780493930322936,0,0,-1.1505541015749308,-0.4262300150429028,1.1914379855160335,0.0,-0.9320143892374164,0.3497507137479757,-0.6201892226844657,1.754054456494842,1.141628566031958,1.8693889813641875,0.5625759024789769,1.9279564404682328,0,1,1,True,0.07643268336543416,0.9235664655574741,8.510770918087328e-07
0.8843578088720997,1,-1.0870509123222465,1.950552221311621,0.0850492518807105,3,0.0,0.4671411942339349,-0.6605306743650393,0,0.841866587908176,0.3796721288811475,2.6533089938931025,3,-0.6608531809232983,2,2.4558428556077043,-0.1796258477594946,0.1228606975723441,0,0,1.855984331273588,2.346151056253851,0.2662325767951835,0.0,-0.9320143892374164,1.3782749432243937,0.9316033855643254,0.3380961637724818,-1.1442943653688686,-1.1676872598353414,-0.6791456840737199,-1.1559347102263289,0,1,1,True,0.01535447208352799,0.8984383759207488,0.08620715199572317
-0.1011588531374925,0,0.7499638404683617,1.827157989468953,1.0617867539482455,1,0.0,-1.0067225739496302,-0.6605306743650393,0,-0.929567997861234,0.3796721288811475,-0.0577875452794142,2,-0.6608531809232983,1,-0.1761302034136179,-1.0380498821115427,1.7246808787816197,0,0,-0.0572673987209239,-0.4262300150429028,0.2662325767951835,0.0,0.241988311858558,-0.0359458723056809,0.1557070814399298,0.3380961637724818,0.3252275191030913,1.041095461037043,-0.6791456840737199,1.086895217551534,0,1,1,True,0.03550491672901501,0.9644531723731494,4.191089783555349e-05
1.979376322216091,2,-1.290337295222152,-0.8875151110697495,-0.8916882501868245,3,0.0,0.5169900251758819,1.1697805251007627,0,-0.3882963188761366,-2.432005601372186,2.6533089938931025,3,0.2462002046576992,1,2.6950938174594854,-1.0289147213006582,0.523315742874663,0,0,-0.3305890744344257,-0.4262300150429028,1.1914379855160335,0.0,0.241988311858558,1.5068404719089457,1.707499689688721,0.3380961637724818,1.9580296129608248,1.3171933011460917,2.114727885669848,1.9279564404682328,0,1,1,True,0.026473510888006844,0.8480652443774545,0.1254612447345386
-0.3201625558062908,2,0.3483492791295243,-0.0237554881710714,0.0850492518807105,1,0.0,0.5302830467604011,1.1697805251007627,1,0.9894861367222936,0.3796721288811475,0.8459113011114247,0,1.153253590238697,0,0.4243344663849012,-1.23944504275766,-1.0785044383346123,0,0,-1.1505541015749308,-0.4262300150429028,1.1914379855160335,0.0,0.241988311858558,-0.1645114009902331,-2.171981830933257,-1.0778621289498782,0.3252275191030913,0.7649976209279952,-0.3687152874355457,0.5261877356070683,0,1,1,True,0.4695638624435836,0.5304339183576846,2.219198731755441e-06
-0.1011588531374925,1,0.2020822475308119,1.7037637576262843,-0.8916882501868245,3,0.0,1.7216701062729334,0.2546249253678617,1,-1.2248070954894692,1.7855109940078144,-0.0577875452794142,2,1.153253590238697,1,-0.8354514597422822,-0.2843288447457873,0.523315742874663,0,0,0.4893759527060795,-0.4262300150429028,0.2662325767951835,0.0,0.241988311858558,0.7354472998016324,0.1557070814399298,0.3380961637724818,-0.3278933184400019,-0.6154915796172451,-0.6791456840737199,-0.3148734873096303,0,1,1,True,0.02638191869534279,0.9735974314192194,2.06498854378699e-05
0.3368485522001039,1,-0.55156483053713,-0.5173324155417446,1.0617867539482455,1,0.0,-0.4916179875495116,1.1697805251007627,1,-0.8803614815898617,-1.0261667362455194,0.8459113011114247,7,-1.5679065665042955,1,0.8439798035583179,1.3293621772630888,0.9237707881769818,0,1,1.5826626555600865,2.346151056253851,0.2662325767951835,0.0,0.241988311858558,1.121143885855289,-0.6201892226844657,0.3380961637724818,1.794749403575051,2.4215846615822834,-0.3687152874355457,2.2083101814404653,0,2,2,True,0.00018564811619696336,0.05539044829902101,0.9444239035847821
1.869874470881692,2,-1.0573016855564068,1.2101868302556114,1.0617867539482455,3,0.0,-0.3753040486849687,1.1697805251007627,0,1.432344783164646,0.3796721288811475,-0.0577875452794142,4,-1.5679065665042955,0,-0.2162886685912259,1.174486066284707,2.5255909693862573,0,1,-1.1505541015749308,-0.4262300150429028,-0.6589728319256667,0.0,1.4159910129545328,-0.2930769296747854,0.9316033855643254,0.3380961637724818,-0.3278933184400019,-0.339393739508197,-0.3687152874355457,-0.0345197463373974,0,1,1,True,0.0051922431567242395,0.9894666344936642,0.005341122349611531
-2.072192177156677,0,0.7970667828476081,-1.010909342912418,0.0850492518807105,1,0.0,0.5701621115139587,1.1697805251007627,0,1.5307578157073911,0.3796721288811475,-0.9614863916702532,2,1.153253590238697,2,-1.0394309654063227,0.7015658181519889,-0.6780493930322936,0,0,-0.0572673987209239,-0.4262300150429028,0.2662325767951835,0.0,-0.9320143892374164,-1.4501666878357553,1.707499689688721,1.754054456494842,-1.1442943653688686,-1.1676872598353414,-0.6791456840737199,-1.1559347102263289,0,1,1,True,0.041189687720191215,0.9587872459116373,2.306636817143154e-05
1.979376322216091,0,-0.8887227338833145,-0.8875151110697495,-1.8684257522543597,3,0.0,0.0816435682828784,0.2546249253678617,1,-1.2740136117608418,-1.0261667362455194,1.7496101475022634,3,-1.5679065665042955,2,2.1785582150956495,0.4230136838877847,1.7246808787816197,0,0,-0.0572673987209239,-0.4262300150429028,-0.6589728319256667,0.0,-0.9320143892374164,2.535364701385363,0.1557070814399298,1.754054456494842,0.3252275191030913,0.7649976209279952,1.1834366957553253,-0.5952272282818631,0,1,1,True,0.03718057776447051,0.9519353580704781,0.01088406416505129
-1.0866755151470848,0,-1.4688326558171907,-1.010909342912418,-1.8684257522543597,2,0.0,-0.9568737430076832,0.2546249253678617,1,0.349801425194451,0.3796721288811475,-0.0577875452794142,7,-0.6608531809232983,1,-0.0327071134935894,1.095361519568891,-1.0785044383346123,0,1,-0.6039107501479274,-0.4262300150429028,1.1914379855160335,0.0,0.241988311858558,-0.678773515728442,-2.171981830933257,0.3380961637724818,-0.3278933184400019,-0.063295899399149,-0.3687152874355457,-0.0345197463373974,0,2,2,True,0.0005546824293040321,0.16301858324943186,0.8364267343212641
-0.5391662584750891,1,0.5020536174196967,-0.8875151110697495,-0.8916882501868245,1,0.0,-1.6896515578543037,1.1697805251007627,1,0.645040522822686,0.3796721288811475,-0.9614863916702532,2,1.153253590238697,2,-0.7298495698307945,-0.3441992832909694,-1.0785044383346123,0,0,-0.6039107501479274,-0.4262300150429028,0.2662325767951835,0.0,-0.9320143892374164,-0.4216424583593375,-0.6201892226844657,-1.0778621289498782,-0.0013328996684553,0.7649976209279952,0.2521455058408027,0.5261877356070683,0,1,1,True,0.03754313208370138,0.9624423222804515,1.4545635847189722e-05
-0.3201625558062908,2,1.082163539353573,0.4698214391996017,1.0617867539482455,3,0.0,1.5388910594857943,1.1697805251007627,1,-1.3232201280322142,0.3796721288811475,0.8459113011114247,7,0.2462002046576992,0,0.4515317338067733,1.2087780545594122,-0.6780493930322936,0,0,0.7626976284195812,-0.4262300150429028,0.2662325767951835,0.0,0.241988311858558,-0.2930769296747854,-0.6201892226844657,-1.0778621289498782,0.161947309717318,0.7649976209279952,-0.3687152874355457,-0.8755809692540959,0,2,2,True,8.794159615017208e-05,0.04125120816688284,0.958660850236967
-0.3201625558062908,2,-0.7325392933626554,0.7166099028849382,-0.8916882501868245,3,0.0,0.5502225791371799,0.2546249253678617,0,0.0053558112948434,0.3796721288811475,-0.0577875452794142,7,-1.5679065665042955,2,-0.0803023314818656,1.2985837123771855,-0.6780493930322936,0,0,-0.8772324258614291,-0.4262300150429028,1.1914379855160335,0.0,-0.9320143892374164,-0.1645114009902331,2.4833959938131165,1.754054456494842,0.4885077284888646,1.041095461037043,2.114727885669848,0.5261877356070683,0,2,2,True,7.949104797444347e-05,0.09163695669924428,0.9082835522527813
1.869874470881692,2,-1.0052405387161871,1.2101868302556114,1.0617867539482455,3,0.0,-0.5431284461895235,0.2546249253678617,1,1.0878991692650386,0.3796721288811475,0.8459113011114247,1,-0.6608531809232983,1,0.8970994664916617,-1.065876987350853,-0.2775943477299747,0,0,-0.0572673987209239,-0.4262300150429028,0.2662325767951835,0.0,0.241988311858558,0.6068817711170802,-1.3960855268088614,1.754054456494842,0.3252275191030913,0.7649976209279952,1.4938670923934996,-0.8755809692540959,0,0,1,False,0.14724765644297527,0.8526819275547468,7.041600227793412e-05
0.5558522548689022,1,-0.6705617376004892,2.4441291486822943,-0.8916882501868245,1,0.0,-0.7940342285973232,-1.5756862740979405,0,1.2847252343505289,0.3796721288811475,-0.0577875452794142,6,0.2462002046576992,0,-0.4136813360515318,-0.1941015641213579,-0.2775943477299747,0,0,-1.1505541015749308,-0.4262300150429028,-0.6589728319256667,0.0,0.241988311858558,0.9925783571707368,0.1557070814399298,0.3380961637724818,-0.3278933184400019,-0.063295899399149,-0.6791456840737199,-0.5952272282818631,0,1,1,True,0.0020504929500517782,0.6937388472738898,0.3042106597760585
1.869874470881692,2,0.0458988070101529,-0.5173324155417446,-0.8916882501868245,3,0.0,-0.8355749210489456,-1.5756862740979405,1,0.9894861367222936,0.3796721288811475,2.6533089938931025,5,-1.5679065665042955,1,2.7416266421890945,-0.8157141220681667,0.523315742874663,0,0,-1.1505541015749308,-0.4262300150429028,0.2662325767951835,0.0,0.241988311858558,1.6354060005934978,0.9316033855643254,-1.0778621289498782,-0.4911735278257753,-0.6154915796172451,-0.3687152874355457,-0.5952272282818631,0,1,2,False,0.0009953244763542784,0.1506191525869393,0.8483855229367063
-0.7581699611438873,2,1.3771767047814845,0.8400041347276065,-1.8684257522543597,1,0.0,0.7546027859991624,1.1697805251007627,1,1.4815512994360187,0.3796721288811475,-0.0577875452794142,7,0.2462002046576992,1,-0.255384740510167,-1.5985271330932007,2.1251359240839385,0,0,-0.0572673987209239,-0.4262300150429028,0.2662325767951835,0.0,1.4159910129545328,-0.9359045730975464,-0.6201892226844657,-1.0778621289498782,-0.8177339465973219,-0.8915894197262932,-0.0582848907973714,-0.5952272282818631,0,2,2,True,0.0006187456630614512,0.1437823168825806,0.8555989374543579
-0.9771736638126856,0,0.7450056360073884,0.8400041347276065,0.0850492518807105,3,0.0,1.532244548693535,0.2546249253678617,1,-0.8311549653184892,0.3796721288811475,-0.9614863916702532,6,0.2462002046576992,2,-0.9261798440324336,-1.7133490774392426,-0.6780493930322936,0,0,-0.3305890744344257,-0.4262300150429028,0.2662325767951835,0.0,-0.9320143892374164,-0.8073390444129942,0.1557070814399298,-1.0778621289498782,-0.3278933184400019,-0.339393739508197,-0.3687152874355457,-0.0345197463373974,0,1,1,True,0.003334332596453358,0.9227159867596627,0.073949680643884
0.4463504035345031,2,1.3821349092424575,0.3464272073569334,0.0850492518807105,5,0.0,-1.6065701729510586,-0.6605306743650393,0,-0.8311549653184892,0.3796721288811475,2.6533089938931025,5,0.2462002046576992,1,2.7711611747800338,0.2764294881069749,-0.6780493930322936,0,0,-0.8772324258614291,-0.4262300150429028,1.1914379855160335,0.0,-0.9320143892374164,1.5068404719089457,-2.171981830933257,0.3380961637724818,2.447870241118145,2.9737803418003796,3.977310265498893,1.086895217551534,1,1,2,False,0.00012107350130576349,0.0317809333962579,0.9680979931024365
1.4318670655440953,2,0.1277091806162123,-1.010909342912418,1.0617867539482455,3,0.0,-1.1662388329638604,1.1697805251007627,0,0.1037688438375884,0.3796721288811475,2.6533089938931025,3,1.153253590238697,0,2.765211772531499,1.3779893409641053,0.1228606975723441,0,0,-1.1505541015749308,-0.4262300150429028,0.2662325767951835,0.0,0.241988311858558,2.6639302300699153,0.1557070814399298,-1.0778621289498782,-0.0013328996684553,-1.1676872598353414,-0.6791456840737199,0.5261877356070683,0,2,1,False,0.016993282503410482,0.9621217807030074,0.02088493679358218
1.869874470881692,2,-0.5416484216151833,1.5803695257836163,2.038524256015781,3,0.0,1.0636655378392337,-0.6605306743650393,0,1.235518718079156,0.3796721288811475,1.7496101475022634,3,0.2462002046576992,1,2.320918911757011,0.6144304381097051,0.1228606975723441,0,0,2.675949358414093,2.346151056253851,0.2662325767951835,0.0,0.241988311858558,3.1781923448081244,2.4833959938131165,0.3380961637724818,0.4885077284888646,1.041095461037043,0.5625759024789769,0.8065414765793012,0,1,1,True,0.005641093462419989,0.9829157591202325,0.011443147417347609
-0.6486681098094882,2,0.8714398497622077,-0.8875151110697495,-0.8916882501868245,1,0.0,1.613664305898715,-1.5756862740979405,1,-0.5851223839616266,0.3796721288811475,-0.9614863916702532,8,0.2462002046576992,1,-0.7300620484825279,-1.1130987416963485,-1.0785044383346123,0,0,1.036019304133083,-0.4262300150429028,0.2662325767951835,0.0,0.241988311858558,-1.0644701017820986,-1.3960855268088614,0.3380961637724818,-0.8177339465973219,-0.6154915796172451,-0.3687152874355457,-0.5952272282818631,0,2,2,True,0.0006785217896458886,0.08394876657125377,0.9153727116391003
0.9938596602064989,2,0.7995458850780948,0.0996387436715968,0.0850492518807105,2,0.0,-0.7392005145611815,0.2546249253678617,0,1.3831382668932737,-1.0261667362455194,0.8459113011114247,7,1.153253590238697,1,0.5456597765246587,-0.3865021048921427,-0.2775943477299747,0,1,1.036019304133083,-0.4262300150429028,0.2662325767951835,0.0,0.241988311858558,0.4783162424325279,0.1557070814399298,0.3380961637724818,-0.6544537372115486,-0.6154915796172451,-0.3687152874355457,-0.5952272282818631,0,2,2,True,3.7332364799964556e-05,0.049023882925456425,0.9509387847097436
0.5558522548689022,2,0.3235582568246578,2.4441291486822943,0.0850492518807105,1,0.0,-0.3138238238565674,-0.6605306743650393,1,1.5799643319787635,0.3796721288811475,-0.0577875452794142,4,-0.6608531809232983,1,-0.4396037315630036,-0.3523506575529895,-0.6780493930322936,0,0,-0.6039107501479274,-0.4262300150429028,1.1914379855160335,0.0,0.241988311858558,-0.1645114009902331,0.1557070814399298,-1.0778621289498782,0.3252275191030913,1.041095461037043,1.4938670923934996,1.086895217551534,0,1,1,True,0.007753083177373723,0.9848823514858185,0.00736456533680789
-0.2106607044718917,2,-0.1301174513543993,2.320734916839626,0.0850492518807105,1,0.0,0.9490132266727556,-0.6605306743650393,1,-0.9787745141326066,1.7855109940078144,-0.0577875452794142,2,0.2462002046576992,1,-0.6578193068931802,1.5508546916931525,-0.6780493930322936,0,0,0.4893759527060795,-0.4262300150429028,1.1914379855160335,0.0,1.4159910129545328,-0.1645114009902331,0.1557070814399298,-1.0778621289498782,0.4885077284888646,1.3171933011460917,1.1834366957553253,1.086895217551534,0,1,1,True,0.01813424966206635,0.9818017184650918,6.403187284182715e-05
-0.7581699611438873,0,-0.4003395944774442,1.950552221311621,-0.8916882501868245,5,0.0,-0.913671422857996,1.1697805251007627,0,0.9402796204509212,0.3796721288811475,-0.0577875452794142,7,0.2462002046576992,1,-0.3754351787395242,-1.1586340048152193,1.7246808787816197,0,1,-0.8772324258614291,-0.4262300150429028,-0.6589728319256667,0.0,0.241988311858558,-0.9359045730975464,-0.6201892226844657,1.754054456494842,-0.8177339465973219,-0.6154915796172451,-0.0582848907973714,-0.5952272282818631,0,2,2,True,7.174780325755439e-05,0.22684965731348988,0.7730785948832526
0.0083429981969065,2,1.04745610812676,0.0996387436715968,-0.8916882501868245,1,0.0,-0.5148807753224202,1.1697805251007627,1,0.6942470390940585,1.7855109940078144,-0.9614863916702532,6,1.153253590238697,2,-0.3873339832365932,0.1291425876484048,0.1228606975723441,0,0,0.4893759527060795,-0.4262300150429028,-1.584178240646517,0.0,-0.9320143892374164,-0.9359045730975464,-0.6201892226844657,0.3380961637724818,-0.9810141559830952,-1.1676872598353414,-0.6791456840737199,-1.1559347102263289,0,1,1,True,0.012893147332905397,0.8613613205846177,0.12574553208247685
-0.2106607044718917,2,0.99539496128654,-0.6407266473844129,0.0850492518807105,5,0.0,0.1248458884325658,1.1697805251007627,1,0.9894861367222936,0.3796721288811475,0.8459113011114247,7,-1.5679065665042955,2,0.6542363675604136,-0.5593674556211897,-1.0785044383346123,0,1,1.855984331273588,2.346151056253851,-1.584178240646517,0.0,-0.9320143892374164,-0.2930769296747854,-0.6201892226844657,0.3380961637724818,0.161947309717318,0.7649976209279952,0.5625759024789769,0.8065414765793012,1,2,2,True,1.3737686499319067e-05,0.022181140926323742,0.9778051213871769
-0.2106607044718917,1,-0.7945168491248218,-0.6407266473844129,1.0617867539482455,1,0.0,0.5402528129487905,0.2546249253678617,1,1.038692652993666,0.3796721288811475,-0.0577875452794142,6,0.2462002046576992,2,-0.4789122821336781,-1.6335218260456663,-0.6780493930322936,0,1,-1.1505541015749308,-0.4262300150429028,-0.6589728319256667,0.0,-0.9320143892374164,-0.2930769296747854,0.1557070814399298,0.3380961637724818,0.3252275191030913,0.4888997808189471,-0.3687152874355457,-0.8755809692540959,0,1,1,True,0.0053885305595546265,0.516830348964795,0.4777811204756505
-1.196177366481484,2,0.2913299278283313,1.3335810620982798,-0.8916882501868245,3,0.0,1.317894575643163,1.1697805251007627,0,0.1529753601089609,0.3796721288811475,-0.9614863916702532,1,-0.6608531809232983,1,-0.9253299294255,-1.0433904376625214,-1.0785044383346123,0,1,-1.1505541015749308,-0.4262300150429028,0.2662325767951835,0.0,-0.9320143892374164,-0.678773515728442,0.1557070814399298,0.3380961637724818,-0.3278933184400019,-0.8915894197262932,-0.3687152874355457,-0.0345197463373974,1,0,1,False,0.18823620712522535,0.8117623271884138,1.4656863608563102e-06
0.0083429981969065,2,1.4143632382387843,-0.8875151110697495,-0.8916882501868245,4,0.0,-1.6962980686465632,1.1697805251007627,1,1.2847252343505289,-1.0261667362455194,-0.9614863916702532,2,0.2462002046576992,2,-0.9376536912260358,-1.6748408610979753,1.324225833479301,0,1,-0.0572673987209239,-0.4262300150429028,-0.6589728319256667,0.0,-0.9320143892374164,-0.5502079870438897,0.1557070814399298,0.3380961637724818,-1.1442943653688686,-1.1676872598353414,-0.6791456840737199,-1.1559347102263289,1,1,1,True,0.01767218795049097,0.9823178389648102,9.973084698844749e-06
0.4463504035345031,2,-0.6308961019127028,-0.0237554881710714,1.0617867539482455,1,0.0,1.2414597015321778,0.2546249253678617,1,1.3831382668932737,0.3796721288811475,-0.9614863916702532,2,-1.5679065665042955,0,-0.8953704395310941,0.8723230548477549,-0.6780493930322936,0,0,1.3093409798465847,2.346151056253851,-0.6589728319256667,0.0,1.4159910129545328,-0.8073390444129942,-0.6201892226844657,0.3380961637724818,-0.3278933184400019,-0.339393739508197,-0.6791456840737199,-0.0345197463373974,0,1,1,True,0.1487657788215832,0.8512097358643181,2.4485314098607353e-05
1.103361511540898,2,-1.4762699625086508,-0.0237554881710714,1.0617867539482455,1,0.0,1.3810364281696292,-0.6605306743650393,0,-0.0930572212479015,0.3796721288811475,-0.9614863916702532,2,0.2462002046576992,2,-0.9344665114500352,-1.251109940408482,0.523315742874663,0,0,-0.8772324258614291,-0.4262300150429028,0.2662325767951835,0.0,-0.9320143892374164,-0.5502079870438897,-0.6201892226844657,0.3380961637724818,-0.8177339465973219,-0.6154915796172451,-0.0582848907973714,-1.1559347102263289,0,1,1,True,0.27260902833649536,0.7273715183442059,1.945331929870865e-05
1.4318670655440953,2,0.3384328702075777,1.827157989468953,0.0850492518807105,1,0.0,-0.0330087428835995,1.1697805251007627,1,1.432344783164646,0.3796721288811475,1.7496101475022634,4,0.2462002046576992,1,1.5872301273216654,-1.4267861098485703,0.1228606975723441,0,1,0.7626976284195812,-0.4262300150429028,1.1914379855160335,0.0,0.241988311858558,1.3782749432243937,-0.6201892226844657,0.3380961637724818,0.8150681472604113,1.8693889813641875,-0.3687152874355457,0.2458339946348354,0,1,1,True,0.022580175377226945,0.8432435491382991,0.13417627548447378
0.0083429981969065,2,-0.0483070777483398,-0.270543951856408,1.0617867539482455,3,0.0,1.4292236314135114,1.1697805251007627,1,0.5958340065513135,0.3796721288811475,-0.0577875452794142,6,-1.5679065665042955,1,-0.4714755293230099,-0.1019067103991995,0.9237707881769818,0,1,1.855984331273588,2.346151056253851,0.2662325767951835,0.0,0.241988311858558,0.6068817711170802,-0.6201892226844657,0.3380961637724818,-0.3278933184400019,-0.339393739508197,-0.6791456840737199,-0.0345197463373974,0,1,1,True,0.003196899237609192,0.8046642263363092,0.1921388744260817
-1.7436866231534796,2,-0.6358543063736761,-0.5173324155417446,-1.8684257522543597,3,0.0,0.9938771745205078,0.2546249253678617,1,1.5307578157073911,0.3796721288811475,-0.9614863916702532,6,1.153253590238697,2,-0.7194381158958592,1.6437522500930712,-0.6780493930322936,0,0,0.7626976284195812,-0.4262300150429028,0.2662325767951835,0.0,-0.9320143892374164,-1.0644701017820986,-0.6201892226844657,0.3380961637724818,-0.8177339465973219,-0.6154915796172451,-0.0582848907973714,-0.5952272282818631,0,1,1,True,0.003603893021364971,0.8829814827921528,0.1134146241864822
-0.9771736638126856,2,0.2169568609137318,-0.8875151110697495,1.0617867539482455,3,0.0,-0.3271168454410866,0.2546249253678617,1,-0.9787745141326066,0.3796721288811475,-0.9614863916702532,6,0.2462002046576992,2,-0.4506526214531391,0.2896403360488696,1.324225833479301,0,0,0.4893759527060795,-0.4262300150429028,1.1914379855160335,0.0,-0.9320143892374164,-0.8073390444129942,0.1557070814399298,-1.0778621289498782,-0.8177339465973219,-0.6154915796172451,-0.0582848907973714,-0.8755809692540959,1,1,1,True,0.005319042855531596,0.8972957981208636,0.097385159023605
-0.7581699611438873,2,-1.6473280164122297,1.5803695257836163,0.0850492518807105,1,0.0,-0.0346703705816644,-1.5756862740979405,0,-0.8803614815898617,0.3796721288811475,-0.9614863916702532,6,0.2462002046576992,1,-0.928729587853234,-0.3898750873453924,0.523315742874663,0,1,-1.1505541015749308,-0.4262300150429028,-0.6589728319256667,0.0,-0.9320143892374164,-0.5502079870438897,-0.6201892226844657,0.3380961637724818,-0.3278933184400019,-0.6154915796172451,-0.6791456840737199,-0.8755809692540959,1,1,1,True,0.024253913544132633,0.8520283060378939,0.12371778041797357
0.8843578088720997,2,0.3657029947429309,2.320734916839626,0.0850492518807105,5,0.0,0.8659318417695107,1.1697805251007627,1,1.5307578157073911,0.3796721288811475,-0.9614863916702532,6,1.153253590238697,1,-0.928729587853234,-1.3671967531744924,0.523315742874663,0,0,1.3093409798465847,2.346151056253851,1.1914379855160335,0.0,0.241988311858558,-0.4216424583593375,0.1557070814399298,0.3380961637724818,-0.3278933184400019,-0.063295899399149,-0.6791456840737199,-0.3148734873096303,0,1,1,True,0.0011551950439235641,0.8851122920402028,0.11373251291587357
-0.5391662584750891,1,-0.5391693193846967,0.0996387436715968,0.0850492518807105,1,0.0,1.155055061232803,-1.5756862740979405,1,-0.4867093514188816,0.3796721288811475,-0.9614863916702532,6,0.2462002046576992,1,-0.6522948619481125,0.4282136985032113,1.324225833479301,0,0,-0.6039107501479274,-0.4262300150429028,-1.584178240646517,0.0,0.241988311858558,-0.1645114009902331,0.1557070814399298,-1.0778621289498782,-0.3278933184400019,-0.6154915796172451,-0.3687152874355457,-0.3148734873096303,0,1,1,True,0.009025617635714758,0.9251622001565029,0.06581218220778241
-0.7581699611438873,2,-1.679556345408556,-0.0237554881710714,-0.8916882501868245,3,0.0,-1.634817843818162,1.1697805251007627,1,0.841866587908176,-1.0261667362455194,-0.9614863916702532,2,0.2462002046576992,2,-0.9130061676249642,0.2535213156119874,-0.6780493930322936,0,0,-0.6039107501479274,-0.4262300150429028,-1.584178240646517,0.0,-0.9320143892374164,-0.1645114009902331,1.707499689688721,0.3380961637724818,0.4885077284888646,-1.1676872598353414,-0.3687152874355457,1.086895217551534,0,1,1,True,0.022344147632679418,0.9776482558176046,7.596549715878914e-06
-1.0866755151470848,1,-0.5242947060017769,-0.8875151110697495,0.0850492518807105,3,0.0,1.0354178669721303,1.1697805251007627,1,1.038692652993666,0.3796721288811475,-0.9614863916702532,6,1.153253590238697,2,-0.8335391518766818,-1.1265906715093472,-0.2775943477299747,0,0,-0.6039107501479274,-0.4262300150429028,0.2662325767951835,0.0,-0.9320143892374164,-0.678773515728442,-2.171981830933257,-1.0778621289498782,-0.4911735278257753,-0.6154915796172451,-0.3687152874355457,-0.5952272282818631,0,1,1,True,0.008645647935172203,0.8878945456863019,0.10345980637852588
-0.2106607044718917,2,-0.4474425368566906,0.59321567104227,1.0617867539482455,4,0.0,-0.024700604393275,0.2546249253678617,1,-1.3232201280322142,-1.0261667362455194,-0.9614863916702532,2,-0.6608531809232983,0,-0.586426479910766,-0.5957675579291761,-0.6780493930322936,0,1,2.4026276827005915,2.346151056253851,1.1914379855160335,0.0,0.241988311858558,-0.8073390444129942,-0.6201892226844657,-2.4938204216722384,-0.4911735278257753,-0.6154915796172451,-0.6791456840737199,-0.5952272282818631,1,1,1,True,0.042813176142812624,0.9571725686755441,1.4255181643173103e-05
0.3368485522001039,2,-0.6135423862992962,-0.8875151110697495,0.0850492518807105,3,0.0,-0.8372365487470106,-0.6605306743650393,0,0.5958340065513135,-1.0261667362455194,-0.0577875452794142,2,0.2462002046576992,1,-0.6491076821721119,-0.1232689326031142,1.324225833479301,0,0,1.855984331273588,2.346151056253851,-0.6589728319256667,0.0,0.241988311858558,1.121143885855289,0.1557070814399298,0.3380961637724818,-0.9810141559830952,-1.1676872598353414,-0.6791456840737199,-1.1559347102263289,0,1,1,True,0.011010579827302703,0.9889516387707438,3.778140195354492e-05
1.979376322216091,2,-0.1920950071165655,-0.8875151110697495,0.0850492518807105,3,0.0,-0.3952435810617475,1.1697805251007627,1,0.5958340065513135,0.3796721288811475,2.6533089938931025,3,-1.5679065665042955,1,2.837879471424314,0.9677503500876108,0.9237707881769818,0,1,-0.6039107501479274,-0.4262300150429028,1.1914379855160335,0.0,0.241988311858558,1.6354060005934978,-0.6201892226844657,0.3380961637724818,-0.3278933184400019,-0.6154915796172451,-0.3687152874355457,-0.0345197463373974,1,1,1,True,0.06451812039811894,0.8779547852508182,0.05752709435106292
-0.3201625558062908,2,1.58046308768139,-0.270543951856408,-0.8916882501868245,5,0.0,0.8576237032791861,-0.6605306743650393,1,-0.5359158676902541,0.3796721288811475,-0.9614863916702532,8,0.2462002046576992,1,-0.89133334514816,-1.316742557311299,-1.0785044383346123,0,1,2.675949358414093,2.346151056253851,-0.6589728319256667,0.0,0.241988311858558,0.0926196563788712,0.9316033855643254,0.3380961637724818,0.651787937874638,1.5932911412551394,0.8730062991171511,0.8065414765793012,0,2,2,True,1.1365533401112596e-05,0.12475126243561944,0.8752373720309795
-0.8676718124782865,2,-0.1896159048860789,2.4441291486822943,-1.8684257522543597,1,0.0,1.386021311263824,1.1697805251007627,1,1.333931750621901,-2.432005601372186,-0.0577875452794142,0,0.2462002046576992,0,-0.0252703606829213,0.9598800576966948,2.1251359240839385,0,0,0.4893759527060795,-0.4262300150429028,1.1914379855160335,0.0,1.4159910129545328,-0.0359458723056809,0.1557070814399298,0.3380961637724818,-0.0013328996684553,-1.1676872598353414,-0.3687152874355457,0.5261877356070683,0,1,1,True,0.361056387670208,0.6389433414190638,2.7091072812405277e-07
-0.8676718124782865,2,1.4837781006924105,-0.3939381836990763,-1.8684257522543597,3,0.0,0.2777156366545365,-0.6605306743650393,0,-0.5851223839616266,0.3796721288811475,-0.9614863916702532,2,1.153253590238697,1,-0.7164634147715919,1.6905523816319108,-0.6780493930322936,0,0,-0.6039107501479274,-0.4262300150429028,-1.584178240646517,0.0,0.241988311858558,-0.1645114009902331,1.707499689688721,0.3380961637724818,0.4885077284888646,1.041095461037043,-0.6791456840737199,1.086895217551534,0,1,1,True,0.008131323178120587,0.9918573388289067,1.133799297273849e-05
0.4463504035345031,2,1.1912440374949855,-0.5173324155417446,2.038524256015781,3,0.0,0.7030923273591506,-0.6605306743650393,1,1.1863122018077836,1.7855109940078144,-0.9614863916702532,6,0.2462002046576992,1,-0.9297919811119008,-1.2300288000756714,-0.2775943477299747,0,1,-0.8772324258614291,-0.4262300150429028,-1.584178240646517,0.0,-0.9320143892374164,-0.5502079870438897,1.707499689688721,-1.0778621289498782,-0.4911735278257753,-0.6154915796172451,-0.6791456840737199,-0.3148734873096303,0,1,1,True,0.001918594395701199,0.9436163869281122,0.05446501867618667
1.3223652142096962,2,0.9458129166768072,0.2230329755142651,0.0850492518807105,2,0.0,-0.3071773130643078,0.2546249253678617,0,-1.1263940629467242,0.3796721288811475,0.8459113011114247,7,1.153253590238697,1,0.2445775270184655,-1.188007060345602,-0.6780493930322936,0,0,0.7626976284195812,-0.4262300150429028,-1.584178240646517,0.0,1.4159910129545328,-0.2930769296747854,0.1557070814399298,1.754054456494842,0.3252275191030913,1.041095461037043,1.4938670923934996,0.8065414765793012,1,2,2,True,1.3842915205784905e-05,0.014899434037261981,0.9850867230475323
0.1178448495313057,2,0.5119700263416432,-0.8875151110697495,-0.8916882501868245,1,0.0,0.548560951439115,-0.6605306743650393,0,-1.7168722582031943,0.3796721288811475,-0.0577875452794142,7,-1.5679065665042955,0,0.0828812730493668,0.7234902040981119,0.1228606975723441,0,0,-0.0572673987209239,-0.4262300150429028,1.1914379855160335,0.0,0.241988311858558,-0.0359458723056809,0.1557070814399298,0.3380961637724818,-0.0013328996684553,0.7649976209279952,-0.3687152874355457,0.8065414765793012,0,2,2,True,0.0015226028183900138,0.21483434255203246,0.7836430546295775
0.4463504035345031,0,-1.3275238286794515,0.0996387436715968,-0.8916882501868245,1,0.0,-0.7076295882979484,1.1697805251007627,1,-0.4867093514188816,0.3796721288811475,-0.0577875452794142,7,1.153253590238697,2,-0.0579920730498611,-0.1241121782164266,1.7246808787816197,0,0,-0.3305890744344257,-0.4262300150429028,1.1914379855160335,0.0,-0.9320143892374164,0.6068817711170802,0.1557070814399298,0.3380961637724818,1.141628566031958,-0.339393739508197,-0.3687152874355457,1.6476026994959998,0,2,2,True,0.0020401765609323603,0.2502650824788762,0.7476947409601915
0.0083429981969065,2,1.2457842865656918,0.0996387436715968,1.0617867539482455,1,0.0,-0.8422214318412052,0.2546249253678617,1,-0.8311549653184892,0.3796721288811475,-0.0577875452794142,4,-0.6608531809232983,2,-0.4899611720238135,0.9570692389856535,-0.2775943477299747,0,1,-0.8772324258614291,-0.4262300150429028,1.1914379855160335,0.0,-0.9320143892374164,0.8640128284861845,-0.6201892226844657,-1.0778621289498782,-0.9810141559830952,-1.1676872598353414,-0.6791456840737199,-0.8755809692540959,0,1,1,True,0.01365245302059957,0.9849178034894905,0.001429743489909858
-0.1011588531374925,2,0.2020822475308119,-1.010909342912418,1.0617867539482455,1,0.0,0.9307353219940416,-0.6605306743650393,0,0.349801425194451,0.3796721288811475,-0.0577875452794142,7,0.2462002046576992,2,0.0663079382141635,1.0026045021045245,1.324225833479301,0,0,-0.6039107501479274,-0.4262300150429028,-1.584178240646517,0.0,-0.9320143892374164,0.4783162424325279,1.707499689688721,0.3380961637724818,-0.9810141559830952,-1.1676872598353414,-0.6791456840737199,-1.1559347102263289,0,2,2,True,0.0007225012325939239,0.21192367559045522,0.7873538231769508
-0.2106607044718917,1,-0.3433202431762513,-1.010909342912418,0.0850492518807105,3,0.0,-1.5567213420091115,-0.6605306743650393,1,0.645040522822686,0.3796721288811475,-0.9614863916702532,6,-1.5679065665042955,1,-0.9155559114457648,-1.1868827328611855,0.523315742874663,0,0,-0.6039107501479274,-0.4262300150429028,1.1914379855160335,0.0,0.241988311858558,-0.8073390444129942,-0.6201892226844657,-1.0778621289498782,-0.6544537372115486,-0.6154915796172451,-0.3687152874355457,-0.5952272282818631,0,1,1,True,0.0026661528037010716,0.9062222747915751,0.09111157240472383
-0.3201625558062908,0,1.4193214426997576,0.0996387436715968,0.0850492518807105,1,0.0,1.2447829569283075,1.1697805251007627,1,1.038692652993666,0.3796721288811475,-0.0577875452794142,7,0.2462002046576992,0,-0.5316069877635552,-0.2810964032280897,-0.6780493930322936,0,1,-0.3305890744344257,-0.4262300150429028,0.2662325767951835,0.0,0.241988311858558,0.4783162424325279,0.1557070814399298,0.3380961637724818,1.304908775417731,2.6976825016913315,-0.6791456840737199,0.8065414765793012,0,2,2,True,0.0003098195200085467,0.18507669610364305,0.8146134843763483
-0.2106607044718917,1,-0.4127351056298775,-0.6407266473844129,1.0617867539482455,4,0.0,0.2660842427680822,1.1697805251007627,1,-0.929567997861234,-1.0261667362455194,-0.9614863916702532,2,1.153253590238697,1,-0.8768847968302904,1.7179578640645643,-0.6780493930322936,0,0,-0.6039107501479274,-0.4262300150429028,-0.6589728319256667,0.0,0.241988311858558,-1.193035630466651,-0.6201892226844657,1.754054456494842,-0.8177339465973219,-0.6154915796172451,-0.0582848907973714,-0.5952272282818631,0,1,1,True,0.0247759156889436,0.9752147935369153,9.290774141205417e-06
-0.42966440714069,2,1.02514418805238,-0.1471497200137397,1.0617867539482455,2,0.0,-0.5780226278488864,0.2546249253678617,1,-1.3232201280322142,0.3796721288811475,-0.0577875452794142,7,0.2462002046576992,0,0.127714268565109,0.8598149115836206,-1.0785044383346123,0,0,-0.8772324258614291,-0.4262300150429028,1.1914379855160335,0.0,-0.9320143892374164,-0.678773515728442,0.1557070814399298,0.3380961637724818,-0.3278933184400019,-1.1676872598353414,-0.3687152874355457,-0.5952272282818631,0,2,2,True,0.002375703553358413,0.2525129630354439,0.7451113334111977
0.9938596602064989,2,1.280491717792505,-0.7641208792270812,0.0850492518807105,5,0.0,1.3926678220560835,-1.5756862740979405,0,-1.0279810304039791,1.7855109940078144,1.7496101475022634,7,-1.5679065665042955,0,1.4282960958251003,-0.9239306424432612,-0.2775943477299747,0,0,-0.8772324258614291,-0.4262300150429028,1.1914379855160335,0.0,0.241988311858558,1.76397152927805,1.707499689688721,0.3380961637724818,1.9580296129608248,3.5259760220184755,-0.0582848907973714,1.086895217551534,0,2,2,True,3.5894128680949824e-06,0.006811203749758626,0.9931852068373732
-0.5391662584750891,0,0.8516070319183144,0.7166099028849382,1.0617867539482455,3,0.0,1.5455375702780545,0.2546249253678617,0,-1.569252709389077,0.3796721288811475,-0.0577875452794142,0,1.153253590238697,0,0.0348610977576239,0.3132512132216175,0.9237707881769818,0,0,0.7626976284195812,-0.4262300150429028,-0.6589728319256667,0.0,0.241988311858558,-0.2930769296747854,2.4833959938131165,0.3380961637724818,-0.3278933184400019,-0.8915894197262932,-0.3687152874355457,-0.5952272282818631,0,1,1,True,0.06938657990610136,0.9306129869958936,4.3309800493646453e-07
0.2273467008657048,0,-0.9011182450357478,-0.0237554881710714,0.0850492518807105,1,0.0,0.1780179747706425,0.2546249253678617,1,0.2021818763803334,0.3796721288811475,-0.0577875452794142,2,-0.6608531809232983,2,0.0592961427069621,-0.7790329378890763,2.5255909693862573,0,0,-0.0572673987209239,-0.4262300150429028,0.2662325767951835,0.0,-0.9320143892374164,-0.2930769296747854,-0.6201892226844657,-1.0778621289498782,-0.3278933184400019,-0.063295899399149,-0.6791456840737199,-0.3148734873096303,0,1,1,True,0.16011121075047394,0.8398314662390499,5.732301047620605e-05
0.3368485522001039,2,0.2020822475308119,0.7166099028849382,0.0850492518807105,1,0.0,1.0021853130108322,-1.5756862740979405,0,0.6942470390940585,-1.0261667362455194,0.8459113011114247,4,0.2462002046576992,1,0.8354806574889828,1.6143791945626884,-0.6780493930322936,0,0,-0.6039107501479274,-0.4262300150429028,1.1914379855160335,0.0,1.4159910129545328,0.8640128284861845,-0.6201892226844657,0.3380961637724818,1.794749403575051,2.9737803418003796,3.666879868860719,2.2083101814404653,0,1,1,True,0.006342331661585182,0.9142025694226078,0.07945509891580689
1.103361511540898,0,0.8912726676061008,-1.010909342912418,-1.8684257522543597,3,0.0,1.6203108166909748,0.2546249253678617,0,1.5799643319787635,0.3796721288811475,0.8459113011114247,5,-0.6608531809232983,1,1.1588731654271804,0.4100839178169942,-1.0785044383346123,0,0,0.7626976284195812,-0.4262300150429028,-1.584178240646517,0.0,1.4159910129545328,0.3497507137479757,0.1557070814399298,-2.4938204216722384,0.9783483566461848,1.041095461037043,0.8730062991171511,2.2083101814404653,0,1,1,True,0.0007259161119354652,0.5625531062891489,0.4367209775989158
-0.9771736638126856,2,0.229352372066165,0.7166099028849382,-0.8916882501868245,1,0.0,0.1281691438286956,-1.5756862740979405,1,-0.7819484490471167,0.3796721288811475,-0.9614863916702532,2,0.2462002046576992,0,-0.9127936889732308,1.1480643704009177,-0.6780493930322936,0,0,0.2160542769925777,-0.4262300150429028,1.1914379855160335,0.0,0.241988311858558,-0.9359045730975464,1.707499689688721,-1.0778621289498782,-0.4911735278257753,-0.6154915796172451,-0.0582848907973714,-0.5952272282818631,0,1,1,True,0.05199499367371614,0.9479944657721472,1.0540554136646478e-05
-1.0866755151470848,2,1.0846426415840595,-0.8875151110697495,1.0617867539482455,1,0.0,-1.6132166837433182,1.1697805251007627,0,-1.6184592256604493,0.3796721288811475,-0.9614863916702532,2,-1.5679065665042955,0,-0.8843215496409585,0.7591876017283379,-0.6780493930322936,0,0,-0.6039107501479274,-0.4262300150429028,1.1914379855160335,0.0,0.241988311858558,-1.3216011591512031,2.4833959938131165,0.3380961637724818,-0.9810141559830952,-1.1676872598353414,-0.6791456840737199,-1.1559347102263289,0,1,1,True,0.05113848427826172,0.9488503309223034,1.1184799434964916e-05
-1.0866755151470848,1,0.4747834928843435,-0.1471497200137397,0.0850492518807105,1,0.0,-1.6098934283471884,1.1697805251007627,1,-1.4216331605749593,0.3796721288811475,0.8459113011114247,7,0.2462002046576992,2,0.4723546416766441,-1.5934676594133264,-0.6780493930322936,0,0,-0.0572673987209239,-0.4262300150429028,1.1914379855160335,0.0,-0.9320143892374164,-0.2930769296747854,-2.171981830933257,0.3380961637724818,0.3252275191030913,1.041095461037043,-0.3687152874355457,0.8065414765793012,0,2,2,True,0.00036389623177724356,0.05486772448820558,0.9447683792800172
1.6508707682128936,2,0.5640311731818629,-0.5173324155417446,0.0850492518807105,1,0.0,0.4887423543087786,-0.6605306743650393,1,-0.0930572212479015,0.3796721288811475,0.8459113011114247,7,-0.6608531809232983,2,0.4128606191912989,1.0148315634975549,2.5255909693862573,0,1,1.036019304133083,-0.4262300150429028,0.2662325767951835,0.0,-0.9320143892374164,-0.1645114009902331,-0.6201892226844657,-1.0778621289498782,0.161947309717318,0.7649976209279952,1.4938670923934996,0.8065414765793012,1,2,2,True,0.00011463482640333808,0.028886045529017877,0.9709993196445789
-0.5391662584750891,2,-0.4995036836969103,-0.270543951856408,2.038524256015781,2,0.0,0.6997690719630207,1.1697805251007627,1,1.5307578157073911,0.3796721288811475,-0.0577875452794142,7,1.153253590238697,1,0.5739194372051976,1.2690701159112503,0.523315742874663,0,0,-0.8772324258614291,-0.4262300150429028,0.2662325767951835,0.0,0.241988311858558,-0.5502079870438897,0.1557070814399298,-1.0778621289498782,-0.4911735278257753,-0.339393739508197,-0.6791456840737199,-0.3148734873096303,0,2,2,True,0.0006847163744600106,0.16217862414112677,0.8371366594844133
1.4318670655440953,2,1.287929024483965,2.320734916839626,0.0850492518807105,1,0.0,0.4854190989126488,1.1697805251007627,0,-1.1263940629467242,0.3796721288811475,1.7496101475022634,5,-1.5679065665042955,1,2.204905567910588,1.139631914267793,0.523315742874663,0,1,-1.1505541015749308,-0.4262300150429028,-0.6589728319256667,0.0,-0.9320143892374164,1.76397152927805,-0.6201892226844657,0.3380961637724818,-0.6544537372115486,-0.6154915796172451,-0.3687152874355457,-0.5952272282818631,0,1,1,True,0.023942757352966686,0.6198084477401563,0.35624879490687683
1.103361511540898,1,1.429237851621704,0.8400041347276065,1.0617867539482455,3,0.0,-0.0629180414487677,0.2546249253678617,1,-0.0930572212479015,1.7855109940078144,-0.0577875452794142,4,0.2462002046576992,0,-0.3051047450157769,-1.0616607592842906,-0.6780493930322936,0,1,1.036019304133083,-0.4262300150429028,0.2662325767951835,0.0,-0.9320143892374164,1.121143885855289,0.1557070814399298,1.754054456494842,1.9580296129608248,1.5932911412551394,-0.0582848907973714,0.8065414765793012,0,1,1,True,0.014745487743236875,0.9815210217584776,0.0037334904982855304
-1.196177366481484,2,1.3548647847071045,1.7037637576262843,0.0850492518807105,1,0.0,-0.7724330685224795,-1.5756862740979405,0,1.1863122018077836,0.3796721288811475,-0.9614863916702532,6,1.153253590238697,0,-0.7685206844462689,-1.5854568260868582,-0.6780493930322936,0,0,1.855984331273588,2.346151056253851,-0.6589728319256667,0.0,1.4159910129545328,-1.0644701017820986,0.1557070814399298,-2.4938204216722384,-0.6544537372115486,-0.6154915796172451,-0.6791456840737199,-0.5952272282818631,0,1,1,True,0.0014428431664104638,0.8157184140161544,0.18283874281743512
-1.0866755151470848,2,-1.3225656242184785,-0.5173324155417446,-1.8684257522543597,5,0.0,-0.3005308022720482,0.2546249253678617,1,-1.1756005792180968,-1.0261667362455194,0.8459113011114247,5,1.153253590238697,0,1.3396924980522829,-0.7689139905293272,-0.6780493930322936,0,1,0.2160542769925777,-0.4262300150429028,-0.6589728319256667,0.0,0.241988311858558,-0.2930769296747854,0.1557070814399298,0.3380961637724818,0.3252275191030913,1.041095461037043,-0.6791456840737199,1.086895217551534,0,1,1,True,0.0030774623605657305,0.9052691511211085,0.0916533865183259
-1.3056792178158831,2,1.3722185003205112,0.0996387436715968,1.0617867539482455,1,0.0,0.3574737661616516,0.2546249253678617,1,-0.4375028351475091,0.3796721288811475,-0.0577875452794142,7,1.153253590238697,2,-0.3299647472685818,0.8867987712096181,-1.0785044383346123,0,0,-0.3305890744344257,-0.4262300150429028,-0.6589728319256667,0.0,-0.9320143892374164,-0.8073390444129942,0.9316033855643254,0.3380961637724818,-0.4911735278257753,-0.339393739508197,-0.3687152874355457,-0.8755809692540959,0,2,2,True,0.0004505312610381596,0.17486990764355742,0.8246795610954043
-0.6486681098094882,2,-0.2763844829531117,-0.270543951856408,0.0850492518807105,2,0.0,-0.9751516476863972,1.1697805251007627,1,0.349801425194451,0.3796721288811475,-0.0577875452794142,7,1.153253590238697,0,0.2218423112829943,-1.0076930400322954,0.523315742874663,0,0,-0.8772324258614291,-0.4262300150429028,1.1914379855160335,0.0,2.5899937140505074,0.2211851850634235,0.1557070814399298,0.3380961637724818,-0.0013328996684553,0.7649976209279952,-0.3687152874355457,0.8065414765793012,0,2,2,True,0.00037634912528072324,0.2734436728081364,0.7261799780665829
-0.1011588531374925,0,-1.2432343528429055,0.7166099028849382,1.0617867539482455,2,0.0,1.680129413821311,1.1697805251007627,1,1.0878991692650386,-2.432005601372186,-0.0577875452794142,7,1.153253590238697,0,-0.2330744820781626,-0.5448917392593264,-0.6780493930322936,0,0,2.4026276827005915,2.346151056253851,-1.584178240646517,0.0,0.241988311858558,0.4783162424325279,0.9316033855643254,-1.0778621289498782,1.304908775417731,2.1454868214732357,2.7355886789461965,1.9279564404682328,0,2,2,True,7.100019430185654e-05,0.15140934293918296,0.8485196568665152
0.4463504035345031,0,0.2566224966015182,-0.5173324155417446,-0.8916882501868245,1,0.0,0.3076249352197047,-1.5756862740979405,1,1.432344783164646,-1.0261667362455194,-0.9614863916702532,6,-1.5679065665042955,0,-0.9340415541465684,0.8404202624774348,1.324225833479301,0,0,0.4893759527060795,-0.4262300150429028,-1.584178240646517,0.0,0.241988311858558,-0.8073390444129942,-0.6201892226844657,-2.4938204216722384,-0.9810141559830952,-1.1676872598353414,-0.6791456840737199,-1.1559347102263289,1,1,1,True,0.006181543223671435,0.8270435580532289,0.1667748987230996
-0.1011588531374925,2,1.4713825895399772,-0.5173324155417446,-0.8916882501868245,1,0.0,-1.1978097592270935,1.1697805251007627,1,-0.1914702537906465,0.3796721288811475,-0.0577875452794142,2,-0.6608531809232983,2,-0.1251353269976078,-0.6138973386153932,2.1251359240839385,0,0,0.2160542769925777,-0.4262300150429028,1.1914379855160335,0.0,-0.9320143892374164,0.6068817711170802,0.1557070814399298,1.754054456494842,0.9783483566461848,1.8693889813641875,0.2521455058408027,0.8065414765793012,0,1,1,True,0.09150953760805113,0.9084443845998377,4.6077792111042366e-05
-0.9771736638126856,2,0.9086263832195074,-0.1471497200137397,-0.8916882501868245,3,0.0,-0.2589901098204258,-0.6605306743650393,1,-0.142263737519274,-1.0261667362455194,-0.9614863916702532,1,1.153253590238697,0,-0.3329394483928491,1.3564865778246389,-0.6780493930322936,0,0,-0.6039107501479274,-0.4262300150429028,1.1914379855160335,0.0,0.241988311858558,-0.678773515728442,2.4833959938131165,0.3380961637724818,-0.3278933184400019,-0.8915894197262932,-0.6791456840737199,-0.0345197463373974,0,0,1,False,0.05017186366784232,0.9498273739696486,7.623625091104688e-07
-0.6486681098094882,2,-0.2763844829531117,-0.5173324155417446,1.0617867539482455,5,0.0,-1.0000760631573706,0.2546249253678617,1,0.9894861367222936,0.3796721288811475,-0.9614863916702532,6,1.153253590238697,1,-0.3573744933421873,-0.5953459351225199,-1.0785044383346123,0,1,-0.8772324258614291,-0.4262300150429028,0.2662325767951835,0.0,0.241988311858558,-0.678773515728442,0.9316033855643254,0.3380961637724818,-0.3278933184400019,-0.6154915796172451,-0.6791456840737199,-0.3148734873096303,0,1,1,True,0.0008714385985597612,0.9361976330422257,0.06293092835921447
0.4463504035345031,2,-0.8812854271918545,-0.5173324155417446,0.0850492518807105,1,0.0,1.3112480648509035,-0.6605306743650393,1,0.9402796204509212,1.7855109940078144,-0.0577875452794142,0,-0.6608531809232983,2,0.0779942640594991,0.1710237864429218,0.1228606975723441,0,0,-0.8772324258614291,-0.4262300150429028,-1.584178240646517,0.0,-0.9320143892374164,-0.0359458723056809,0.1557070814399298,-2.4938204216722384,-0.6544537372115486,-0.6154915796172451,-0.3687152874355457,-0.5952272282818631,0,1,1,True,0.3411661242366514,0.658833209440461,6.663228876328942e-07
0.4463504035345031,1,-1.6349325052597965,-0.6407266473844129,0.0850492518807105,2,0.0,-0.8920702627831522,-1.5756862740979405,1,-0.4867093514188816,0.3796721288811475,-0.0577875452794142,7,-0.6608531809232983,2,0.6060037136169373,-0.6682866806740446,-0.6780493930322936,0,0,0.7626976284195812,-0.4262300150429028,0.2662325767951835,0.0,-0.9320143892374164,-0.4216424583593375,1.707499689688721,0.3380961637724818,0.161947309717318,0.7649976209279952,1.4938670923934996,0.8065414765793012,1,2,2,True,0.00023141868271023096,0.07842493226874078,0.9213436490485489
0.3368485522001039,2,0.9135845876804808,0.0996387436715968,1.0617867539482455,1,0.0,-0.9003784012734767,1.1697805251007627,0,-0.9787745141326066,1.7855109940078144,-0.9614863916702532,2,0.2462002046576992,1,-0.9115188170628306,1.1498914025630946,0.1228606975723441,0,1,-0.6039107501479274,-0.4262300150429028,0.2662325767951835,0.0,0.241988311858558,-0.1645114009902331,0.1557070814399298,0.3380961637724818,-0.0013328996684553,0.7649976209279952,-0.3687152874355457,0.8065414765793012,0,1,1,True,0.030773183530230442,0.9692193310839512,7.485385818483746e-06
-0.8676718124782865,2,-0.9283883695711008,-0.0237554881710714,0.0850492518807105,2,0.0,1.2082271475708797,-0.6605306743650393,0,-0.6835354165043717,-2.432005601372186,-0.9614863916702532,8,-0.6608531809232983,2,-0.7952929945646742,0.0445369444460582,-0.6780493930322936,0,0,-0.6039107501479274,-0.4262300150429028,0.2662325767951835,0.0,-0.9320143892374164,-1.193035630466651,0.1557070814399298,0.3380961637724818,-0.8177339465973219,-0.6154915796172451,-0.0582848907973714,-0.5952272282818631,1,2,2,True,0.00017284716291906009,0.04438264473716853,0.9554445080999124
0.2273467008657048,2,1.3052827400973714,-0.6407266473844129,1.0617867539482455,1,0.0,-1.4005283383910112,1.1697805251007627,0,-0.929567997861234,-1.0261667362455194,-0.0577875452794142,7,0.2462002046576992,1,-0.1276850708184083,0.0389153070239753,0.523315742874663,0,0,-0.3305890744344257,-0.4262300150429028,0.2662325767951835,0.0,0.241988311858558,0.7354472998016324,-1.3960855268088614,1.754054456494842,1.304908775417731,1.8693889813641875,0.8730062991171511,1.3672489585237668,0,2,2,True,0.0006061457451280493,0.1886133773009671,0.8107804769539049
1.5413689168784943,1,0.4103268348916906,-0.3939381836990763,-0.8916882501868245,3,0.0,0.4521865449513508,-0.6605306743650393,0,-1.2740136117608418,-1.0261667362455194,-0.9614863916702532,2,0.2462002046576992,2,-0.7787196597294709,-1.4132941800355716,-1.0785044383346123,0,0,-0.3305890744344257,-0.4262300150429028,-0.6589728319256667,0.0,-0.9320143892374164,-0.4216424583593375,2.4833959938131165,-1.0778621289498782,-0.0013328996684553,-1.1676872598353414,1.4938670923934996,0.8065414765793012,0,1,1,True,0.01620774828317808,0.983775768509569,1.6483207252878953e-05
1.6508707682128936,2,-1.3498357487538315,-0.1471497200137397,1.0617867539482455,4,0.0,0.6382888471346195,0.2546249253678617,0,-0.5851223839616266,0.3796721288811475,-0.9614863916702532,2,-1.5679065665042955,1,-0.7549220507353328,0.4286353213098675,2.5255909693862573,0,0,-0.6039107501479274,-0.4262300150429028,0.2662325767951835,0.0,-0.9320143892374164,0.0926196563788712,-0.6201892226844657,-2.4938204216722384,-0.3278933184400019,-0.063295899399149,-0.6791456840737199,-0.0345197463373974,0,1,1,True,0.04671314283754081,0.9532786424576555,8.214704803527086e-06
1.979376322216091,2,-1.6250160963378495,1.3335810620982798,-0.8916882501868245,5,0.0,-1.056571404891577,-0.6605306743650393,1,-1.4216331605749593,0.3796721288811475,-0.0577875452794142,2,1.153253590238697,1,-0.2311621742125622,0.2331428799569371,0.1228606975723441,0,1,1.036019304133083,-0.4262300150429028,1.1914379855160335,0.0,0.241988311858558,0.0926196563788712,0.9316033855643254,0.3380961637724818,0.4885077284888646,0.7649976209279952,-0.6791456840737199,1.086895217551534,0,1,1,True,0.005832720990268024,0.9941393673257849,2.7911683947101805e-05
0.0083429981969065,2,-0.7945168491248218,-0.7641208792270812,0.0850492518807105,4,0.0,-0.5580830954721075,0.2546249253678617,1,-1.4708396768463317,0.3796721288811475,0.8459113011114247,4,0.2462002046576992,1,0.6227895271038739,-0.6615407157675451,-0.6780493930322936,0,0,-0.0572673987209239,-0.4262300150429028,0.2662325767951835,0.0,0.241988311858558,-0.1645114009902331,-0.6201892226844657,0.3380961637724818,0.4885077284888646,0.7649976209279952,1.4938670923934996,1.086895217551534,0,1,1,True,0.007046599436983418,0.9724797611052027,0.020473639457813872
-0.5391662584750891,0,0.4301596527355837,2.0739464531542895,1.0617867539482455,2,0.0,-1.1496225559832114,0.2546249253678617,1,1.6783773645215088,0.3796721288811475,-0.0577875452794142,7,1.153253590238697,1,-0.4330168933592689,-0.3153883915027949,-1.0785044383346123,0,0,0.7626976284195812,-0.4262300150429028,-1.584178240646517,0.0,-0.9320143892374164,-0.9359045730975464,-0.6201892226844657,0.3380961637724818,-0.6544537372115486,-0.6154915796172451,-0.0582848907973714,-0.5952272282818631,0,2,2,True,0.0001663198746699903,0.17893801155293076,0.8208956685723992
-1.4151810691502822,2,0.449992470579477,0.9633983665702748,-0.8916882501868245,1,0.0,0.3225795845022887,1.1697805251007627,0,1.5307578157073911,0.3796721288811475,-0.9614863916702532,2,-0.6608531809232983,1,-0.9121562530180308,-1.5376729079991542,-0.6780493930322936,0,0,-0.6039107501479274,-0.4262300150429028,-1.584178240646517,0.0,0.241988311858558,-1.3216011591512031,0.1557070814399298,-2.4938204216722384,-0.9810141559830952,-1.1676872598353414,-0.6791456840737199,-1.1559347102263289,1,1,1,True,0.08609204485802607,0.9138627640631762,4.5191078797768754e-05
-0.9771736638126856,2,0.9160636899109672,-0.7641208792270812,0.0850492518807105,3,0.0,1.4126073544328623,-0.6605306743650393,0,0.5958340065513135,0.3796721288811475,-0.9614863916702532,8,-0.6608531809232983,1,-0.7748950439982701,-1.4926998086224916,-0.6780493930322936,0,0,1.036019304133083,-0.4262300150429028,1.1914379855160335,0.0,0.241988311858558,-1.3216011591512031,0.1557070814399298,0.3380961637724818,-0.9810141559830952,-1.1676872598353414,-0.6791456840737199,-1.1559347102263289,0,2,2,True,0.00010733248186559524,0.056897425996518015,0.9429952415216163
-0.8676718124782865,2,-0.2094487227299721,-0.1471497200137397,-1.8684257522543597,3,0.0,0.2079272733358107,-0.6605306743650393,1,0.645040522822686,-1.0261667362455194,-0.0577875452794142,4,1.153253590238697,1,-0.307442010184844,0.4744516662998426,-0.6780493930322936,0,1,-0.0572673987209239,-0.4262300150429028,0.2662325767951835,0.0,0.241988311858558,-0.1645114009902331,-0.6201892226844657,-1.0778621289498782,0.4885077284888646,0.7649976209279952,-0.3687152874355457,-0.5952272282818631,0,1,1,True,0.0059122512780203085,0.9867594053387401,0.007328343383239558
-0.2106607044718917,1,0.3508283813600109,-1.010909342912418,0.0850492518807105,2,0.0,-1.1811934822464445,0.2546249253678617,0,1.2847252343505289,0.3796721288811475,0.8459113011114247,7,0.2462002046576992,2,0.4857407967358467,-0.7332165928991012,-0.6780493930322936,0,0,-0.3305890744344257,-0.4262300150429028,-1.584178240646517,0.0,-0.9320143892374164,-0.1645114009902331,0.1557070814399298,1.754054456494842,0.4885077284888646,0.7649976209279952,-0.6791456840737199,1.086895217551534,0,2,2,True,3.9635665643167704e-05,0.027437245289313173,0.9725231190450436
0.7748559575377005,1,0.968124836751187,-0.8875151110697495,-1.8684257522543597,3,0.0,0.7828504568662658,-0.6605306743650393,1,0.9894861367222936,0.3796721288811475,0.8459113011114247,4,0.2462002046576992,2,0.78746048219724,0.7597497654705462,0.9237707881769818,0,1,0.7626976284195812,-0.4262300150429028,-0.6589728319256667,0.0,-0.9320143892374164,0.6068817711170802,-0.6201892226844657,-1.0778621289498782,-0.8177339465973219,-0.6154915796172451,-0.0582848907973714,-0.5952272282818631,0,1,1,True,0.006152802441088924,0.9766909750694354,0.017156222489475677
-1.0866755151470848,2,0.2268732698356784,-0.0237554881710714,0.0850492518807105,3,0.0,-1.270921377941949,1.1697805251007627,0,1.629170848250136,0.3796721288811475,-0.9614863916702532,6,-0.6608531809232983,2,-0.8974952260484278,-0.3558641809417913,-0.6780493930322936,0,0,0.2160542769925777,-0.4262300150429028,1.1914379855160335,0.0,-0.9320143892374164,-0.5502079870438897,-0.6201892226844657,-1.0778621289498782,-0.0013328996684553,0.7649976209279952,-0.6791456840737199,-0.3148734873096303,0,1,1,True,0.0013137590114047594,0.8375608641167056,0.16112537687188966
-0.6486681098094882,0,0.4375969594270437,-1.010909342912418,1.0617867539482455,3,0.0,-1.191163248434834,0.2546249253678617,1,1.1863122018077836,-2.432005601372186,-0.0577875452794142,4,0.2462002046576992,1,-0.458514331567274,-1.395867104027115,-1.0785044383346123,0,0,-0.8772324258614291,-0.4262300150429028,1.1914379855160335,0.0,0.241988311858558,-0.678773515728442,-0.6201892226844657,0.3380961637724818,-0.3278933184400019,-0.063295899399149,-0.3687152874355457,-0.0345197463373974,0,1,1,True,0.004934140620715601,0.9900891917754905,0.004976667603794073
-0.6486681098094882,2,-0.2838217896445716,-0.270543951856408,0.0850492518807105,1,0.0,-0.6843668005250398,0.2546249253678617,1,-1.0771875466753518,-1.0261667362455194,0.8459113011114247,3,1.153253590238697,0,1.0738817047338305,1.5428438583666844,2.5255909693862573,0,0,1.5826626555600865,2.346151056253851,0.2662325767951835,0.0,0.241988311858558,-0.1645114009902331,0.1557070814399298,-1.0778621289498782,-0.3278933184400019,-0.063295899399149,-0.6791456840737199,-0.8755809692540959,0,2,1,False,0.06117897924757845,0.9364173374028106,0.0024036833496109485
1.869874470881692,2,-1.6051832784939566,-0.0237554881710714,-0.8916882501868245,1,0.0,1.5688003580509629,-1.5756862740979405,0,0.0545623275662159,0.3796721288811475,-0.0577875452794142,6,0.2462002046576992,1,-0.7661834192772018,1.146940042916501,0.1228606975723441,0,0,-1.1505541015749308,-0.4262300150429028,0.2662325767951835,0.0,1.4159910129545328,-0.2930769296747854,2.4833959938131165,-1.0778621289498782,-0.4911735278257753,-0.339393739508197,-0.0582848907973714,-0.3148734873096303,0,1,2,False,0.0008615622205419217,0.47053871971116573,0.5285997180682923
0.3368485522001039,1,1.652357052365503,-0.0237554881710714,1.0617867539482455,3,0.0,-0.1011354785042604,1.1697805251007627,1,-1.5200461931177045,0.3796721288811475,-0.9614863916702532,6,-0.6608531809232983,0,-0.6131987900291714,1.5108005250608123,2.1251359240839385,0,1,-0.3305890744344257,-0.4262300150429028,1.1914379855160335,0.0,0.241988311858558,-1.0644701017820986,-0.6201892226844657,0.3380961637724818,-0.9810141559830952,-0.8915894197262932,-0.6791456840737199,-1.1559347102263289,0,1,1,True,0.005497166686112208,0.9544091470028336,0.040093686311054165
-1.4151810691502822,1,-1.0449061744039736,-0.0237554881710714,0.0850492518807105,3,0.0,0.7795272014701359,-0.6605306743650393,1,1.137105685536411,0.3796721288811475,-0.9614863916702532,2,-1.5679065665042955,2,-0.7077517900505235,0.3773378798333617,-0.2775943477299747,0,1,-1.1505541015749308,-0.4262300150429028,0.2662325767951835,0.0,-0.9320143892374164,-0.9359045730975464,-0.6201892226844657,-1.0778621289498782,-1.1442943653688686,-1.1676872598353414,-0.6791456840737199,-1.1559347102263289,1,1,1,True,0.08162585812076657,0.9183560971694098,1.8044709823603723e-05
-0.2106607044718917,1,-0.3482784476372246,1.0867925984129432,1.0617867539482455,2,0.0,0.5901016438907375,1.1697805251007627,0,0.0545623275662159,0.3796721288811475,-0.0577875452794142,7,0.2462002046576992,1,-0.401357574250996,1.2613403644558867,-1.0785044383346123,0,1,0.7626976284195812,-0.4262300150429028,0.2662325767951835,0.0,0.241988311858558,-0.8073390444129942,-2.171981830933257,-1.0778621289498782,-0.4911735278257753,-0.6154915796172451,0.2521455058408027,-0.5952272282818631,1,2,2,True,0.00020340580535591833,0.08132104710772661,0.9184755470869174
0.4463504035345031,0,-1.3771058732891848,-0.270543951856408,-1.8684257522543597,1,0.0,0.0168400880583474,-0.6605306743650393,0,-0.5359158676902541,-2.432005601372186,2.6533089938931025,5,0.2462002046576992,0,2.862102037721918,0.8391553940574662,-0.6780493930322936,0,0,1.855984331273588,2.346151056253851,-0.6589728319256667,0.0,1.4159910129545328,1.2497094145398413,0.1557070814399298,0.3380961637724818,2.284590031732371,3.249878181909428,0.8730062991171511,1.6476026994959998,0,1,2,False,0.00020238448587559416,0.027536168432976935,0.9722614470811474
-0.42966440714069,2,-1.0176360498686203,-0.8875151110697495,1.0617867539482455,3,0.0,1.071973676329558,1.1697805251007627,1,1.333931750621901,0.3796721288811475,-0.0577875452794142,7,1.153253590238697,0,-0.2120390955565584,-1.4605159343810674,-0.6780493930322936,0,0,-0.3305890744344257,-0.4262300150429028,0.2662325767951835,0.0,1.4159910129545328,-0.678773515728442,1.707499689688721,0.3380961637724818,-0.1646131090542286,-0.6154915796172451,-0.6791456840737199,-0.0345197463373974,0,2,2,True,0.0003355102911039785,0.17150021324202194,0.8281642764668741
2.1983800248848895,2,-0.985407720872294,-1.010909342912418,-0.8916882501868245,1,0.0,0.7612492967914221,-0.6605306743650393,1,1.333931750621901,1.7855109940078144,-0.0577875452794142,6,0.2462002046576992,1,-0.3405886798552506,-1.6291650570435523,-1.0785044383346123,0,0,2.4026276827005915,2.346151056253851,-1.584178240646517,0.0,0.241988311858558,0.2211851850634235,-0.6201892226844657,-1.0778621289498782,0.8150681472604113,1.3171933011460917,-0.0582848907973714,1.086895217551534,0,1,2,False,0.0029060273060945207,0.3716484953347685,0.625445477359137
-1.5246829204846812,2,1.0920799482755197,-0.3939381836990763,0.0850492518807105,1,0.0,-0.3553645163081899,0.2546249253678617,1,-0.142263737519274,1.7855109940078144,-0.9614863916702532,2,-1.5679065665042955,1,-1.0415557519236565,-1.527413419703853,-0.6780493930322936,0,1,1.5826626555600865,2.346151056253851,0.2662325767951835,0.0,1.4159910129545328,-1.3216011591512031,-0.6201892226844657,0.3380961637724818,-1.1442943653688686,-1.1676872598353414,-0.6791456840737199,-1.1559347102263289,1,1,1,True,0.1177224648218929,0.8822513153217346,2.6219856372434643e-05
-1.4151810691502822,2,-0.806912360277255,1.827157989468953,0.0850492518807105,3,0.0,0.2461447103913034,1.1697805251007627,1,-0.8311549653184892,0.3796721288811475,-0.9614863916702532,2,-0.6608531809232983,2,-0.6174483630638389,-1.1108500867275153,2.1251359240839385,0,0,1.855984331273588,2.346151056253851,1.1914379855160335,0.0,-0.9320143892374164,-0.678773515728442,-0.6201892226844657,0.3380961637724818,-0.4911735278257753,-0.339393739508197,-0.3687152874355457,-0.5952272282818631,0,1,1,True,0.12168729511160833,0.8783030733960365,9.631492355030608e-06
-0.1011588531374925,2,-0.3135710164104114,-1.010909342912418,0.0850492518807105,4,0.0,-0.3354249839314111,0.2546249253678617,0,-1.5200461931177045,0.3796721288811475,-0.0577875452794142,4,-0.6608531809232983,1,-0.2708956820867034,1.2715998527511878,-1.0785044383346123,0,0,-0.0572673987209239,-0.4262300150429028,-1.584178240646517,0.0,0.241988311858558,-0.1645114009902331,-0.6201892226844657,0.3380961637724818,0.3252275191030913,0.7649976209279952,-0.6791456840737199,0.2458339946348354,0,1,1,True,0.0043837588441221,0.989643584248316,0.00597265690756186
-1.196177366481484,2,0.8516070319183144,-0.1471497200137397,0.0850492518807105,5,0.0,-0.3802889317791634,1.1697805251007627,1,-1.3724266443035866,-1.0261667362455194,-0.0577875452794142,7,-1.5679065665042955,2,-0.2500727742168326,-1.580959516149192,1.324225833479301,0,0,0.4893759527060795,-0.4262300150429028,0.2662325767951835,0.0,-0.9320143892374164,-0.678773515728442,-0.6201892226844657,-1.0778621289498782,-0.4911735278257753,-0.339393739508197,-0.3687152874355457,-0.5952272282818631,1,2,2,True,0.00028202439836300634,0.21588279491416704,0.78383518068747
-0.42966440714069,2,-0.5639603416895632,1.950552221311621,0.0850492518807105,1,0.0,0.8642702140714458,1.1697805251007627,1,-1.0771875466753518,-1.0261667362455194,-0.0577875452794142,4,-0.6608531809232983,2,-0.4638262978606084,1.3827677327728758,-0.6780493930322936,0,0,-0.6039107501479274,-0.4262300150429028,1.1914379855160335,0.0,-0.9320143892374164,-0.8073390444129942,-0.6201892226844657,0.3380961637724818,-0.3278933184400019,-0.339393739508197,-0.6791456840737199,-0.5952272282818631,0,1,1,True,0.060526059886615274,0.9334829364429079,0.005991003670476624
0.8843578088720997,2,0.5020536174196967,2.320734916839626,-0.8916882501868245,5,0.0,1.1533934335347382,1.1697805251007627,0,-0.8803614815898617,-1.0261667362455194,1.7496101475022634,5,-0.6608531809232983,2,2.167509325205514,0.3943433330351623,-0.6780493930322936,0,0,-1.1505541015749308,-0.4262300150429028,0.2662325767951835,0.0,-0.9320143892374164,1.2497094145398413,-0.6201892226844657,0.3380961637724818,2.284590031732371,0.4888997808189471,1.804297489031674,0.5261877356070683,0,1,2,False,0.002305971352372051,0.17212492664709725,0.8255691020005307
-1.196177366481484,2,-0.54412752384567,-0.6407266473844129,-0.8916882501868245,1,0.0,0.4156307355939231,0.2546249253678617,1,-0.6343289002329991,0.3796721288811475,-0.9614863916702532,6,1.153253590238697,2,-0.770857949615336,-0.6099621924199352,-0.6780493930322936,0,1,1.3093409798465847,2.346151056253851,-0.6589728319256667,0.0,-0.9320143892374164,-0.4216424583593375,-0.6201892226844657,-1.0778621289498782,0.161947309717318,0.212801940709899,-0.0582848907973714,-0.5952272282818631,0,1,1,True,0.00948682303484681,0.850127828573518,0.14038534839163527
0.8843578088720997,2,1.6226078255996628,-0.270543951856408,0.0850492518807105,3,0.0,0.2827005197487311,-1.5756862740979405,0,0.841866587908176,0.3796721288811475,-0.9614863916702532,6,0.2462002046576992,1,-0.4304671495384684,0.8132958619158851,0.523315742874663,0,1,1.036019304133083,-0.4262300150429028,0.2662325767951835,0.0,0.241988311858558,-0.5502079870438897,-0.6201892226844657,-1.0778621289498782,-0.6544537372115486,-0.6154915796172451,-0.6791456840737199,-0.5952272282818631,0,1,1,True,0.0017509526164301487,0.8878790056119971,0.11037004177157285
-0.8676718124782865,2,0.0062331713223664,-1.010909342912418,-0.8916882501868245,1,0.0,-0.3470563778178654,-0.6605306743650393,0,-1.4708396768463317,-1.0261667362455194,-0.9614863916702532,2,-1.5679065665042955,1,-0.8889960799790928,-1.0714986247729354,-0.6780493930322936,0,1,-1.1505541015749308,-0.4262300150429028,1.1914379855160335,0.0,0.241988311858558,-1.3216011591512031,-1.3960855268088614,0.3380961637724818,-0.9810141559830952,-1.1676872598353414,-0.6791456840737199,-1.1559347102263289,1,1,1,True,0.3041966960647872,0.695783607965443,1.9695969769751912e-05
1.4318670655440953,0,-1.629974300798823,-1.010909342912418,0.0850492518807105,1,0.0,0.0251482265486718,1.1697805251007627,0,1.432344783164646,0.3796721288811475,-0.0577875452794142,7,0.2462002046576992,1,-0.0331320707970562,1.490703171276866,-1.0785044383346123,0,0,-0.8772324258614291,-0.4262300150429028,-1.584178240646517,0.0,0.241988311858558,0.9925783571707368,0.1557070814399298,0.3380961637724818,1.794749403575051,0.7649976209279952,-0.6791456840737199,2.488663922412698,0,2,2,True,0.00031235497446229974,0.10611443515209963,0.893573209873438
0.9938596602064989,2,-0.2416770517262986,-0.8875151110697495,1.0617867539482455,2,0.0,-1.6398027269123563,-0.6605306743650393,0,0.841866587908176,0.3796721288811475,2.6533089938931025,3,-1.5679065665042955,2,2.644098941043475,1.1958482884886217,0.1228606975723441,0,0,-0.8772324258614291,-0.4262300150429028,1.1914379855160335,0.0,-0.9320143892374164,1.3782749432243937,-0.6201892226844657,-1.0778621289498782,-0.8177339465973219,-0.6154915796172451,-0.0582848907973714,-0.8755809692540959,0,2,1,False,0.025942118521302616,0.8960867031457627,0.07797117833293477
0.1178448495313057,1,0.9507711211377804,-0.7641208792270812,1.0617867539482455,4,0.0,0.0583807805099698,0.2546249253678617,1,-1.0771875466753518,0.3796721288811475,-0.9614863916702532,6,0.2462002046576992,1,-0.7823317968089383,-1.5903757588311809,0.1228606975723441,0,0,0.2160542769925777,-0.4262300150429028,-1.584178240646517,0.0,0.241988311858558,-0.4216424583593375,-0.6201892226844657,0.3380961637724818,-0.8177339465973219,-0.6154915796172451,-0.0582848907973714,-0.5952272282818631,0,1,1,True,0.0018622073152489524,0.9515895107046519,0.046548281980099186
0.0083429981969065,2,-0.5738767506115098,0.0996387436715968,-1.8684257522543597,1,0.0,-0.370319165590774,1.1697805251007627,0,0.7926600716368035,0.3796721288811475,-0.9614863916702532,6,-1.5679065665042955,0,-0.7906184642265399,0.7858903794832314,-1.0785044383346123,0,1,-0.6039107501479274,-0.4262300150429028,-0.6589728319256667,0.0,1.4159910129545328,-0.678773515728442,0.1557070814399298,-1.0778621289498782,-0.3278933184400019,-0.339393739508197,0.5625759024789769,-0.3148734873096303,0,1,1,True,0.002814464481771831,0.830368618038351,0.16681691747987706
0.2273467008657048,1,-0.3234874253323581,-0.270543951856408,-0.8916882501868245,3,0.0,-0.9651818814980078,0.2546249253678617,1,-0.5851223839616266,-1.0261667362455194,2.6533089938931025,3,1.153253590238697,1,2.7131545028568222,0.9595989758255908,-0.6780493930322936,0,0,-0.0572673987209239,-0.4262300150429028,-1.584178240646517,0.0,0.241988311858558,1.2497094145398413,-0.6201892226844657,0.3380961637724818,2.284590031732371,1.3171933011460917,3.3564494722225446,-0.3148734873096303,0,1,1,True,0.015098190150146308,0.7447465991408281,0.24015521070902565
-0.42966440714069,2,-0.5292529104627501,2.320734916839626,1.0617867539482455,1,0.0,0.8709167248637053,-0.6605306743650393,1,0.645040522822686,0.3796721288811475,-0.0577875452794142,2,0.2462002046576992,1,-0.2753577337731043,1.2136969873037349,-0.6780493930322936,0,1,-0.8772324258614291,-0.4262300150429028,-0.6589728319256667,0.0,0.241988311858558,0.4783162424325279,0.1557070814399298,0.3380961637724818,1.304908775417731,2.6976825016913315,0.8730062991171511,0.8065414765793012,0,1,1,True,0.030603804491687443,0.9693246173918525,7.157811646006532e-05
-0.5391662584750891,1,-1.0498643788649469,-0.5173324155417446,-0.8916882501868245,1,0.0,-0.2257575558591278,-0.6605306743650393,1,-0.8803614815898617,0.3796721288811475,-0.0577875452794142,7,-0.6608531809232983,1,0.0044766505597512,-0.7620274846872758,-0.6780493930322936,0,0,-0.3305890744344257,-0.4262300150429028,1.1914379855160335,0.0,0.241988311858558,-0.1645114009902331,0.1557070814399298,0.3380961637724818,0.4885077284888646,1.041095461037043,0.8730062991171511,-0.3148734873096303,0,2,2,True,0.0005686100386351716,0.09741645890918127,0.9020149310521837
-1.196177366481484,0,-1.332482033140425,2.4441291486822943,-0.8916882501868245,3,0.0,0.0201633434544771,-0.6605306743650393,1,0.645040522822686,-2.432005601372186,-0.0577875452794142,7,-1.5679065665042955,2,-0.3259276528856477,1.0540424845165823,2.1251359240839385,0,0,0.7626976284195812,-0.4262300150429028,1.1914379855160335,0.0,-0.9320143892374164,-0.5502079870438897,2.4833959938131165,0.3380961637724818,-0.8177339465973219,-0.6154915796172451,-0.0582848907973714,-0.5952272282818631,1,2,2,True,0.00011360345279585007,0.1819618309440036,0.8179245656032006
1.3223652142096962,2,0.016149580244313,-1.010909342912418,0.0850492518807105,1,0.0,1.0836050702160125,0.2546249253678617,1,-1.4708396768463317,0.3796721288811475,1.7496101475022634,3,0.2462002046576992,2,1.8859751116587913,1.1342913587168146,0.523315742874663,0,0,-0.3305890744344257,-0.4262300150429028,-1.584178240646517,0.0,-0.9320143892374164,1.5068404719089457,-0.6201892226844657,0.3380961637724818,0.161947309717318,0.7649976209279952,-0.6791456840737199,-1.1559347102263289,0,1,1,True,0.14405462475509756,0.8412736705847685,0.014671704660133764
-0.8676718124782865,2,1.406925931547324,-0.7641208792270812,-1.8684257522543597,3,0.0,0.9323969496921066,-0.6605306743650393,1,1.038692652993666,0.3796721288811475,-0.9614863916702532,2,-1.5679065665042955,2,-0.3781974012120581,0.2670132454249861,-0.6780493930322936,0,1,0.7626976284195812,-0.4262300150429028,1.1914379855160335,0.0,-0.9320143892374164,-0.1645114009902331,0.1557070814399298,0.3380961637724818,0.4885077284888646,1.3171933011460917,-0.3687152874355457,0.2458339946348354,0,1,1,True,0.0458410526554134,0.9541422699204759,1.667742411066913e-05
-0.1011588531374925,2,0.5913012977172161,0.4698214391996017,0.0850492518807105,0,0.0,-0.3254552177430217,0.2546249253678617,1,-1.4708396768463317,0.3796721288811475,-0.9614863916702532,1,-0.6608531809232983,1,-0.9263923226841668,1.576011519156973,0.523315742874663,0,0,-0.6039107501479274,-0.4262300150429028,-0.6589728319256667,0.0,0.241988311858558,-0.4216424583593375,-0.6201892226844657,0.3380961637724818,-0.3278933184400019,-0.6154915796172451,-0.6791456840737199,-0.0345197463373974,0,0,1,False,0.28662548465118093,0.7133739091575377,6.061912814216218e-07
-0.6486681098094882,1,0.6384042400964625,-1.010909342912418,0.0850492518807105,1,0.0,0.5086818866855575,1.1697805251007627,0,-0.5851223839616266,0.3796721288811475,-0.9614863916702532,8,-0.6608531809232983,2,-0.8926082170585602,-0.8424168998230602,-0.6780493930322936,0,1,-1.1505541015749308,-0.4262300150429028,-1.584178240646517,0.0,-0.9320143892374164,-1.0644701017820986,-0.6201892226844657,1.754054456494842,-0.6544537372115486,-0.6154915796172451,-0.0582848907973714,-0.5952272282818631,1,2,2,True,0.0002992606672368827,0.047554148893350814,0.9521465904394123
-0.3201625558062908,0,0.4078477326612039,0.8400041347276065,1.0617867539482455,5,0.0,1.4624561853748093,1.1697805251007627,1,0.9402796204509212,-2.432005601372186,-0.9614863916702532,6,-1.5679065665042955,1,-0.8915458237998933,0.0206449854022061,-0.6780493930322936,0,1,2.1293060069870897,2.346151056253851,-0.6589728319256667,0.0,0.241988311858558,-0.8073390444129942,-0.6201892226844657,0.3380961637724818,-0.3278933184400019,-0.6154915796172451,0.2521455058408027,-1.1559347102263289,1,1,1,True,0.001092383841946086,0.7875119549403119,0.21139566121774198
-0.2106607044718917,2,1.0201859835914069,-1.010909342912418,0.0850492518807105,3,0.0,-1.5284736711420084,-0.6605306743650393,1,-1.7660787744745667,-1.0261667362455194,-0.9614863916702532,6,0.2462002046576992,2,-0.77425760804307,1.6815577617565782,-0.6780493930322936,0,0,0.7626976284195812,-0.4262300150429028,-1.584178240646517,0.0,-0.9320143892374164,-0.678773515728442,0.1557070814399298,0.3380961637724818,-0.1646131090542286,-0.063295899399149,-0.6791456840737199,-0.0345197463373974,0,1,1,True,0.0013111942518950488,0.9415345702340169,0.05715423551408819
0.0083429981969065,2,-0.8837645294223412,-1.010909342912418,1.0617867539482455,1,0.0,-0.6478109911676121,-0.6605306743650393,0,-0.043850704976529,0.3796721288811475,-0.0577875452794142,4,-0.6608531809232983,1,-0.0118842056237186,0.1950562864223259,1.324225833479301,0,0,-0.8772324258614291,-0.4262300150429028,-0.6589728319256667,0.0,0.241988311858558,-0.4216424583593375,-0.6201892226844657,-1.0778621289498782,-0.1646131090542286,0.212801940709899,0.5625759024789769,-0.3148734873096303,0,1,1,True,0.0253329493491713,0.9653397791572648,0.009327271493563917
-1.0866755151470848,2,1.238346979874232,1.2101868302556114,0.0850492518807105,4,0.0,0.9872306637282484,1.1697805251007627,1,0.0545623275662159,-1.0261667362455194,-0.9614863916702532,2,-1.5679065665042955,0,-0.5177958754008858,0.2778348974624956,-0.6780493930322936,0,0,-1.1505541015749308,-0.4262300150429028,-1.584178240646517,0.0,1.4159910129545328,-0.5502079870438897,0.1557070814399298,0.3380961637724818,-0.0013328996684553,0.7649976209279952,-0.6791456840737199,0.8065414765793012,0,1,1,True,0.018951252546252503,0.9810417853631771,6.962090570468742e-06
-0.9771736638126856,2,0.9383756099853472,-1.010909342912418,0.0850492518807105,1,0.0,1.28632364937993,0.2546249253678617,1,0.7926600716368035,0.3796721288811475,-0.9614863916702532,6,1.153253590238697,1,-0.947427709205771,-1.2342450281422337,-0.6780493930322936,0,0,-1.1505541015749308,-0.4262300150429028,0.2662325767951835,0.0,0.241988311858558,-0.8073390444129942,2.4833959938131165,1.754054456494842,-0.3278933184400019,-0.339393739508197,-0.6791456840737199,-0.3148734873096303,0,1,1,True,0.00846107476681475,0.8926347381517328,0.09890418708145243
0.5558522548689022,2,1.4713825895399772,-0.3939381836990763,0.0850492518807105,3,0.0,1.4724259515631988,0.2546249253678617,1,0.841866587908176,0.3796721288811475,0.8459113011114247,5,-1.5679065665042955,1,1.4544309699883058,0.0743316227830972,2.5255909693862573,0,0,-0.6039107501479274,-0.4262300150429028,-0.6589728319256667,0.0,0.241988311858558,0.8640128284861845,0.1557070814399298,1.754054456494842,0.9783483566461848,0.7649976209279952,0.8730062991171511,0.8065414765793012,0,1,1,True,0.019797929732115905,0.765662108380966,0.21453996188691807
-0.2106607044718917,2,1.03258149474384,1.0867925984129432,0.0850492518807105,3,0.0,-0.0828575738255465,0.2546249253678617,0,0.9894861367222936,0.3796721288811475,-0.0577875452794142,7,0.2462002046576992,1,-0.4041197967235299,-1.1431745019044917,-0.6780493930322936,0,0,0.2160542769925777,-0.4262300150429028,-0.6589728319256667,0.0,-0.9320143892374164,-0.8073390444129942,0.1557070814399298,0.3380961637724818,-0.3278933184400019,-0.6154915796172451,-0.3687152874355457,-1.1559347102263289,0,2,2,True,0.00017634115305715083,0.10153380722338103,0.8982898516235618
-1.8531884744878788,2,-0.3681112654811178,1.456975293940948,0.0850492518807105,2,0.0,0.334210978388743,0.2546249253678617,1,-1.1263940629467242,1.7855109940078144,-0.9614863916702532,8,1.153253590238697,2,-0.812716244006811,-1.3018452181427795,-0.6780493930322936,0,0,0.4893759527060795,-0.4262300150429028,1.1914379855160335,0.0,-0.9320143892374164,-1.193035630466651,-0.6201892226844657,0.3380961637724818,-0.8177339465973219,-0.8915894197262932,-0.0582848907973714,-0.5952272282818631,0,2,2,True,0.0004869617069122387,0.1311374466678744,0.8683755916252134
1.103361511540898,2,1.6845853813618292,-0.5173324155417446,2.038524256015781,1,0.0,-0.960196998403813,1.1697805251007627,1,-1.1756005792180968,0.3796721288811475,2.6533089938931025,5,0.2462002046576992,1,2.5066252533719813,0.2897808769844217,0.523315742874663,0,0,-1.1505541015749308,-0.4262300150429028,-0.6589728319256667,0.0,0.241988311858558,1.2497094145398413,-0.6201892226844657,0.3380961637724818,-0.6544537372115486,-0.6154915796172451,-0.3687152874355457,-0.8755809692540959,0,1,2,False,0.004974773784469021,0.2373558677073743,0.7576693585081566
-1.0866755151470848,2,-0.4573589457786372,-0.6407266473844129,0.0850492518807105,1,0.0,-0.1526459371442722,-0.6605306743650393,0,0.4974209740085685,0.3796721288811475,-0.9614863916702532,6,0.2462002046576992,2,-0.8892085586308262,0.491176037630539,-0.6780493930322936,0,0,1.036019304133083,-0.4262300150429028,0.2662325767951835,0.0,-0.9320143892374164,-1.3216011591512031,-0.6201892226844657,0.3380961637724818,-0.9810141559830952,-0.8915894197262932,-0.6791456840737199,-1.1559347102263289,0,1,1,True,0.008288724045058923,0.8202374113443419,0.1714738646105993
-1.0866755151470848,1,0.8144204984610147,0.7166099028849382,0.0850492518807105,1,0.0,1.4042992159425378,1.1697805251007627,0,0.5466274902799411,-1.0261667362455194,-0.9614863916702532,6,-1.5679065665042955,1,-0.3673609899736559,1.339481124622838,-1.0785044383346123,0,0,1.036019304133083,-0.4262300150429028,1.1914379855160335,0.0,0.241988311858558,-0.4216424583593375,-0.6201892226844657,-1.0778621289498782,-0.0013328996684553,0.4888997808189471,1.4938670923934996,-0.3148734873096303,0,1,1,True,0.004594426445794463,0.7833904979474374,0.21201507560676808
0.2273467008657048,1,0.3533074835904976,1.5803695257836163,0.0850492518807105,3,0.0,0.0301331096428665,1.1697805251007627,0,0.7926600716368035,0.3796721288811475,0.8459113011114247,4,-1.5679065665042955,2,0.930033657510335,-1.2972073672695612,-0.6780493930322936,0,1,-0.6039107501479274,-0.4262300150429028,0.2662325767951835,0.0,-0.9320143892374164,1.2497094145398413,-0.6201892226844657,0.3380961637724818,2.284590031732371,0.4888997808189471,-0.0582848907973714,1.086895217551534,0,1,1,True,0.0282068274182351,0.917060480556976,0.05473269202478893
0.7748559575377005,2,-0.4400052301652307,-0.6407266473844129,0.0850492518807105,3,0.0,-0.2872377806875291,1.1697805251007627,1,-0.7819484490471167,0.3796721288811475,-0.0577875452794142,0,-0.6608531809232983,2,-0.1210982326146737,-1.281185700616625,2.5255909693862573,0,0,-0.8772324258614291,-0.4262300150429028,1.1914379855160335,0.0,-0.9320143892374164,-0.1645114009902331,-0.6201892226844657,-1.0778621289498782,-0.3278933184400019,-0.6154915796172451,-0.0582848907973714,-0.3148734873096303,0,1,1,True,0.30042072155356464,0.6995789265335356,3.5191289978576304e-07
-0.7581699611438873,2,1.3176782512498049,-0.6407266473844129,-0.8916882501868245,3,0.0,-1.50188762797297,0.2546249253678617,0,-0.142263737519274,-1.0261667362455194,-0.0577875452794142,7,-0.6608531809232983,0,-0.2749327764696376,0.7655119438281811,-0.6780493930322936,0,1,-0.8772324258614291,-0.4262300150429028,-0.6589728319256667,0.0,2.5899937140505074,-0.0359458723056809,0.9316033855643254,-1.0778621289498782,0.651787937874638,1.041095461037043,-0.0582848907973714,0.8065414765793012,0,2,2,True,2.0432171865157932e-05,0.18794850471811675,0.8120310631100182
1.3223652142096962,2,-0.8391406892735814,0.8400041347276065,0.0850492518807105,3,0.0,1.0786201871218175,1.1697805251007627,0,0.3990079414658235,0.3796721288811475,-0.9614863916702532,2,-1.5679065665042955,0,-0.8320518013145481,1.4936545309234597,0.523315742874663,0,1,0.2160542769925777,-0.4262300150429028,-0.6589728319256667,0.0,0.241988311858558,0.7354472998016324,-0.6201892226844657,-1.0778621289498782,-0.8177339465973219,-0.6154915796172451,-0.0582848907973714,-0.5952272282818631,0,1,1,True,0.02819337773418554,0.9718005052923552,6.116973459336811e-06
2.1983800248848895,2,-1.4688326558171907,2.4441291486822943,0.0850492518807105,2,0.0,-0.7591400469379603,-1.5756862740979405,1,-0.4867093514188816,-1.0261667362455194,1.7496101475022634,3,1.153253590238697,0,1.618039531823005,1.0946588148911307,0.1228606975723441,0,0,-0.8772324258614291,-0.4262300150429028,0.2662325767951835,0.0,0.241988311858558,2.6639302300699153,0.1557070814399298,-1.0778621289498782,-0.9810141559830952,-1.1676872598353414,-0.6791456840737199,-1.1559347102263289,0,2,1,False,0.019465382976608908,0.9773937458311764,0.0031408711922146027
-1.0866755151470848,2,-0.1846577004251056,1.7037637576262843,-1.8684257522543597,3,0.0,1.3943294497541483,-0.6605306743650393,0,-1.4708396768463317,-1.0261667362455194,-0.0577875452794142,8,0.2462002046576992,1,-0.6295596462126413,-1.0252606569763043,-0.6780493930322936,0,0,1.5826626555600865,2.346151056253851,1.1914379855160335,0.0,0.241988311858558,-0.2930769296747854,1.707499689688721,0.3380961637724818,0.3252275191030913,1.041095461037043,0.8730062991171511,1.086895217551534,0,2,2,True,5.656847041444103e-06,0.01993404825492534,0.9800602948980331
-0.42966440714069,2,-1.4514789402037842,0.0996387436715968,1.0617867539482455,2,0.0,1.4940271116380424,-0.6605306743650393,1,-1.1263940629467242,0.3796721288811475,-0.0577875452794142,7,0.2462002046576992,2,-0.2158637112877592,-0.5485458035836803,-0.6780493930322936,0,0,-0.3305890744344257,-0.4262300150429028,-0.6589728319256667,0.0,-0.9320143892374164,-0.1645114009902331,-0.6201892226844657,-1.0778621289498782,0.4885077284888646,-0.063295899399149,-0.6791456840737199,1.3672489585237668,0,2,2,True,0.002036005245941198,0.2614543237544542,0.7365096709996045
-0.2106607044718917,1,0.1252300783857257,1.0867925984129432,2.038524256015781,1,0.0,-1.5799841297820203,-0.6605306743650393,1,0.251388392651706,0.3796721288811475,0.8459113011114247,7,-1.5679065665042955,1,0.5452348192211919,-0.4612698826058444,-0.6780493930322936,0,0,1.855984331273588,2.346151056253851,1.1914379855160335,0.0,0.241988311858558,-0.2930769296747854,0.1557070814399298,-1.0778621289498782,0.3252275191030913,1.041095461037043,-0.3687152874355457,1.086895217551534,0,2,2,True,4.352901789988022e-05,0.03221147458660423,0.9677449963954959
-1.196177366481484,2,1.6027750077557696,0.8400041347276065,1.0617867539482455,3,0.0,-1.0482632664012528,-1.5756862740979405,1,-1.0279810304039791,0.3796721288811475,-0.9614863916702532,2,-0.6608531809232983,0,-0.8775222327854906,-0.0187064765523736,-0.2775943477299747,0,1,-0.6039107501479274,-0.4262300150429028,1.1914379855160335,0.0,0.241988311858558,-0.8073390444129942,-0.6201892226844657,0.3380961637724818,-0.6544537372115486,-0.6154915796172451,-0.6791456840737199,-0.5952272282818631,1,1,1,True,0.05181261285075098,0.9481804805152092,6.906634039912759e-06
0.2273467008657048,0,-1.729138390018289,-0.0237554881710714,0.0850492518807105,1,0.0,1.6568666260484024,1.1697805251007627,1,1.038692652993666,0.3796721288811475,2.6533089938931025,3,1.153253590238697,2,2.746938608482429,0.1389804531370497,-0.2775943477299747,0,0,-0.6039107501479274,-0.4262300150429028,0.2662325767951835,0.0,-0.9320143892374164,1.2497094145398413,0.1557070814399298,-1.0778621289498782,-0.1646131090542286,-1.1676872598353414,-0.3687152874355457,-0.3148734873096303,0,1,1,True,0.12909569164140242,0.7986636679924327,0.07224064036616483
-0.6486681098094882,2,0.0632525226235594,-0.8875151110697495,-1.8684257522543597,1,0.0,-0.6993214498076239,-0.6605306743650393,1,0.5466274902799411,0.3796721288811475,-0.0577875452794142,7,1.153253590238697,2,0.016800412360287,-0.8386222945631543,0.523315742874663,0,1,-0.6039107501479274,-0.4262300150429028,0.2662325767951835,0.0,-0.9320143892374164,-0.1645114009902331,-0.6201892226844657,1.754054456494842,-0.1646131090542286,0.212801940709899,-0.6791456840737199,0.2458339946348354,0,2,2,True,0.0017938393904049,0.2370876763454614,0.7611184842641338
-0.2106607044718917,2,0.0359823980882062,-1.010909342912418,0.0850492518807105,3,0.0,0.5718237392120236,1.1697805251007627,0,-0.2898832863333916,-1.0261667362455194,-0.0577875452794142,2,1.153253590238697,1,-0.2422110641026977,-0.4872699556829775,-1.0785044383346123,0,0,-0.8772324258614291,-0.4262300150429028,-0.6589728319256667,0.0,0.241988311858558,-0.1645114009902331,-2.171981830933257,0.3380961637724818,0.3252275191030913,0.7649976209279952,-0.6791456840737199,-1.1559347102263289,0,1,1,True,0.07668166730376733,0.923166862988901,0.00015146970733172308
-0.7581699611438873,2,1.1714112196510924,2.320734916839626,-0.8916882501868245,3,0.0,-0.9701667645922024,1.1697805251007627,0,-0.0930572212479015,0.3796721288811475,-0.0577875452794142,6,1.153253590238697,1,-0.154669859588547,-0.3343614178023245,-0.6780493930322936,0,0,-0.6039107501479274,-0.4262300150429028,1.1914379855160335,0.0,1.4159910129545328,-0.0359458723056809,-0.6201892226844657,0.3380961637724818,0.4885077284888646,1.041095461037043,-0.3687152874355457,1.3672489585237668,0,1,1,True,0.0006029122644113779,0.6917964308611032,0.3076006568744854
0.5558522548689022,1,-0.5763558528419964,-0.1471497200137397,0.0850492518807105,1,0.0,-0.3586877717043197,-0.6605306743650393,1,0.0053558112948434,0.3796721288811475,2.6533089938931025,3,1.153253590238697,0,2.53424747809732,0.268699736651611,-0.6780493930322936,0,0,-0.6039107501479274,-0.4262300150429028,-0.6589728319256667,0.0,0.241988311858558,1.6354060005934978,0.9316033855643254,-1.0778621289498782,2.774430659889691,0.7649976209279952,3.666879868860719,1.3672489585237668,0,1,1,True,0.041484470721854835,0.8073178424129042,0.15119768686524093
1.2128633628752972,2,1.074726232662113,-1.010909342912418,1.0617867539482455,1,0.0,-0.5996237879237301,1.1697805251007627,0,-1.2740136117608418,-1.0261667362455194,1.7496101475022634,3,-1.5679065665042955,1,1.890862120648659,0.5177382744498804,1.7246808787816197,0,0,-1.1505541015749308,-0.4262300150429028,-1.584178240646517,0.0,0.241988311858558,1.2497094145398413,0.1557070814399298,-2.4938204216722384,-0.6544537372115486,-0.6154915796172451,-0.6791456840737199,-0.5952272282818631,0,1,1,True,0.0359864626449132,0.955641448299531,0.008372089055555646
-0.3201625558062908,1,-0.6011468751468629,-1.010909342912418,1.0617867539482455,4,0.0,0.6748446564920473,1.1697805251007627,1,1.235518718079156,0.3796721288811475,-0.9614863916702532,6,-1.5679065665042955,0,-0.7451480327555976,0.8391553940574662,0.9237707881769818,0,0,-0.3305890744344257,-0.4262300150429028,0.2662325767951835,0.0,1.4159910129545328,-0.1645114009902331,-0.6201892226844657,0.3380961637724818,-0.4911735278257753,-0.339393739508197,-0.3687152874355457,-0.3148734873096303,0,1,1,True,0.002293430351598734,0.9347159868934796,0.06299058275492168
0.8843578088720997,2,-1.3647103621367511,-1.010909342912418,0.0850492518807105,4,0.0,-1.1446376728890169,0.2546249253678617,1,0.2021818763803334,1.7855109940078144,2.6533089938931025,3,1.153253590238697,1,2.6982809972354858,0.232861798085833,-1.0785044383346123,0,0,-1.1505541015749308,-0.4262300150429028,0.2662325767951835,0.0,0.241988311858558,1.76397152927805,-0.6201892226844657,0.3380961637724818,2.774430659889691,-1.1676872598353414,-0.3687152874355457,0.8065414765793012,0,1,1,True,0.10374732517402167,0.7621975884078936,0.1340550864180846
0.6653541062033014,2,-0.5664394439200499,0.2230329755142651,0.0850492518807105,1,0.0,1.5721236134470926,-1.5756862740979405,1,-1.7660787744745667,0.3796721288811475,0.8459113011114247,0,0.2462002046576992,1,0.2139806011688594,0.3597702628893529,-0.6780493930322936,0,0,0.4893759527060795,-0.4262300150429028,-0.6589728319256667,0.0,0.241988311858558,-0.1645114009902331,-1.3960855268088614,0.3380961637724818,0.4885077284888646,1.3171933011460917,-0.6791456840737199,1.3672489585237668,0,1,1,True,0.3618744783781413,0.638123679494634,1.8421272248145738e-06
2.3078818762192883,2,-1.2729835796087454,-0.8875151110697495,0.0850492518807105,5,0.0,-0.0795343184294167,1.1697805251007627,1,-0.7327419327757442,0.3796721288811475,-0.9614863916702532,6,0.2462002046576992,2,-0.8549994957017527,1.6743901740434226,0.523315742874663,0,0,2.4026276827005915,2.346151056253851,-1.584178240646517,0.0,-0.9320143892374164,-0.5502079870438897,0.9316033855643254,0.3380961637724818,-0.9810141559830952,-1.1676872598353414,-0.6791456840737199,-1.1559347102263289,1,1,1,True,0.001255360306435308,0.8279812285127544,0.1707634111808103
0.5558522548689022,2,0.130188282846699,0.3464272073569334,0.0850492518807105,3,0.0,1.2348131907399182,-0.6605306743650393,1,-0.4375028351475091,0.3796721288811475,-0.9614863916702532,2,-0.6608531809232983,0,-0.794018122654274,-0.7534544876185995,2.1251359240839385,0,0,1.855984331273588,2.346151056253851,-0.6589728319256667,0.0,2.5899937140505074,-0.5502079870438897,2.4833959938131165,-1.0778621289498782,-0.3278933184400019,-0.339393739508197,-0.6791456840737199,-0.0345197463373974,0,1,1,True,0.01459104753454264,0.9853957277522136,1.3224713243856059e-05
-0.7581699611438873,2,-0.9035973472662344,1.0867925984129432,0.0850492518807105,1,0.0,-1.3805888060142324,-1.5756862740979405,0,0.448214457737196,0.3796721288811475,-0.9614863916702532,6,0.2462002046576992,2,-0.8224902619865463,1.3487568263692746,-0.6780493930322936,0,0,-0.3305890744344257,-0.4262300150429028,0.2662325767951835,0.0,-0.9320143892374164,-0.8073390444129942,0.9316033855643254,-1.0778621289498782,-0.3278933184400019,-0.063295899399149,-0.6791456840737199,-0.0345197463373974,0,1,1,True,0.0020768889661701134,0.865141080334572,0.13278203069925806
-0.9771736638126856,2,1.6920226880532891,0.3464272073569334,-1.8684257522543597,1,0.0,0.2494679657874332,0.2546249253678617,0,0.645040522822686,0.3796721288811475,-0.9614863916702532,2,1.153253590238697,1,-0.8473502642393512,1.2145402329170472,-0.6780493930322936,0,1,-1.1505541015749308,-0.4262300150429028,1.1914379855160335,0.0,-0.9320143892374164,-1.3216011591512031,0.9316033855643254,-1.0778621289498782,-0.9810141559830952,-0.8915894197262932,-0.6791456840737199,-1.1559347102263289,1,1,1,True,0.07411666192790878,0.925853685015867,2.9653056224294228e-05
-1.4151810691502822,0,0.0682107270845327,0.4698214391996017,-0.8916882501868245,1,0.0,0.7811888291682008,1.1697805251007627,0,0.5958340065513135,0.3796721288811475,-0.9614863916702532,8,-0.6608531809232983,1,-0.9497649743748382,-1.0133146774543782,-0.6780493930322936,0,0,-0.6039107501479274,-0.4262300150429028,0.2662325767951835,0.0,0.241988311858558,-1.3216011591512031,-0.6201892226844657,0.3380961637724818,-0.9810141559830952,-1.1676872598353414,-0.6791456840737199,-1.1559347102263289,0,2,2,True,0.0001801887747455776,0.04897653992778595,0.9508432712974684
-0.42966440714069,2,-0.494545479235937,-0.0237554881710714,1.0617867539482455,2,0.0,0.219558667222265,-1.5756862740979405,0,0.5466274902799411,0.3796721288811475,-0.0577875452794142,7,-1.5679065665042955,2,0.3656903585064896,0.5722681574440839,-1.0785044383346123,0,1,0.4893759527060795,-0.4262300150429028,-1.584178240646517,0.0,-0.9320143892374164,-0.678773515728442,0.1557070814399298,0.3380961637724818,-0.3278933184400019,-0.6154915796172451,-0.6791456840737199,-0.3148734873096303,1,2,2,True,0.00037608782278723374,0.07189582677559613,0.9277280854016167
0.5558522548689022,1,1.1614948107291458,-0.8875151110697495,-1.8684257522543597,3,0.0,-0.2490203436320364,-0.6605306743650393,1,-1.5200461931177045,0.3796721288811475,-0.9614863916702532,6,1.153253590238697,2,-0.8473502642393512,-0.7371517390945592,0.9237707881769818,0,1,-0.3305890744344257,-0.4262300150429028,1.1914379855160335,0.0,-0.9320143892374164,-0.4216424583593375,-0.6201892226844657,0.3380961637724818,-0.8177339465973219,-0.8915894197262932,-0.0582848907973714,-0.5952272282818631,0,1,1,True,0.0037782326896913547,0.9495130128270648,0.04670875448324389
-0.5391662584750891,0,0.1475419984601055,-0.8875151110697495,-1.8684257522543597,1,0.0,0.2743923812584067,0.2546249253678617,0,0.4974209740085685,0.3796721288811475,-0.9614863916702532,8,-1.5679065665042955,0,-0.7810569248985381,0.0890884210160646,-0.6780493930322936,0,0,-0.8772324258614291,-0.4262300150429028,0.2662325767951835,0.0,2.5899937140505074,-1.3216011591512031,0.1557070814399298,0.3380961637724818,-0.9810141559830952,-1.1676872598353414,-0.6791456840737199,-1.1559347102263289,0,2,2,True,5.332831624897636e-05,0.0324997905970228,0.9674468810867283
-1.3056792178158831,2,0.0186286824747997,-0.1471497200137397,0.0850492518807105,1,0.0,-0.5281737969069393,1.1697805251007627,1,-0.4375028351475091,1.7855109940078144,-0.0577875452794142,7,-0.6608531809232983,1,-0.351000133790186,0.1918238449046283,-1.0785044383346123,0,0,1.855984331273588,2.346151056253851,0.2662325767951835,0.0,0.241988311858558,-0.9359045730975464,0.9316033855643254,0.3380961637724818,-0.6544537372115486,-0.6154915796172451,-0.3687152874355457,-0.5952272282818631,0,2,2,True,0.00039043907789898806,0.13126836829497918,0.8683411926271217
0.0083429981969065,2,-1.2705044773782588,1.456975293940948,0.0850492518807105,1,0.0,-1.2592899840554947,-0.6605306743650393,1,-0.043850704976529,1.7855109940078144,-0.9614863916702532,6,-1.5679065665042955,1,-0.6244601585710403,1.2176321334991926,-0.6780493930322936,0,1,-0.8772324258614291,-0.4262300150429028,-1.584178240646517,0.0,0.241988311858558,-0.4216424583593375,0.1557070814399298,-1.0778621289498782,0.161947309717318,0.7649976209279952,-0.3687152874355457,0.8065414765793012,0,1,1,True,0.003137648108301003,0.9230696251659397,0.07379272672575926
0.5558522548689022,1,-0.6135423862992962,2.0739464531542895,0.0850492518807105,2,0.0,-1.0316469894206035,0.2546249253678617,0,0.5466274902799411,0.3796721288811475,1.7496101475022634,7,-0.6608531809232983,1,1.4920396913451133,0.0774235233652427,0.9237707881769818,0,0,-0.3305890744344257,-0.4262300150429028,1.1914379855160335,0.0,0.241988311858558,1.5068404719089457,-0.6201892226844657,1.754054456494842,2.1213098223465976,-0.063295899399149,0.5625759024789769,1.086895217551534,0,2,2,True,3.07617377180722e-05,0.004604184531767176,0.9953650537305148
1.6508707682128936,2,1.2953663311754249,0.2230329755142651,1.0617867539482455,1,0.0,-0.3520412609120601,1.1697805251007627,0,0.7926600716368035,0.3796721288811475,-0.0577875452794142,2,0.2462002046576992,1,-0.7126387990403912,1.055166812000999,2.1251359240839385,0,0,1.3093409798465847,2.346151056253851,-0.6589728319256667,0.0,0.241988311858558,-0.2930769296747854,0.1557070814399298,0.3380961637724818,-0.3278933184400019,-0.6154915796172451,-0.3687152874355457,-0.0345197463373974,0,1,1,True,0.03730619361791583,0.9625979988296041,9.580755248004819e-05
1.103361511540898,2,-1.488665473661084,-0.8875151110697495,-0.8916882501868245,4,0.0,-0.3404098670256058,0.2546249253678617,0,-1.6184592256604493,0.3796721288811475,1.7496101475022634,3,1.153253590238697,1,2.177708300488716,-0.1870745173437543,-0.6780493930322936,0,1,-1.1505541015749308,-0.4262300150429028,0.2662325767951835,0.0,0.241988311858558,1.8925370579626024,0.1557070814399298,-1.0778621289498782,3.1009910786612376,2.6976825016913315,0.2521455058408027,-1.1559347102263289,0,1,1,True,0.027556220750777367,0.8745483036531033,0.09789547559611922
-0.2106607044718917,0,0.7301310226244685,0.2230329755142651,-0.8916882501868245,3,0.0,-1.5866306405742798,0.2546249253678617,1,0.645040522822686,-1.0261667362455194,0.8459113011114247,0,-1.5679065665042955,1,0.7184049203838929,-0.8448060957274455,-0.2775943477299747,0,1,-0.6039107501479274,-0.4262300150429028,0.2662325767951835,0.0,0.241988311858558,-0.1645114009902331,0.1557070814399298,0.3380961637724818,-0.4911735278257753,-1.1676872598353414,-0.0582848907973714,-0.3148734873096303,0,1,1,True,0.06467949479248152,0.9353181891898138,2.3160177048211724e-06
-1.3056792178158831,2,0.4326387549660704,-0.8875151110697495,-1.8684257522543597,4,0.0,1.6070177951064557,1.1697805251007627,1,-0.4375028351475091,0.3796721288811475,-0.9614863916702532,2,0.2462002046576992,0,-0.5367064754051563,-0.9859091950217244,1.324225833479301,0,1,1.036019304133083,-0.4262300150429028,0.2662325767951835,0.0,0.241988311858558,-0.5502079870438897,-0.6201892226844657,-1.0778621289498782,-0.8177339465973219,-0.6154915796172451,-0.6791456840737199,-0.5952272282818631,0,1,1,True,0.056229303709906524,0.9437665278721193,4.168417974194133e-06
-0.9771736638126856,1,-0.0284742599044466,-1.010909342912418,1.0617867539482455,3,0.0,0.433908640272637,1.1697805251007627,1,-1.0771875466753518,0.3796721288811475,-0.9614863916702532,2,0.2462002046576992,2,-0.9240550575150998,-1.0499958616334688,-1.0785044383346123,0,1,-1.1505541015749308,-0.4262300150429028,0.2662325767951835,0.0,-0.9320143892374164,-0.8073390444129942,-0.6201892226844657,-1.0778621289498782,-0.4911735278257753,-0.6154915796172451,-0.6791456840737199,-0.5952272282818631,0,1,1,True,0.05536721009770684,0.9446249428239188,7.847078374446645e-06
-0.1011588531374925,2,-0.6755199420614625,-0.7641208792270812,-1.8684257522543597,1,0.0,-0.0961505954100657,0.2546249253678617,1,-0.7327419327757442,-1.0261667362455194,0.8459113011114247,7,1.153253590238697,1,0.8121080057983115,-1.2360720603044104,-0.6780493930322936,0,1,-1.1505541015749308,-0.4262300150429028,-1.584178240646517,0.0,0.241988311858558,0.6068817711170802,2.4833959938131165,0.3380961637724818,1.4681889848035046,0.7649976209279952,0.2521455058408027,0.8065414765793012,1,2,2,True,0.0001073182263392283,0.02304631683719301,0.9768463649364678
0.1178448495313057,2,-0.2838217896445716,1.7037637576262843,1.0617867539482455,1,0.0,-1.0499248940993176,1.1697805251007627,1,0.7926600716368035,0.3796721288811475,-0.0577875452794142,0,1.153253590238697,0,-0.1610442191405482,0.6445061983178482,2.5255909693862573,0,0,-0.3305890744344257,-0.4262300150429028,-0.6589728319256667,0.0,0.241988311858558,-0.1645114009902331,-0.6201892226844657,0.3380961637724818,-0.8177339465973219,-0.6154915796172451,-0.3687152874355457,-0.5952272282818631,0,1,1,True,0.2456188918575392,0.7543808775123729,2.3063008790430698e-07
-0.6486681098094882,2,-0.1524293714287791,-0.8875151110697495,1.0617867539482455,1,0.0,1.156716688930868,-0.6605306743650393,1,0.1529753601089609,0.3796721288811475,-0.9614863916702532,2,0.2462002046576992,1,-0.642945801271844,0.5326356136183998,-0.6780493930322936,0,0,-0.3305890744344257,-0.4262300150429028,1.1914379855160335,0.0,0.241988311858558,-0.678773515728442,-0.6201892226844657,1.754054456494842,-0.3278933184400019,-0.6154915796172451,-0.6791456840737199,-0.3148734873096303,0,1,1,True,0.30656744913077666,0.6934221355263048,1.0415342918603077e-05
0.3368485522001039,0,0.7226937159330086,2.320734916839626,0.0850492518807105,4,0.0,-0.6810435451289101,0.2546249253678617,1,-0.3882963188761366,-2.432005601372186,0.8459113011114247,7,-1.5679065665042955,0,0.9410825474004704,-0.4132048826470362,0.1228606975723441,0,0,-0.0572673987209239,-0.4262300150429028,0.2662325767951835,0.0,0.241988311858558,1.121143885855289,-0.6201892226844657,0.3380961637724818,-0.9810141559830952,-1.1676872598353414,-0.6791456840737199,-0.8755809692540959,0,2,2,True,0.00014283119271714766,0.15120495653074378,0.8486522122765391
-0.1011588531374925,2,1.1490992995767126,0.0996387436715968,1.0617867539482455,5,0.0,1.4209154929231869,-0.6605306743650393,0,-0.142263737519274,-1.0261667362455194,-0.0577875452794142,7,0.2462002046576992,1,-0.1763426820653513,-1.159898873235188,-0.6780493930322936,0,1,-0.6039107501479274,-0.4262300150429028,-1.584178240646517,0.0,0.241988311858558,-0.1645114009902331,0.9316033855643254,0.3380961637724818,0.4885077284888646,1.3171933011460917,-0.3687152874355457,0.8065414765793012,0,2,2,True,5.699002564794404e-05,0.2281032864707698,0.7718397235035823
-1.3056792178158831,2,0.1971240430698386,1.2101868302556114,-1.8684257522543597,3,0.0,0.5535458345333096,1.1697805251007627,1,0.0545623275662159,0.3796721288811475,-0.9614863916702532,2,1.153253590238697,1,-0.6021499001390359,-0.7361679525456948,0.1228606975723441,0,0,-1.1505541015749308,-0.4262300150429028,0.2662325767951835,0.0,2.5899937140505074,-0.5502079870438897,2.4833959938131165,-1.0778621289498782,-0.6544537372115486,-0.6154915796172451,-0.3687152874355457,-0.5952272282818631,0,1,1,True,0.008728100595749352,0.9912592118696159,1.2687534634944986e-05
-1.3056792178158831,0,-0.3160501186408981,-0.5173324155417446,-0.8916882501868245,1,0.0,-1.0898039588528752,-0.6605306743650393,1,0.9402796204509212,1.7855109940078144,-0.0577875452794142,0,-1.5679065665042955,0,-0.5318194664152885,0.5721276165085317,-0.6780493930322936,0,0,-0.8772324258614291,-0.4262300150429028,1.1914379855160335,0.0,1.4159910129545328,-0.678773515728442,-0.6201892226844657,0.3380961637724818,-0.1646131090542286,-0.339393739508197,-0.3687152874355457,0.2458339946348354,0,1,1,True,0.16551750950545682,0.8344817679856431,7.225089000770409e-07
-0.8676718124782865,2,0.5144491285721299,-1.010909342912418,0.0850492518807105,1,0.0,0.3724284154442357,-1.5756862740979405,0,1.5307578157073911,0.3796721288811475,-0.9614863916702532,6,1.153253590238697,0,-0.5828143428312987,-1.2248287854602449,-0.6780493930322936,0,0,-0.0572673987209239,-0.4262300150429028,-1.584178240646517,0.0,2.5899937140505074,-1.0644701017820986,1.707499689688721,0.3380961637724818,-0.6544537372115486,-0.6154915796172451,-0.3687152874355457,-0.5952272282818631,0,1,1,True,0.0020703875868504323,0.8038621094992743,0.19406750291387528
1.103361511540898,1,0.7202146137025219,-0.0237554881710714,0.0850492518807105,1,0.0,1.1484085504405437,0.2546249253678617,1,0.7926600716368035,-2.432005601372186,1.7496101475022634,7,0.2462002046576992,1,1.366889765474155,1.3844542239995006,1.7246808787816197,0,0,-1.1505541015749308,-0.4262300150429028,0.2662325767951835,0.0,-0.9320143892374164,1.76397152927805,0.1557070814399298,-2.4938204216722384,2.6111504505039176,0.212801940709899,3.666879868860719,1.6476026994959998,1,2,2,True,2.4413032298135285e-05,0.0034536743092967526,0.9965219126584051
-1.3056792178158831,2,0.3880149148173107,2.320734916839626,0.0850492518807105,1,0.0,-1.3988667106929462,-1.5756862740979405,1,-1.2248070954894692,-1.0261667362455194,-0.0577875452794142,7,0.2462002046576992,1,0.4538689989758404,1.47875719175494,-0.2775943477299747,0,0,0.7626976284195812,-0.4262300150429028,1.1914379855160335,0.0,-0.9320143892374164,-0.678773515728442,0.1557070814399298,0.3380961637724818,-0.8177339465973219,-0.6154915796172451,-0.0582848907973714,-0.5952272282818631,0,2,2,True,0.001226210657398408,0.28278038524122395,0.7159934041013776
0.1178448495313057,2,0.1153136694637791,1.950552221311621,-0.8916882501868245,1,0.0,-1.0033993185535004,-1.5756862740979405,0,0.743453555365431,-1.0261667362455194,0.8459113011114247,5,-0.6608531809232983,1,1.1809709452074515,1.7418498231084163,0.1228606975723441,0,0,0.4893759527060795,-0.4262300150429028,0.2662325767951835,0.0,0.241988311858558,0.9925783571707368,-0.6201892226844657,0.3380961637724818,0.4885077284888646,1.041095461037043,-0.6791456840737199,-0.8755809692540959,0,1,1,True,0.006427078144025351,0.6130334547058818,0.38053946715009296
0.3368485522001039,2,-0.1301174513543993,0.3464272073569334,0.0850492518807105,1,0.0,1.336172480321877,-0.6605306743650393,0,-0.929567997861234,0.3796721288811475,-0.0577875452794142,0,-1.5679065665042955,0,-0.4366290304387363,-0.5010429673670804,-0.2775943477299747,0,0,-0.8772324258614291,-0.4262300150429028,-0.6589728319256667,0.0,0.241988311858558,0.4783162424325279,0.1557070814399298,0.3380961637724818,-0.0013328996684553,-0.063295899399149,1.4938670923934996,0.8065414765793012,0,1,1,True,0.2865542099218588,0.7134454445975217,3.4548061947699127e-07
-0.8676718124782865,2,-0.5218156037712901,-0.270543951856408,0.0850492518807105,1,0.0,1.4259003760173814,1.1697805251007627,1,-0.3390898026047641,0.3796721288811475,-0.9614863916702532,2,-1.5679065665042955,2,-0.9436030934745704,0.7126685520606025,0.1228606975723441,0,0,-0.3305890744344257,-0.4262300150429028,-0.6589728319256667,0.0,-0.9320143892374164,-0.0359458723056809,-0.6201892226844657,0.3380961637724818,-0.6544537372115486,-0.6154915796172451,-0.3687152874355457,-0.5952272282818631,0,1,1,True,0.2115526442223852,0.7884404506245768,6.905153037886093e-06
1.2128633628752972,2,0.0359823980882062,-0.8875151110697495,-1.8684257522543597,2,0.0,-0.5198656584166149,-0.6605306743650393,1,-0.4867093514188816,1.7855109940078144,-0.0577875452794142,7,-0.6608531809232983,1,0.3435925787262185,0.6020628357811229,0.1228606975723441,0,0,-0.8772324258614291,-0.4262300150429028,1.1914379855160335,0.0,-0.9320143892374164,0.0926196563788712,0.1557070814399298,0.3380961637724818,-0.8177339465973219,-0.6154915796172451,-0.0582848907973714,-0.5952272282818631,0,2,2,True,0.0014794558234359296,0.1955120520381088,0.8030084921384552
-0.6486681098094882,1,-0.5986677729163763,-0.7641208792270812,0.0850492518807105,1,0.0,0.8509771924869266,1.1697805251007627,0,-1.6184592256604493,0.3796721288811475,-0.9614863916702532,6,0.2462002046576992,2,-0.513971259669685,-1.4274888145263307,-0.6780493930322936,0,0,-0.8772324258614291,-0.4262300150429028,-1.584178240646517,0.0,-0.9320143892374164,-0.5502079870438897,-0.6201892226844657,-2.4938204216722384,-0.0013328996684553,-0.6154915796172451,1.4938670923934996,0.8065414765793012,1,1,1,True,0.014454448209499591,0.8146835809620528,0.1708619708284477
1.7603726195472926,2,-0.4846290703139904,-0.8875151110697495,2.038524256015781,5,0.0,0.909134161919198,0.2546249253678617,0,0.5958340065513135,-1.0261667362455194,0.8459113011114247,4,1.153253590238697,1,0.778961336127905,0.0428504532194333,-1.0785044383346123,0,0,0.2160542769925777,-0.4262300150429028,-0.6589728319256667,0.0,0.241988311858558,2.9210612874390196,0.9316033855643254,0.3380961637724818,4.243952544361651,0.7649976209279952,-0.3687152874355457,1.3672489585237668,1,1,1,True,0.01293772168031799,0.874487605408554,0.11257467291112805
-0.2106607044718917,2,1.406925931547324,2.197340684996958,1.0617867539482455,1,0.0,1.1683480828173225,1.1697805251007627,1,-0.8311549653184892,0.3796721288811475,-0.0577875452794142,4,0.2462002046576992,1,0.080756486532033,-1.2876505836520202,-0.2775943477299747,0,0,0.2160542769925777,-0.4262300150429028,-0.6589728319256667,0.0,0.241988311858558,0.7354472998016324,0.1557070814399298,0.3380961637724818,-0.0013328996684553,0.7649976209279952,-0.6791456840737199,0.8065414765793012,0,1,1,True,0.026073406137877127,0.9720217477456418,0.0019048461164813035
-0.2106607044718917,2,1.4689034873094906,-0.0237554881710714,1.0617867539482455,3,0.0,1.6336038382754938,-0.6605306743650393,1,-0.8803614815898617,0.3796721288811475,-0.0577875452794142,6,0.2462002046576992,2,-0.2985179068120422,0.6162574702718819,-0.6780493930322936,0,0,1.036019304133083,-0.4262300150429028,-0.6589728319256667,0.0,-0.9320143892374164,-0.1645114009902331,1.707499689688721,0.3380961637724818,0.4885077284888646,0.7649976209279952,-0.6791456840737199,1.086895217551534,0,1,1,True,0.0012958353203400676,0.7738624489024692,0.22484171577719061
-1.4151810691502822,0,0.7177355114720353,-0.0237554881710714,0.0850492518807105,1,0.0,-0.353702888610125,0.2546249253678617,1,-0.2898832863333916,-1.0261667362455194,-0.9614863916702532,2,-0.6608531809232983,0,-0.8093165855790769,1.7199254371622934,-0.6780493930322936,0,0,-1.1505541015749308,-0.4262300150429028,0.2662325767951835,0.0,2.5899937140505074,-1.3216011591512031,0.9316033855643254,0.3380961637724818,-0.9810141559830952,-1.1676872598353414,-0.6791456840737199,-1.1559347102263289,0,1,1,True,0.028373540919179048,0.9716107588269345,1.570025388647347e-05
1.2128633628752972,2,0.130188282846699,-0.6407266473844129,0.0850492518807105,1,0.0,0.5618539730236342,1.1697805251007627,1,-0.5851223839616266,0.3796721288811475,0.8459113011114247,4,1.153253590238697,2,0.2964223180414091,0.6173817977562985,-0.6780493930322936,0,0,-1.1505541015749308,-0.4262300150429028,0.2662325767951835,0.0,-0.9320143892374164,-0.0359458723056809,-0.6201892226844657,0.3380961637724818,0.4885077284888646,1.3171933011460917,-0.6791456840737199,1.086895217551534,0,1,1,True,0.0360577164134635,0.9349586280113551,0.028983655575181434
-0.5391662584750891,2,0.4326387549660704,-0.8875151110697495,0.0850492518807105,3,0.0,1.073635304027623,1.1697805251007627,1,-1.0279810304039791,0.3796721288811475,-0.0577875452794142,6,-0.6608531809232983,0,-0.2194758483672265,1.5747466507370045,-1.0785044383346123,0,0,-0.6039107501479274,-0.4262300150429028,0.2662325767951835,0.0,1.4159910129545328,-0.1645114009902331,0.9316033855643254,-1.0778621289498782,0.3252275191030913,0.212801940709899,-0.3687152874355457,0.5261877356070683,0,1,1,True,0.0014479062258286191,0.7359895926308645,0.2625625011433069
-0.42966440714069,2,0.3186000523636845,0.59321567104227,0.0850492518807105,3,0.0,-1.2842143995264683,1.1697805251007627,0,0.3005949089230785,0.3796721288811475,-0.9614863916702532,6,-0.6608531809232983,1,-0.7961429091716077,-1.35482915084591,-0.6780493930322936,0,0,-0.6039107501479274,-0.4262300150429028,1.1914379855160335,0.0,0.241988311858558,-0.4216424583593375,1.707499689688721,0.3380961637724818,0.161947309717318,0.7649976209279952,-0.3687152874355457,0.5261877356070683,0,1,1,True,0.001053642298941225,0.8966763816844631,0.10226997601659575
-1.3056792178158831,2,0.2194359631442184,-0.6407266473844129,-0.8916882501868245,1,0.0,-0.8272667825586212,-0.6605306743650393,0,1.629170848250136,-1.0261667362455194,-0.0577875452794142,7,1.153253590238697,2,-0.4283423630211347,-0.3124370318562015,-0.6780493930322936,0,1,-1.1505541015749308,-0.4262300150429028,-0.6589728319256667,0.0,-0.9320143892374164,-0.8073390444129942,0.1557070814399298,0.3380961637724818,-0.3278933184400019,-0.063295899399149,-0.3687152874355457,-0.3148734873096303,0,2,2,True,0.00020408619703337415,0.12558192087292497,0.8742139929300417
-0.8676718124782865,2,-0.3606739587896578,2.197340684996958,0.0850492518807105,3,0.0,-0.3852738148733581,-0.6605306743650393,0,0.0053558112948434,0.3796721288811475,-0.0577875452794142,0,0.2462002046576992,1,-0.4606391180846078,1.5791034197391185,0.523315742874663,0,0,-0.8772324258614291,-0.4262300150429028,-1.584178240646517,0.0,0.241988311858558,-0.0359458723056809,0.1557070814399298,-1.0778621289498782,0.161947309717318,0.7649976209279952,-0.3687152874355457,-0.8755809692540959,0,1,1,True,0.028166436927737157,0.9718326078819449,9.551903178686064e-07
-1.0866755151470848,2,1.2110768553388789,0.2230329755142651,0.0850492518807105,3,0.0,0.563515600721699,0.2546249253678617,0,1.5799643319787635,1.7855109940078144,-0.9614863916702532,8,1.153253590238697,1,-0.843313169856417,-1.094266256332371,2.1251359240839385,0,0,-0.3305890744344257,-0.4262300150429028,-0.6589728319256667,0.0,0.241988311858558,-0.8073390444129942,0.9316033855643254,0.3380961637724818,-0.9810141559830952,-1.1676872598353414,-0.6791456840737199,-1.1559347102263289,0,2,2,True,7.291657876460543e-05,0.09888459496015682,0.9010424884610786
-0.8676718124782865,2,1.4540288739265703,1.456975293940948,1.0617867539482455,1,0.0,-1.6697120254775248,-0.6605306743650393,0,-0.7327419327757442,1.7855109940078144,0.8459113011114247,4,-1.5679065665042955,0,0.738802870950297,-0.5787621047273755,-0.6780493930322936,0,0,-1.1505541015749308,-0.4262300150429028,0.2662325767951835,0.0,0.241988311858558,-0.1645114009902331,-1.3960855268088614,0.3380961637724818,0.4885077284888646,1.3171933011460917,1.804297489031674,1.086895217551534,0,1,1,True,0.02069633445174736,0.9500960291243032,0.02920763642394948
-0.7581699611438873,1,1.2631380021790986,1.7037637576262843,0.0850492518807105,1,0.0,-1.4387457754465038,-1.5756862740979405,1,1.4815512994360187,-2.432005601372186,-0.9614863916702532,6,0.2462002046576992,0,-0.8265273563694804,1.1238913294859614,-0.6780493930322936,0,0,2.675949358414093,2.346151056253851,0.2662325767951835,0.0,2.5899937140505074,-0.1645114009902331,-0.6201892226844657,-1.0778621289498782,0.4885077284888646,0.7649976209279952,-0.6791456840737199,1.3672489585237668,0,1,1,True,0.000571331196069295,0.8990692738001022,0.1003593950038284
-0.8676718124782865,2,0.6929444891671688,-0.0237554881710714,1.0617867539482455,3,0.0,1.1367771565540892,1.1697805251007627,0,-1.1263940629467242,0.3796721288811475,-0.9614863916702532,2,0.2462002046576992,1,-0.7498225630937319,1.5598493115684848,2.5255909693862573,0,0,0.4893759527060795,-0.4262300150429028,0.2662325767951835,0.0,0.241988311858558,-0.2930769296747854,-0.6201892226844657,0.3380961637724818,-0.3278933184400019,-0.339393739508197,-0.3687152874355457,-0.5952272282818631,0,1,1,True,0.05378470467018172,0.946207301404201,7.993925617460759e-06
1.4318670655440953,2,0.0037540690918798,-0.0237554881710714,0.0850492518807105,1,0.0,0.0085319495680229,-1.5756862740979405,1,-0.0930572212479015,0.3796721288811475,-0.9614863916702532,2,1.153253590238697,1,-0.8760348822233569,0.8224310227267697,0.523315742874663,0,0,0.7626976284195812,-0.4262300150429028,-0.6589728319256667,0.0,-0.9320143892374164,-0.4216424583593375,1.707499689688721,0.3380961637724818,-0.9810141559830952,-1.1676872598353414,-0.6791456840737199,-1.1559347102263289,0,1,1,True,0.0746323679524894,0.9253581462090688,9.485838441827199e-06
1.3223652142096962,2,-1.2432343528429055,1.5803695257836163,1.0617867539482455,4,0.0,1.0470492608585846,-1.5756862740979405,0,0.3005949089230785,0.3796721288811475,1.7496101475022634,5,-0.6608531809232983,1,2.1056780375511015,-1.5199647501195932,0.1228606975723441,0,0,0.2160542769925777,-0.4262300150429028,-0.6589728319256667,0.0,1.4159910129545328,2.0211025866471544,-0.6201892226844657,0.3380961637724818,-0.4911735278257753,-0.6154915796172451,-0.3687152874355457,-0.5952272282818631,0,1,2,False,0.0030353078080515663,0.48924920993387255,0.507715482258076
-0.8676718124782865,2,-1.1440702636234394,-1.010909342912418,0.0850492518807105,3,0.0,-0.2141261619726735,-0.6605306743650393,0,-0.8803614815898617,-1.0261667362455194,-0.9614863916702532,8,0.2462002046576992,0,-0.7867938484953392,1.2942269433750713,1.324225833479301,0,1,1.036019304133083,-0.4262300150429028,0.2662325767951835,0.0,2.5899937140505074,-0.8073390444129942,0.1557070814399298,0.3380961637724818,-0.6544537372115486,-0.6154915796172451,-0.6791456840737199,-0.5952272282818631,1,2,2,True,4.206938136708555e-05,0.08828027529496592,0.911677655323667
-1.0866755151470848,2,1.652357052365503,-1.010909342912418,-0.8916882501868245,3,0.0,-0.8771156135005681,1.1697805251007627,1,0.7926600716368035,0.3796721288811475,-0.9614863916702532,2,-0.6608531809232983,0,-0.5709155383342297,0.5014355259258402,-0.6780493930322936,0,0,-1.1505541015749308,-0.4262300150429028,-0.6589728319256667,0.0,0.241988311858558,-0.8073390444129942,-0.6201892226844657,0.3380961637724818,-0.3278933184400019,-0.6154915796172451,-0.6791456840737199,-0.0345197463373974,0,1,1,True,0.0579345943412944,0.9420562449645618,9.16069414378088e-06
-0.8676718124782865,2,0.2318314742966517,1.0867925984129432,-1.8684257522543597,3,0.0,-1.1795318545483795,0.2546249253678617,1,0.9894861367222936,-1.0261667362455194,-0.9614863916702532,6,1.153253590238697,2,-0.8741225743577565,0.0910559941137936,-0.6780493930322936,0,1,-0.6039107501479274,-0.4262300150429028,0.2662325767951835,0.0,-0.9320143892374164,-0.9359045730975464,0.1557070814399298,-1.0778621289498782,-0.4911735278257753,-0.339393739508197,-0.6791456840737199,-0.8755809692540959,1,1,1,True,0.0015257940402967393,0.8531275808489196,0.14534662511078364
-0.6486681098094882,1,-0.2466352561872719,-0.8875151110697495,0.0850492518807105,1,0.0,0.5884400161926726,0.2546249253678617,0,1.1863122018077836,-1.0261667362455194,-0.9614863916702532,8,1.153253590238697,2,-0.7899810282713399,-0.3416695464510322,1.7246808787816197,0,0,-0.3305890744344257,-0.4262300150429028,0.2662325767951835,0.0,-0.9320143892374164,-1.0644701017820986,0.1557070814399298,1.754054456494842,-0.9810141559830952,-1.1676872598353414,-0.6791456840737199,-1.1559347102263289,1,2,2,True,0.00027388904152592656,0.039259622703503506,0.9604664882549705
1.103361511540898,2,-0.5738767506115098,0.59321567104227,0.0850492518807105,3,0.0,0.79448185075272,0.2546249253678617,0,0.5958340065513135,0.3796721288811475,-0.0577875452794142,7,0.2462002046576992,1,-0.4062445832408636,1.3895136976793752,0.1228606975723441,0,1,0.4893759527060795,-0.4262300150429028,0.2662325767951835,0.0,0.241988311858558,-0.0359458723056809,0.9316033855643254,-1.0778621289498782,-0.3278933184400019,-0.063295899399149,-0.3687152874355457,-0.5952272282818631,0,2,2,True,7.119071057514133e-05,0.15426118524084245,0.8456676240485825
-0.3201625558062908,1,0.4599088795014236,1.7037637576262843,0.0850492518807105,0,0.0,-0.7225842375805326,-0.6605306743650393,0,-1.1263940629467242,0.3796721288811475,0.8459113011114247,1,-1.5679065665042955,0,0.7324285113982957,-0.3907183329587048,2.5255909693862573,0,1,-0.0572673987209239,-0.4262300150429028,0.2662325767951835,0.0,2.5899937140505074,-0.0359458723056809,-0.6201892226844657,0.3380961637724818,-0.6544537372115486,-0.6154915796172451,-0.6791456840737199,-0.5952272282818631,1,0,1,False,0.20093433997865112,0.7990326729461524,3.298707519650171e-05
0.3368485522001039,2,0.4623879817319102,-0.6407266473844129,-1.8684257522543597,3,0.0,-1.282552771828403,1.1697805251007627,0,-0.9787745141326066,0.3796721288811475,2.6533089938931025,3,0.2462002046576992,1,2.6623721050925453,-1.098201402527829,-0.6780493930322936,0,0,-0.3305890744344257,-0.4262300150429028,-0.6589728319256667,0.0,0.241988311858558,1.2497094145398413,-0.6201892226844657,0.3380961637724818,2.1213098223465976,1.041095461037043,2.114727885669848,1.3672489585237668,0,1,1,True,0.02711558896264519,0.8202525319189832,0.1526318791183717
-0.5391662584750891,1,1.2780126155620184,0.0996387436715968,1.0617867539482455,2,0.0,1.3760515450754345,1.1697805251007627,1,0.645040522822686,0.3796721288811475,-0.0577875452794142,7,1.153253590238697,2,-0.3941333000920612,1.653027951839508,2.1251359240839385,0,0,-0.6039107501479274,-0.4262300150429028,0.2662325767951835,0.0,-0.9320143892374164,-0.9359045730975464,-0.6201892226844657,1.754054456494842,-1.1442943653688686,-1.1676872598353414,-0.6791456840737199,-1.1559347102263289,0,2,2,True,0.0011302349960570258,0.2237351310345546,0.7751346339693884
0.2273467008657048,2,1.4391542605436507,-0.8875151110697495,0.0850492518807105,1,0.0,-0.1925250018978298,1.1697805251007627,0,-1.1756005792180968,-1.0261667362455194,-0.0577875452794142,1,1.153253590238697,1,-0.2759951697283044,-0.9167630547301056,2.1251359240839385,0,0,-1.1505541015749308,-0.4262300150429028,0.2662325767951835,0.0,1.4159910129545328,0.2211851850634235,-0.6201892226844657,0.3380961637724818,-0.3278933184400019,-0.063295899399149,-0.6791456840737199,-0.0345197463373974,0,0,1,False,0.11859783787592623,0.8813982146390128,3.9474850610632605e-06
-0.42966440714069,1,1.223472366491312,-0.3939381836990763,0.0850492518807105,1,0.0,-0.5530982123779129,0.2546249253678617,1,-1.7660787744745667,0.3796721288811475,-0.0577875452794142,0,1.153253590238697,0,0.2596635112915352,-1.2617910515104394,0.1228606975723441,0,0,2.1293060069870897,2.346151056253851,0.2662325767951835,0.0,0.241988311858558,0.4783162424325279,-0.6201892226844657,-2.4938204216722384,0.9783483566461848,1.8693889813641875,0.5625759024789769,0.8065414765793012,0,1,1,True,0.16390413858333544,0.8360952620252778,5.993913866668597e-07
1.2128633628752972,2,0.7574011471598217,0.7166099028849382,1.0617867539482455,4,0.0,0.9157806727114576,0.2546249253678617,0,-0.043850704976529,0.3796721288811475,-0.9614863916702532,6,-1.5679065665042955,1,-0.8787971046958908,0.3115647219949926,2.1251359240839385,0,0,-0.8772324258614291,-0.4262300150429028,1.1914379855160335,0.0,0.241988311858558,-0.1645114009902331,0.1557070814399298,-1.0778621289498782,0.161947309717318,-0.6154915796172451,1.4938670923934996,0.5261877356070683,0,1,1,True,0.0019296560788074674,0.9062824984461082,0.09178784547508437
-0.9771736638126856,2,-0.1648248825812124,2.0739464531542895,0.0850492518807105,1,0.0,0.6017330377771918,0.2546249253678617,1,-0.8803614815898617,-1.0261667362455194,-0.0577875452794142,7,-1.5679065665042955,1,-0.3779849225603247,1.3940110076170416,-0.6780493930322936,0,0,-1.1505541015749308,-0.4262300150429028,0.2662325767951835,0.0,0.241988311858558,-0.8073390444129942,-2.171981830933257,0.3380961637724818,-0.3278933184400019,-0.339393739508197,-0.6791456840737199,-0.0345197463373974,0,2,2,True,0.002411675903594859,0.2039355054274937,0.7936528186689115
0.3368485522001039,2,1.287929024483965,-0.8875151110697495,1.0617867539482455,1,0.0,1.7000689461980898,0.2546249253678617,1,-0.6835354165043717,-1.0261667362455194,-0.9614863916702532,6,0.2462002046576992,2,-0.7848815406297388,-1.628602893301344,-0.2775943477299747,0,0,-0.3305890744344257,-0.4262300150429028,1.1914379855160335,0.0,-0.9320143892374164,-0.4216424583593375,-0.6201892226844657,0.3380961637724818,-0.8177339465973219,-0.6154915796172451,-0.0582848907973714,-0.5952272282818631,0,1,1,True,0.027636098463633272,0.8986536292915184,0.0737102722448483
-0.5391662584750891,2,0.7102982047805754,-0.270543951856408,-0.8916882501868245,1,0.0,0.4721260773281296,1.1697805251007627,1,0.645040522822686,0.3796721288811475,-0.0577875452794142,2,0.2462002046576992,1,-0.344200816934718,1.199080730006319,-0.6780493930322936,0,0,0.7626976284195812,-0.4262300150429028,-1.584178240646517,0.0,0.241988311858558,-0.1645114009902331,0.1557070814399298,0.3380961637724818,0.4885077284888646,-0.063295899399149,-0.3687152874355457,-0.8755809692540959,1,1,1,True,0.1088407113491604,0.8909607689703707,0.00019851968046889705
0.3368485522001039,0,0.8416906229963679,-0.1471497200137397,-0.8916882501868245,1,0.0,0.8759016079579001,1.1697805251007627,1,0.3005949089230785,0.3796721288811475,-0.0577875452794142,0,1.153253590238697,0,-0.5171584394456856,-0.7690545314648793,0.1228606975723441,0,1,0.7626976284195812,-0.4262300150429028,0.2662325767951835,0.0,-0.9320143892374164,-0.4216424583593375,-0.6201892226844657,0.3380961637724818,-0.8177339465973219,-0.6154915796172451,-0.0582848907973714,-0.5952272282818631,0,1,1,True,0.2834169022290848,0.7165828302048287,2.675660865113332e-07
-1.3056792178158831,2,-0.4474425368566906,0.4698214391996017,-1.8684257522543597,3,0.0,-0.631194714186963,-0.6605306743650393,1,-1.2740136117608418,0.3796721288811475,-0.9614863916702532,8,0.2462002046576992,1,-0.9363788193156356,1.695330773440681,-0.6780493930322936,0,0,-1.1505541015749308,-0.4262300150429028,0.2662325767951835,0.0,-0.9320143892374164,-0.5502079870438897,-1.3960855268088614,0.3380961637724818,-0.0013328996684553,-0.063295899399149,-0.6791456840737199,0.5261877356070683,0,2,2,True,0.00033426257404669884,0.19116129822353906,0.8085044392024142
0.7748559575377005,0,0.442555163888017,-0.5173324155417446,0.0850492518807105,1,0.0,0.7413097644146432,0.2546249253678617,1,1.1863122018077836,-1.0261667362455194,-0.9614863916702532,2,0.2462002046576992,2,-0.7098765765678573,-0.8910440635240767,0.1228606975723441,0,0,-0.3305890744344257,-0.4262300150429028,1.1914379855160335,0.0,-0.9320143892374164,-0.5502079870438897,1.707499689688721,0.3380961637724818,-0.3278933184400019,-0.6154915796172451,-0.6791456840737199,-0.3148734873096303,0,1,1,True,0.09778288682543407,0.9021987909748883,1.8322199677561596e-05
-0.3201625558062908,1,-0.3581948565591712,-0.270543951856408,0.0850492518807105,1,0.0,-1.4586853078232829,-1.5756862740979405,1,0.0053558112948434,-2.432005601372186,-0.0577875452794142,2,0.2462002046576992,2,-0.0911387427202677,1.2049834492995064,-0.6780493930322936,0,1,2.4026276827005915,2.346151056253851,1.1914379855160335,0.0,-0.9320143892374164,-0.2930769296747854,0.1557070814399298,0.3380961637724818,0.3252275191030913,0.7649976209279952,-0.6791456840737199,0.5261877356070683,1,1,1,True,0.0437320434699083,0.9561468751284895,0.00012108140160210947
0.4463504035345031,2,-0.3904231855554976,-1.010909342912418,0.0850492518807105,2,0.0,-0.8156353886721669,-0.6605306743650393,1,-0.8311549653184892,1.7855109940078144,0.8459113011114247,7,-1.5679065665042955,1,0.4013867719976967,0.7382470023310794,-0.6780493930322936,0,0,0.2160542769925777,-0.4262300150429028,0.2662325767951835,0.0,0.241988311858558,-0.1645114009902331,-0.6201892226844657,0.3380961637724818,0.4885077284888646,0.7649976209279952,-0.6791456840737199,0.8065414765793012,0,2,2,True,0.0001263132194325523,0.03871648513420371,0.9611572016463636
-1.5246829204846812,2,-0.9308674718015876,-0.270543951856408,0.0850492518807105,1,0.0,1.1251457626676349,0.2546249253678617,1,1.629170848250136,0.3796721288811475,-0.9614863916702532,8,1.153253590238697,0,-0.8983451406553613,1.516422162482895,-0.6780493930322936,0,1,1.5826626555600865,2.346151056253851,-0.6589728319256667,0.0,0.241988311858558,-1.0644701017820986,-0.6201892226844657,0.3380961637724818,-0.6544537372115486,-0.6154915796172451,-0.6791456840737199,-0.5952272282818631,1,2,2,True,0.00023363734350136694,0.053332670040580524,0.946433692615918
1.979376322216091,1,0.7152564092415487,-0.8875151110697495,-1.8684257522543597,1,0.0,0.1181993776403062,1.1697805251007627,1,-0.043850704976529,0.3796721288811475,0.8459113011114247,4,-0.6608531809232983,1,0.950431608076739,0.2107968712041578,0.1228606975723441,0,0,0.7626976284195812,-0.4262300150429028,-0.6589728319256667,0.0,0.241988311858558,1.5068404719089457,0.9316033855643254,0.3380961637724818,-0.6544537372115486,-0.6154915796172451,-0.3687152874355457,-0.5952272282818631,0,1,1,True,0.019213198286416856,0.9623189640103361,0.018467837703246993
